frame_idx,time_sec,f0_hz,conf,rms,voiced
0,0.000000,,0.500000,0.000000,0
1,0.011610,,0.500000,0.000000,0
2,0.023220,,0.500000,0.000000,0
3,0.034830,,0.500000,0.000000,0
4,0.046440,,0.500000,0.000000,0
5,0.058050,,0.500000,0.000000,0
6,0.069660,,0.500000,0.000000,0
7,0.081270,,0.985858,0.000003,0
8,0.092880,,0.764618,0.000392,0
9,0.104490,,0.386423,0.003430,0
10,0.116100,,1.881180,0.006448,0
11,0.127710,107.666016,3.674881,0.010846,1
12,0.139320,107.666016,4.641321,0.013578,1
13,0.150930,86.132812,3.251173,0.018079,1
14,0.162540,107.666016,6.925388,0.023894,1
15,0.174150,107.666016,7.181917,0.026503,1
16,0.185760,107.666016,6.403980,0.032789,1
17,0.197370,107.666016,7.873052,0.037760,1
18,0.208980,107.666016,8.207069,0.040734,1
19,0.220590,107.666016,8.437534,0.044775,1
20,0.232200,107.666016,10.033262,0.048180,1
21,0.243810,107.666016,8.828525,0.047217,1
22,0.255420,107.666016,8.534858,0.044933,1
23,0.267029,,2.626086,0.048840,0
24,0.278639,,2.139395,0.047133,0
25,0.290249,,2.232545,0.054648,0
26,0.301859,,1.463382,0.064048,0
27,0.313469,107.666016,8.873333,0.063068,1
28,0.325079,129.199219,9.658802,0.061904,1
29,0.336689,129.199219,5.446483,0.057712,1
30,0.348299,86.132812,3.337247,0.046249,1
31,0.359909,107.666016,6.791871,0.041277,1
32,0.371519,107.666016,7.820698,0.042097,1
33,0.383129,,2.827896,0.035225,0
34,0.394739,107.666016,4.293395,0.035074,1
35,0.406349,,1.733461,0.035770,0
36,0.417959,107.666016,4.248289,0.030966,1
37,0.429569,107.666016,6.021136,0.031950,1
38,0.441179,107.666016,6.288953,0.031869,1
39,0.452789,107.666016,6.427675,0.029483,1
40,0.464399,107.666016,7.375209,0.033556,1
41,0.476009,107.666016,7.229249,0.032821,1
42,0.487619,129.199219,4.073649,0.035853,1
43,0.499229,129.199219,3.727084,0.037683,1
44,0.510839,107.666016,7.853681,0.039671,1
45,0.522449,279.931641,12.373307,0.044935,1
46,0.534059,279.931641,13.276880,0.048149,1
47,0.545669,107.666016,7.343898,0.055182,1
48,0.557279,107.666016,7.934511,0.060584,1
49,0.568889,107.666016,7.408363,0.068733,1
50,0.580499,559.863281,29.716425,0.076160,1
51,0.592109,,2.650206,0.079214,0
52,0.603719,107.666016,5.061242,0.081550,1
53,0.615329,538.330078,33.921399,0.081430,1
54,0.626939,559.863281,32.563444,0.080787,1
55,0.638549,559.863281,43.686912,0.080252,1
56,0.650159,559.863281,22.474855,0.080997,1
57,0.661769,107.666016,8.707601,0.079868,1
58,0.673379,107.666016,9.574900,0.078035,1
59,0.684989,107.666016,8.935407,0.076205,1
60,0.696599,107.666016,10.071421,0.069767,1
61,0.708209,107.666016,8.938267,0.065429,1
62,0.719819,107.666016,6.985421,0.058653,1
63,0.731429,129.199219,3.831381,0.050972,1
64,0.743039,258.398438,7.340360,0.051305,1
65,0.754649,,2.539819,0.047258,0
66,0.766259,107.666016,5.076509,0.046296,1
67,0.777868,236.865234,13.121287,0.044980,1
68,0.789478,107.666016,5.616053,0.040990,1
69,0.801088,107.666016,4.646176,0.039983,1
70,0.812698,107.666016,4.408360,0.038583,1
71,0.824308,,2.505614,0.040785,0
72,0.835918,,2.520422,0.039214,0
73,0.847528,,2.586124,0.039701,0
74,0.859138,495.263672,3.874100,0.039264,1
75,0.870748,495.263672,4.955244,0.037359,1
76,0.882358,495.263672,4.320152,0.036341,1
77,0.893968,236.865234,5.756193,0.033646,1
78,0.905578,236.865234,5.313835,0.032439,1
79,0.917188,236.865234,4.166287,0.032437,1
80,0.928798,236.865234,6.259991,0.033978,1
81,0.940408,236.865234,8.617921,0.036766,1
82,0.952018,236.865234,10.778917,0.040087,1
83,0.963628,495.263672,3.632139,0.044533,1
84,0.975238,,0.703848,0.048814,0
85,0.986848,,2.126922,0.053897,0
86,0.998458,,1.171981,0.056675,0
87,1.010068,,2.505973,0.060385,0
88,1.021678,495.263672,3.916614,0.065467,1
89,1.033288,236.865234,24.080861,0.067752,1
90,1.044898,236.865234,19.494744,0.070887,1
91,1.056508,236.865234,15.273727,0.071334,1
92,1.068118,236.865234,14.998853,0.070280,1
93,1.079728,86.132812,3.980888,0.072058,1
94,1.091338,86.132812,6.108436,0.068085,1
95,1.102948,86.132812,4.071482,0.069682,1
96,1.114558,129.199219,5.199390,0.070472,1
97,1.126168,129.199219,7.449984,0.066838,1
98,1.137778,236.865234,17.420373,0.069854,1
99,1.149388,236.865234,17.096408,0.064903,1
100,1.160998,129.199219,9.817791,0.059775,1
101,1.172608,129.199219,8.442989,0.061134,1
102,1.184218,129.199219,5.935700,0.062658,1
103,1.195828,129.199219,8.115531,0.072786,1
104,1.207438,258.398438,38.005839,0.079003,1
105,1.219048,258.398438,40.427528,0.084375,1
106,1.230658,258.398438,34.893877,0.087483,1
107,1.242268,129.199219,11.968828,0.093121,1
108,1.253878,129.199219,12.675016,0.099377,1
109,1.265488,129.199219,13.702576,0.102275,1
110,1.277098,129.199219,12.568758,0.102500,1
111,1.288707,129.199219,13.619107,0.097823,1
112,1.300317,129.199219,10.415828,0.094523,1
113,1.311927,129.199219,5.766517,0.100746,1
114,1.323537,,2.996665,0.115173,0
115,1.335147,86.132812,5.435873,0.123291,1
116,1.346757,86.132812,8.201540,0.130416,1
117,1.358367,86.132812,3.879585,0.124376,1
118,1.369977,473.730469,3.621138,0.111250,1
119,1.381587,107.666016,3.996642,0.097439,1
120,1.393197,215.332031,3.864849,0.081826,1
121,1.404807,107.666016,3.542730,0.078989,1
122,1.416417,107.666016,3.834276,0.074577,1
123,1.428027,,2.551492,0.077748,0
124,1.439637,107.666016,3.312430,0.077533,1
125,1.451247,215.332031,6.806692,0.070873,1
126,1.462857,215.332031,7.352073,0.070819,1
127,1.474467,215.332031,6.380887,0.066775,1
128,1.486077,,0.823815,0.063517,0
129,1.497687,,0.439352,0.062255,0
130,1.509297,,0.494237,0.057689,0
131,1.520907,,1.795392,0.052972,0
132,1.532517,,1.000000,0.054989,0
133,1.544127,,2.423927,0.054303,0
134,1.555737,86.132812,7.114151,0.055886,1
135,1.567347,86.132812,3.624283,0.054618,1
136,1.578957,,1.202501,0.052581,0
137,1.590567,,1.830982,0.054249,0
138,1.602177,,1.446067,0.055661,0
139,1.613787,,1.532462,0.066205,0
140,1.625397,,1.273763,0.073043,0
141,1.637007,,1.580223,0.074655,0
142,1.648617,,1.138812,0.077230,0
143,1.660227,495.263672,4.187900,0.074125,1
144,1.671837,495.263672,3.716358,0.072508,1
145,1.683447,,2.371534,0.075515,0
146,1.695057,86.132812,3.685605,0.077478,1
147,1.706667,495.263672,3.816970,0.079769,1
148,1.718277,495.263672,3.948569,0.080683,1
149,1.729887,495.263672,3.321872,0.079377,1
150,1.741497,,1.304281,0.078180,0
151,1.753107,236.865234,5.312382,0.075296,1
152,1.764717,,2.928550,0.071825,0
153,1.776327,236.865234,3.845584,0.073676,1
154,1.787937,236.865234,5.545720,0.074944,1
155,1.799546,,0.513503,0.073596,0
156,1.811156,,2.043587,0.074861,0
157,1.822766,,1.830778,0.073926,0
158,1.834376,172.265625,3.968830,0.075007,1
159,1.845986,,1.000000,0.077161,0
160,1.857596,107.666016,4.164653,0.075581,1
161,1.869206,107.666016,6.056816,0.076641,1
162,1.880816,107.666016,3.849664,0.070849,1
163,1.892426,,1.662384,0.066491,0
164,1.904036,,0.664748,0.065861,0
165,1.915646,172.265625,5.663512,0.061353,1
166,1.927256,172.265625,7.326730,0.062187,1
167,1.938866,172.265625,7.686649,0.061855,1
168,1.950476,172.265625,7.959121,0.057989,1
169,1.962086,172.265625,6.963601,0.054428,1
170,1.973696,172.265625,4.692670,0.049569,1
171,1.985306,172.265625,6.133313,0.047991,1
172,1.996916,,1.980830,0.049352,0
173,2.008526,279.931641,4.693571,0.050372,1
174,2.020136,,2.001428,0.054918,0
175,2.031746,,2.285984,0.063676,0
176,2.043356,,1.354550,0.068277,0
177,2.054966,,1.563740,0.073145,0
178,2.066576,86.132812,3.735313,0.077795,1
179,2.078186,,2.796802,0.078880,0
180,2.089796,,2.029781,0.081585,0
181,2.101406,,1.344434,0.083638,0
182,2.113016,,2.992965,0.089785,0
183,2.124626,,2.465704,0.092763,0
184,2.136236,,1.630009,0.094140,0
185,2.147846,,2.166054,0.095476,0
186,2.159456,,2.915360,0.091872,0
187,2.171066,,2.897473,0.088179,0
188,2.182676,172.265625,14.079770,0.086333,1
189,2.194286,172.265625,11.901076,0.080941,1
190,2.205896,,1.920878,0.072464,0
191,2.217506,172.265625,4.692261,0.066860,1
192,2.229116,172.265625,3.761310,0.058883,1
193,2.240726,172.265625,4.989335,0.059186,1
194,2.252336,172.265625,9.850566,0.065503,1
195,2.263946,172.265625,14.009166,0.077604,1
196,2.275556,,1.871221,0.090535,0
197,2.287166,279.931641,5.959127,0.099621,1
198,2.298776,86.132812,3.157423,0.107185,1
199,2.310385,172.265625,26.690673,0.108357,1
200,2.321995,279.931641,4.424889,0.108418,1
201,2.333605,172.265625,17.706278,0.106954,1
202,2.345215,172.265625,17.230472,0.105236,1
203,2.356825,,2.108972,0.118075,0
204,2.368435,,1.236959,0.119892,0
205,2.380045,,0.917889,0.118447,0
206,2.391655,129.199219,13.804390,0.116088,1
207,2.403265,129.199219,14.972566,0.096643,1
208,2.414875,107.666016,7.471386,0.086111,1
209,2.426485,,1.800088,0.078372,0
210,2.438095,,1.269287,0.066974,0
211,2.449705,279.931641,3.239204,0.061277,1
212,2.461315,,0.768888,0.053882,0
213,2.472925,,0.844011,0.049854,0
214,2.484535,,1.000000,0.048884,0
215,2.496145,,1.226371,0.047223,0
216,2.507755,,1.203114,0.049471,0
217,2.519365,,1.397203,0.050145,0
218,2.530975,,1.338545,0.048337,0
219,2.542585,,2.646390,0.044899,0
220,2.554195,,2.927955,0.038438,0
221,2.565805,,2.202684,0.034420,0
222,2.577415,732.128906,4.221519,0.032796,1
223,2.589025,732.128906,5.009826,0.032589,1
224,2.600635,86.132812,3.804512,0.035321,1
225,2.612245,732.128906,6.215572,0.035868,1
226,2.623855,732.128906,6.121682,0.038012,1
227,2.635465,366.064453,4.254436,0.039278,1
228,2.647075,366.064453,5.520306,0.040304,1
229,2.658685,366.064453,6.167408,0.045091,1
230,2.670295,86.132812,3.093936,0.045863,1
231,2.681905,,2.425324,0.046374,0
232,2.693515,366.064453,8.699481,0.045908,1
233,2.705125,,0.820259,0.043417,0
234,2.716735,,0.942697,0.043581,0
235,2.728345,,0.575232,0.041353,0
236,2.739955,,0.442254,0.042228,0
237,2.751565,129.199219,7.850999,0.042108,1
238,2.763175,172.265625,9.451067,0.044503,1
239,2.774785,,0.749627,0.044460,0
240,2.786395,,0.620588,0.045895,0
241,2.798005,193.798828,4.092732,0.045953,1
242,2.809615,,0.330819,0.044195,0
243,2.821224,,0.348727,0.046263,0
244,2.832834,,0.860552,0.044792,0
245,2.844444,,0.617555,0.045724,0
246,2.856054,,0.853912,0.045030,0
247,2.867664,,0.382243,0.047197,0
248,2.879274,,0.578292,0.047345,0
249,2.890884,366.064453,6.158596,0.050046,1
250,2.902494,366.064453,3.277739,0.055839,1
251,2.914104,,2.350810,0.061549,0
252,2.925714,86.132812,3.326170,0.063398,1
253,2.937324,,1.805933,0.059142,0
254,2.948934,,1.215097,0.053412,0
255,2.960544,,1.360849,0.043681,0
256,2.972154,,1.485845,0.043272,0
257,2.983764,215.332031,4.816798,0.045142,1
258,2.995374,,0.398439,0.047979,0
259,3.006984,,0.307399,0.047758,0
260,3.018594,,1.344840,0.043769,0
261,3.030204,,2.454291,0.042204,0
262,3.041814,,2.342168,0.038804,0
263,3.053424,,1.789720,0.039510,0
264,3.065034,193.798828,8.921447,0.042563,1
265,3.076644,,2.392952,0.043664,0
266,3.088254,193.798828,8.951546,0.045260,1
267,3.099864,,2.112137,0.047834,0
268,3.111474,,2.825401,0.050597,0
269,3.123084,,2.733167,0.050329,0
270,3.134694,,2.782178,0.048682,0
271,3.146304,193.798828,3.839335,0.050159,1
272,3.157914,,2.700895,0.052462,0
273,3.169524,,0.985668,0.057686,0
274,3.181134,,2.422317,0.058517,0
275,3.192744,107.666016,3.529749,0.056388,1
276,3.204354,,2.188844,0.049248,0
277,3.215964,,1.788282,0.046650,0
278,3.227574,193.798828,5.601117,0.046769,1
279,3.239184,193.798828,6.010650,0.044278,1
280,3.250794,193.798828,5.102259,0.047003,1
281,3.262404,,2.440718,0.043619,0
282,3.274014,,1.722182,0.042609,0
283,3.285624,193.798828,5.399215,0.043520,1
284,3.297234,193.798828,5.727688,0.043668,1
285,3.308844,193.798828,4.969274,0.047131,1
286,3.320454,193.798828,4.321203,0.048888,1
287,3.332063,193.798828,5.379998,0.048778,1
288,3.343673,,1.044508,0.047300,0
289,3.355283,,2.091844,0.044837,0
290,3.366893,,2.493871,0.044475,0
291,3.378503,,2.500822,0.044055,0
292,3.390113,,1.343028,0.051927,0
293,3.401723,,1.036205,0.071725,0
294,3.413333,,0.620291,0.078558,0
295,3.424943,,1.018574,0.092854,0
296,3.436553,,1.144511,0.095885,0
297,3.448163,129.199219,10.756466,0.087637,1
298,3.459773,129.199219,8.804733,0.083365,1
299,3.471383,107.666016,5.176107,0.070929,1
300,3.482993,107.666016,3.507130,0.061159,1
301,3.494603,,1.278697,0.054070,0
302,3.506213,,2.363101,0.051806,0
303,3.517823,,1.004857,0.047763,0
304,3.529433,,1.241052,0.050451,0
305,3.541043,,1.054900,0.047546,0
306,3.552653,193.798828,3.001307,0.046407,1
307,3.564263,,1.923577,0.049796,0
308,3.575873,,1.694898,0.049565,0
309,3.587483,172.265625,3.291081,0.051351,1
310,3.599093,,1.000000,0.052942,0
311,3.610703,732.128906,5.647911,0.056849,1
312,3.622313,,2.304395,0.057558,0
313,3.633923,,2.622633,0.055861,0
314,3.645533,,2.462549,0.053962,0
315,3.657143,,1.855660,0.049297,0
316,3.668753,193.798828,6.451989,0.057598,1
317,3.680363,,0.918786,0.064881,0
318,3.691973,,1.000000,0.071420,0
319,3.703583,,1.204379,0.080718,0
320,3.715193,,1.000000,0.082445,0
321,3.726803,172.265625,3.611897,0.084730,1
322,3.738413,172.265625,6.309887,0.087277,1
323,3.750023,172.265625,4.673864,0.083540,1
324,3.761633,968.994141,6.543509,0.081066,1
325,3.773243,322.998047,8.726060,0.079790,1
326,3.784853,,2.584149,0.073646,0
327,3.796463,,1.602517,0.071847,0
328,3.808073,,1.000000,0.069307,0
329,3.819683,,1.948307,0.068110,0
330,3.831293,882.861328,7.814748,0.069699,1
331,3.842902,,1.928754,0.063718,0
332,3.854512,,0.930197,0.065231,0
333,3.866122,172.265625,3.400183,0.061982,1
334,3.877732,882.861328,6.287666,0.059996,1
335,3.889342,,2.832613,0.064607,0
336,3.900952,968.994141,5.317032,0.060026,1
337,3.912562,968.994141,4.856317,0.059028,1
338,3.924172,861.328125,3.798419,0.057923,1
339,3.935782,,2.533130,0.062744,0
340,3.947392,107.666016,3.175717,0.068461,1
341,3.959002,107.666016,3.762739,0.072310,1
342,3.970612,107.666016,3.156187,0.074524,1
343,3.982222,,1.823251,0.068494,0
344,3.993832,,1.545945,0.063655,0
345,4.005442,,2.734876,0.061071,0
346,4.017052,107.666016,3.315544,0.059967,1
347,4.028662,,2.584597,0.059488,0
348,4.040272,322.998047,3.425481,0.062617,1
349,4.051882,990.527344,5.699141,0.062790,1
350,4.063492,,2.571668,0.061166,0
351,4.075102,,2.000662,0.059014,0
352,4.086712,,2.531068,0.053746,0
353,4.098322,172.265625,3.684459,0.053983,1
354,4.109932,,2.265884,0.054243,0
355,4.121542,,1.153322,0.055478,0
356,4.133152,,2.499160,0.051969,0
357,4.144762,,1.966930,0.051106,0
358,4.156372,,1.571328,0.050417,0
359,4.167982,107.666016,4.397069,0.065539,1
360,4.179592,,1.456143,0.091201,0
361,4.191202,,1.000000,0.096053,0
362,4.202812,,2.094721,0.103294,0
363,4.214422,,2.506637,0.097046,0
364,4.226032,129.199219,11.203355,0.078130,1
365,4.237642,129.199219,9.107479,0.073061,1
366,4.249252,129.199219,9.442755,0.062313,1
367,4.260862,882.861328,6.427131,0.057778,1
368,4.272472,,1.733951,0.055778,0
369,4.284082,,2.630303,0.051074,0
370,4.295692,107.666016,4.032159,0.051016,1
371,4.307302,107.666016,4.655808,0.051011,1
372,4.318912,,2.287618,0.050910,0
373,4.330522,,0.981562,0.052651,0
374,4.342132,,2.364310,0.054377,0
375,4.353741,107.666016,3.561534,0.054227,1
376,4.365351,107.666016,4.158027,0.051373,1
377,4.376961,,1.724772,0.051367,0
378,4.388571,107.666016,5.361990,0.051410,1
379,4.400181,129.199219,4.451080,0.049818,1
380,4.411791,,1.769329,0.047938,0
381,4.423401,,2.270018,0.048296,0
382,4.435011,107.666016,3.933928,0.068159,1
383,4.446621,,1.000000,0.083023,0
384,4.458231,,0.883002,0.096963,0
385,4.469841,107.666016,4.750725,0.102309,1
386,4.481451,107.666016,5.315445,0.093485,1
387,4.493061,107.666016,5.063843,0.084318,1
388,4.504671,107.666016,6.500560,0.074811,1
389,4.516281,107.666016,6.356559,0.067424,1
390,4.527891,107.666016,5.534242,0.062213,1
391,4.539501,,2.417610,0.059795,0
392,4.551111,107.666016,3.693361,0.053044,1
393,4.562721,107.666016,4.104904,0.051923,1
394,4.574331,107.666016,3.057771,0.050199,1
395,4.585941,,2.387439,0.046023,0
396,4.597551,,2.721242,0.045707,0
397,4.609161,,0.690267,0.042519,0
398,4.620771,107.666016,3.244140,0.043251,1
399,4.632381,,2.933607,0.048316,0
400,4.643991,107.666016,4.639584,0.047251,1
401,4.655601,107.666016,3.841648,0.049143,1
402,4.667211,129.199219,5.062991,0.049139,1
403,4.678821,129.199219,7.577820,0.046052,1
404,4.690431,107.666016,3.135095,0.051543,1
405,4.702041,,1.472530,0.053889,0
406,4.713651,,1.887928,0.050406,0
407,4.725261,,2.010644,0.050038,0
408,4.736871,,1.373166,0.043219,0
409,4.748481,,1.618662,0.041176,0
410,4.760091,,1.864029,0.046575,0
411,4.771701,,1.968390,0.047046,0
412,4.783311,,2.724306,0.052471,0
413,4.794921,,1.483723,0.056531,0
414,4.806531,107.666016,5.065794,0.060616,1
415,4.818141,107.666016,3.106944,0.073375,1
416,4.829751,,1.005064,0.076890,0
417,4.841361,,1.337714,0.086362,0
418,4.852971,129.199219,8.245208,0.087107,1
419,4.864580,107.666016,5.938287,0.078331,1
420,4.876190,107.666016,7.077851,0.074948,1
421,4.887800,107.666016,4.025725,0.064264,1
422,4.899410,107.666016,6.994461,0.062479,1
423,4.911020,107.666016,5.734990,0.063990,1
424,4.922630,,2.906275,0.067208,0
425,4.934240,,0.295825,0.089178,0
426,4.945850,,0.329204,0.096665,0
427,4.957460,,1.468608,0.098292,0
428,4.969070,,0.974406,0.106931,0
429,4.980680,,1.000000,0.089811,0
430,4.992290,,0.508779,0.082858,0
431,5.003900,129.199219,6.052543,0.079177,1
432,5.015510,129.199219,5.465336,0.064240,1
433,5.027120,,0.848979,0.059501,0
434,5.038730,,1.001953,0.050543,0
435,5.050340,,0.413066,0.047563,0
436,5.061950,,2.322705,0.043011,0
437,5.073560,,0.298683,0.041399,0
438,5.085170,,0.480891,0.043089,0
439,5.096780,279.931641,3.061819,0.045574,1
440,5.108390,279.931641,3.462509,0.048685,1
441,5.120000,,0.711567,0.051121,0
442,5.131610,,1.000000,0.051575,0
443,5.143220,,1.000000,0.051438,0
444,5.154830,,0.816086,0.048556,0
445,5.166440,322.998047,3.099524,0.049200,1
446,5.178050,,1.000000,0.051509,0
447,5.189660,990.527344,7.468040,0.057452,1
448,5.201270,,2.580062,0.066043,0
449,5.212880,129.199219,5.094221,0.073109,1
450,5.224490,107.666016,3.493968,0.074309,1
451,5.236100,,2.040973,0.072878,0
452,5.247710,,1.033990,0.065644,0
453,5.259320,193.798828,4.144015,0.060700,1
454,5.270930,,1.170441,0.062091,0
455,5.282540,990.527344,11.887080,0.063174,1
456,5.294150,,2.431152,0.065305,0
457,5.305760,322.998047,6.711084,0.064752,1
458,5.317370,990.527344,8.259858,0.064239,1
459,5.328980,,0.153364,0.061600,0
460,5.340590,,0.881390,0.062427,0
461,5.352200,,0.913067,0.058256,0
462,5.363810,,0.449692,0.056295,0
463,5.375420,,0.537494,0.057354,0
464,5.387029,,2.252076,0.055164,0
465,5.398639,,2.035147,0.057608,0
466,5.410249,,2.948423,0.055645,0
467,5.421859,,0.943983,0.053831,0
468,5.433469,129.199219,3.265966,0.057092,1
469,5.445079,,0.845921,0.062029,0
470,5.456689,193.798828,5.941979,0.092888,1
471,5.468299,,0.674907,0.101567,0
472,5.479909,,0.279443,0.109952,0
473,5.491519,,1.732956,0.111159,0
474,5.503129,,2.173907,0.088782,0
475,5.514739,,1.233060,0.080165,0
476,5.526349,,1.332076,0.064878,0
477,5.537959,,2.175857,0.055234,0
478,5.549569,753.662109,3.875837,0.055091,1
479,5.561179,753.662109,3.643792,0.051602,1
480,5.572789,258.398438,4.449237,0.052981,1
481,5.584399,,0.499470,0.055704,0
482,5.596009,,1.099888,0.056518,0
483,5.607619,,1.685518,0.061447,0
484,5.619229,,1.535865,0.063240,0
485,5.630839,,2.896172,0.063370,0
486,5.642449,129.199219,6.302250,0.064176,1
487,5.654059,129.199219,7.113104,0.062577,1
488,5.665669,,2.066888,0.062650,0
489,5.677279,129.199219,8.775532,0.062877,1
490,5.688889,129.199219,5.742037,0.063692,1
491,5.700499,,2.006344,0.062737,0
492,5.712109,,0.708702,0.068043,0
493,5.723719,,0.731045,0.076177,0
494,5.735329,,0.585059,0.076767,0
495,5.746939,,0.830982,0.082095,0
496,5.758549,193.798828,5.079574,0.078465,1
497,5.770159,107.666016,3.362910,0.073362,1
498,5.781769,,2.689770,0.069816,0
499,5.793379,,0.607535,0.065241,0
500,5.804989,,0.580686,0.064195,0
501,5.816599,,2.586781,0.072678,0
502,5.828209,,0.293736,0.086676,0
503,5.839819,,1.546818,0.092296,0
504,5.851429,,2.312640,0.094556,0
505,5.863039,129.199219,7.671126,0.087157,1
506,5.874649,129.199219,10.721317,0.076841,1
507,5.886259,129.199219,8.421883,0.069861,1
508,5.897868,107.666016,3.649079,0.065616,1
509,5.909478,,2.470022,0.063285,0
510,5.921088,,2.211477,0.059850,0
511,5.932698,193.798828,4.973155,0.058329,1
512,5.944308,129.199219,3.976353,0.065611,1
513,5.955918,,1.898532,0.064585,0
514,5.967528,,0.774292,0.071346,0
515,5.979138,,2.975214,0.073267,0
516,5.990748,,2.694704,0.068079,0
517,6.002358,,2.090956,0.067712,0
518,6.013968,150.732422,3.148294,0.061062,1
519,6.025578,,2.333560,0.056534,0
520,6.037188,,2.817591,0.053002,0
521,6.048798,193.798828,3.137330,0.054291,1
522,6.060408,215.332031,5.202372,0.052382,1
523,6.072018,215.332031,6.853957,0.056743,1
524,6.083628,,1.629979,0.057268,0
525,6.095238,215.332031,5.845926,0.062022,1
526,6.106848,215.332031,5.138513,0.062716,1
527,6.118458,,1.099209,0.061363,0
528,6.130068,215.332031,5.940591,0.062526,1
529,6.141678,,1.717830,0.058374,0
530,6.153288,,1.764064,0.066057,0
531,6.164898,,2.292420,0.065763,0
532,6.176508,,2.568848,0.068530,0
533,6.188118,,1.266635,0.071475,0
534,6.199728,,1.476018,0.066190,0
535,6.211338,,1.953803,0.068494,0
536,6.222948,,1.073643,0.067216,0
537,6.234558,,1.810442,0.070139,0
538,6.246168,,1.506871,0.074653,0
539,6.257778,,1.780365,0.073769,0
540,6.269388,,2.459792,0.075174,0
541,6.280998,,1.601621,0.068201,0
542,6.292608,,2.203254,0.060668,0
543,6.304218,150.732422,3.052111,0.055439,1
544,6.315828,,2.649370,0.050084,0
545,6.327438,,2.706335,0.050741,0
546,6.339048,150.732422,3.116452,0.048761,1
547,6.350658,,1.842037,0.052365,0
548,6.362268,,2.489089,0.051999,0
549,6.373878,,2.384130,0.053745,0
550,6.385488,,2.232540,0.054437,0
551,6.397098,,2.307144,0.051583,0
552,6.408707,,2.238006,0.051538,0
553,6.420317,,2.984601,0.050085,0
554,6.431927,,1.904324,0.049961,0
555,6.443537,,2.199562,0.050953,0
556,6.455147,,1.501879,0.051457,0
557,6.466757,,1.346237,0.051224,0
558,6.478367,,2.243206,0.065191,0
559,6.489977,,1.860803,0.080953,0
560,6.501587,107.666016,3.012386,0.083627,1
561,6.513197,107.666016,3.532662,0.087542,1
562,6.524807,129.199219,8.613192,0.081036,1
563,6.536417,129.199219,6.847732,0.069994,1
564,6.548027,107.666016,6.600766,0.069411,1
565,6.559637,129.199219,9.562989,0.063225,1
566,6.571247,107.666016,3.919745,0.058652,1
567,6.582857,,2.437403,0.053077,0
568,6.594467,,2.003255,0.051880,0
569,6.606077,215.332031,5.548979,0.054873,1
570,6.617687,215.332031,5.609899,0.056863,1
571,6.629297,,2.580515,0.056064,0
572,6.640907,215.332031,5.949096,0.055740,1
573,6.652517,215.332031,6.128659,0.053675,1
574,6.664127,,2.417543,0.053076,0
575,6.675737,150.732422,3.065463,0.056356,1
576,6.687347,,1.450289,0.055997,0
577,6.698957,,2.415067,0.057993,0
578,6.710567,215.332031,4.576857,0.057505,1
579,6.722177,,2.135916,0.055809,0
580,6.733787,,2.618559,0.056483,0
581,6.745397,,0.851470,0.054693,0
582,6.757007,,1.459265,0.055295,0
583,6.768617,,1.573886,0.056371,0
584,6.780227,,1.634322,0.054105,0
585,6.791837,,1.388299,0.055436,0
586,6.803447,,1.054792,0.054395,0
587,6.815057,,1.418027,0.054133,0
588,6.826667,,2.475868,0.054122,0
589,6.838277,,1.522361,0.055508,0
590,6.849887,,2.105817,0.056615,0
591,6.861497,,1.457090,0.056945,0
592,6.873107,,2.358882,0.058641,0
593,6.884717,,1.530432,0.055835,0
594,6.896327,,2.803977,0.056723,0
595,6.907937,,1.725907,0.054824,0
596,6.919546,,1.340477,0.052851,0
597,6.931156,,1.967501,0.054401,0
598,6.942766,,2.103650,0.053033,0
599,6.954376,,1.724212,0.051914,0
600,6.965986,,1.662746,0.051466,0
601,6.977596,,1.884889,0.048231,0
602,6.989206,,2.039508,0.050709,0
603,7.000816,,2.701254,0.057765,0
604,7.012426,,2.882123,0.060239,0
605,7.024036,,2.149648,0.065256,0
606,7.035646,,2.813525,0.069962,0
607,7.047256,,1.580622,0.075467,0
608,7.058866,,1.184321,0.085717,0
609,7.070476,,2.032687,0.086141,0
610,7.082086,,1.685719,0.081021,0
611,7.093696,,2.328843,0.071328,0
612,7.105306,215.332031,7.833491,0.055109,1
613,7.116916,,2.620705,0.048967,0
614,7.128526,215.332031,8.412995,0.046926,1
615,7.140136,,0.949720,0.044654,0
616,7.151746,215.332031,11.557391,0.044572,1
617,7.163356,215.332031,8.385768,0.043216,1
618,7.174966,215.332031,8.946780,0.044156,1
619,7.186576,,1.304876,0.045322,0
620,7.198186,,1.427082,0.047532,0
621,7.209796,,2.122527,0.047343,0
622,7.221406,,2.282153,0.044964,0
623,7.233016,,1.945190,0.047011,0
624,7.244626,,1.684732,0.049941,0
625,7.256236,387.597656,3.452798,0.063062,1
626,7.267846,,2.940727,0.075567,0
627,7.279456,193.798828,4.871356,0.077021,1
628,7.291066,,2.216015,0.078555,0
629,7.302676,,2.748972,0.073966,0
630,7.314286,,1.967274,0.074359,0
631,7.325896,366.064453,3.247564,0.076678,1
632,7.337506,215.332031,5.591686,0.078687,1
633,7.349116,215.332031,6.381132,0.078937,1
634,7.360726,732.128906,10.494783,0.072471,1
635,7.372336,732.128906,14.556826,0.072519,1
636,7.383946,,1.468066,0.067866,0
637,7.395556,,2.367567,0.062462,0
638,7.407166,,2.513752,0.055968,0
639,7.418776,,1.283549,0.050297,0
640,7.430385,193.798828,4.883155,0.048671,1
641,7.441995,,2.450592,0.048226,0
642,7.453605,150.732422,3.643420,0.048888,1
643,7.465215,150.732422,4.351987,0.049375,1
644,7.476825,150.732422,4.370857,0.048512,1
645,7.488435,,2.841033,0.053382,0
646,7.500045,193.798828,3.213111,0.056512,1
647,7.511655,,2.291942,0.077247,0
648,7.523265,193.798828,5.923897,0.089485,1
649,7.534875,193.798828,8.503825,0.095279,1
650,7.546485,193.798828,4.956306,0.103745,1
651,7.558095,150.732422,7.016154,0.094338,1
652,7.569705,,2.594585,0.087871,0
653,7.581315,,2.138856,0.084656,0
654,7.592925,,2.380975,0.074606,0
655,7.604535,366.064453,3.856981,0.070457,1
656,7.616145,366.064453,4.729307,0.068414,1
657,7.627755,366.064453,5.565176,0.061742,1
658,7.639365,236.865234,5.798244,0.060964,1
659,7.650975,193.798828,3.686599,0.057421,1
660,7.662585,193.798828,5.162944,0.052154,1
661,7.674195,150.732422,3.167876,0.052935,1
662,7.685805,215.332031,12.252063,0.054111,1
663,7.697415,150.732422,5.015712,0.057850,1
664,7.709025,150.732422,4.266690,0.062163,1
665,7.720635,150.732422,4.149940,0.063838,1
666,7.732245,,2.674831,0.062754,0
667,7.743855,150.732422,3.032497,0.060825,1
668,7.755465,,2.551659,0.059660,0
669,7.767075,150.732422,3.863504,0.064818,1
670,7.778685,,2.984114,0.075245,0
671,7.790295,,2.009310,0.086375,0
672,7.801905,,2.013004,0.098257,0
673,7.813515,150.732422,3.318714,0.104668,1
674,7.825125,,2.864802,0.103960,0
675,7.836735,,1.924941,0.099295,0
676,7.848345,150.732422,3.128638,0.091752,1
677,7.859955,150.732422,4.892765,0.080187,1
678,7.871565,150.732422,4.542078,0.071562,1
679,7.883175,150.732422,7.632223,0.066373,1
680,7.894785,150.732422,4.439997,0.058870,1
681,7.906395,150.732422,3.062923,0.056361,1
682,7.918005,150.732422,3.895000,0.055285,1
683,7.929615,150.732422,5.859728,0.055447,1
684,7.941224,150.732422,5.189056,0.056439,1
685,7.952834,150.732422,3.069293,0.059372,1
686,7.964444,150.732422,4.196215,0.059508,1
687,7.976054,150.732422,4.358868,0.056561,1
688,7.987664,,2.856647,0.054915,0
689,7.999274,,2.793561,0.058396,0
690,8.010884,,2.266340,0.066429,0
691,8.022494,215.332031,6.139717,0.075240,1
692,8.034104,,2.114932,0.083265,0
693,8.045714,387.597656,5.096531,0.085340,1
694,8.057324,193.798828,3.143790,0.082887,1
695,8.068934,107.666016,6.763841,0.081625,1
696,8.080544,107.666016,4.906550,0.075633,1
697,8.092154,193.798828,8.581918,0.071381,1
698,8.103764,,1.924251,0.068359,0
699,8.115374,,2.007575,0.061744,0
700,8.126984,,1.036072,0.058144,0
701,8.138594,366.064453,4.580784,0.054983,1
702,8.150204,366.064453,4.160297,0.053666,1
703,8.161814,366.064453,3.705808,0.054036,1
704,8.173424,366.064453,5.013975,0.055453,1
705,8.185034,366.064453,5.277572,0.055321,1
706,8.196644,366.064453,3.577978,0.057348,1
707,8.208254,366.064453,3.995729,0.057180,1
708,8.219864,,2.430975,0.057275,0
709,8.231474,150.732422,3.649831,0.059938,1
710,8.243084,150.732422,4.094183,0.058099,1
711,8.254694,150.732422,4.131291,0.063263,1
712,8.266304,150.732422,3.959158,0.065778,1
713,8.277914,,1.636150,0.066671,0
714,8.289524,,0.889488,0.071495,0
715,8.301134,301.464844,4.371063,0.070446,1
716,8.312744,882.861328,8.428926,0.071691,1
717,8.324354,882.861328,6.698101,0.072148,1
718,8.335964,,2.561393,0.071124,0
719,8.347574,215.332031,8.026493,0.070875,1
720,8.359184,215.332031,7.782538,0.067773,1
721,8.370794,215.332031,7.517172,0.063940,1
722,8.382404,150.732422,3.464434,0.059935,1
723,8.394014,,2.540300,0.056154,0
724,8.405624,107.666016,4.357117,0.058517,1
725,8.417234,107.666016,5.333053,0.060974,1
726,8.428844,86.132812,9.815820,0.060292,1
727,8.440454,150.732422,3.859304,0.058245,1
728,8.452063,129.199219,4.713608,0.055015,1
729,8.463673,,1.000000,0.052745,0
730,8.475283,,2.611588,0.053205,0
731,8.486893,,2.857057,0.052539,0
732,8.498503,301.464844,9.742730,0.051131,1
733,8.510113,301.464844,7.775754,0.054303,1
734,8.521723,,1.953414,0.064382,0
735,8.533333,366.064453,7.229173,0.086865,1
736,8.544943,732.128906,7.469474,0.097419,1
737,8.556553,,0.501280,0.106861,0
738,8.568163,,2.536406,0.107613,0
739,8.579773,,2.730489,0.097369,0
740,8.591383,344.531250,3.033617,0.087596,1
741,8.602993,107.666016,6.071610,0.073024,1
742,8.614603,107.666016,4.998682,0.065418,1
743,8.626213,,2.440453,0.057599,0
744,8.637823,107.666016,3.135015,0.058642,1
745,8.649433,107.666016,4.665177,0.059527,1
746,8.661043,301.464844,10.934560,0.058312,1
747,8.672653,301.464844,6.458793,0.058221,1
748,8.684263,301.464844,5.905117,0.056204,1
749,8.695873,301.464844,10.907145,0.056263,1
750,8.707483,301.464844,7.745697,0.054229,1
751,8.719093,301.464844,7.102612,0.053526,1
752,8.730703,366.064453,3.098031,0.053608,1
753,8.742313,301.464844,7.461017,0.053263,1
754,8.753923,215.332031,4.170013,0.055054,1
755,8.765533,129.199219,3.401535,0.054438,1
756,8.777143,129.199219,3.863555,0.053692,1
757,8.788753,,0.683669,0.054579,0
758,8.800363,,1.705189,0.055632,0
759,8.811973,,1.540576,0.058726,0
760,8.823583,129.199219,3.570432,0.062167,1
761,8.835193,366.064453,4.113565,0.063051,1
762,8.846803,150.732422,4.061385,0.062717,1
763,8.858413,366.064453,3.196993,0.059003,1
764,8.870023,366.064453,3.280120,0.058032,1
765,8.881633,366.064453,3.009336,0.057828,1
766,8.893243,366.064453,3.310823,0.058399,1
767,8.904853,366.064453,4.407365,0.059415,1
768,8.916463,366.064453,3.875960,0.057758,1
769,8.928073,366.064453,5.545827,0.054952,1
770,8.939683,,2.468051,0.050833,0
771,8.951293,366.064453,6.391944,0.049010,1
772,8.962902,,1.103364,0.048248,0
773,8.974512,366.064453,5.470371,0.049855,1
774,8.986122,366.064453,4.366003,0.053090,1
775,8.997732,366.064453,4.319818,0.061264,1
776,9.009342,107.666016,8.480332,0.072896,1
777,9.020952,129.199219,4.886407,0.087132,1
778,9.032562,86.132812,17.335254,0.090712,1
779,9.044172,86.132812,15.372134,0.089121,1
780,9.055782,,2.406979,0.082784,0
781,9.067392,,2.625065,0.077265,0
782,9.079002,193.798828,3.732068,0.075950,1
783,9.090612,86.132812,12.343757,0.075736,1
784,9.102222,86.132812,7.926988,0.076378,1
785,9.113832,,2.913363,0.067589,0
786,9.125442,193.798828,6.520336,0.062985,1
787,9.137052,150.732422,3.959767,0.060988,1
788,9.148662,150.732422,4.420266,0.058867,1
789,9.160272,150.732422,4.319460,0.059464,1
790,9.171882,150.732422,3.605966,0.060200,1
791,9.183492,,2.684485,0.056963,0
792,9.195102,,2.506698,0.054894,0
793,9.206712,,2.892042,0.052416,0
794,9.218322,,2.787089,0.051714,0
795,9.229932,,2.945739,0.055971,0
796,9.241542,150.732422,3.459283,0.058001,1
797,9.253152,150.732422,4.597360,0.060793,1
798,9.264762,150.732422,4.621631,0.062685,1
799,9.276372,150.732422,5.460809,0.060199,1
800,9.287982,150.732422,5.441332,0.058233,1
801,9.299592,150.732422,4.742341,0.058308,1
802,9.311202,,2.951428,0.057314,0
803,9.322812,,1.680887,0.062189,0
804,9.334422,,2.698232,0.063821,0
805,9.346032,,2.016781,0.064199,0
806,9.357642,86.132812,3.979021,0.065267,1
807,9.369252,150.732422,4.391748,0.059020,1
808,9.380862,193.798828,8.216514,0.057788,1
809,9.392472,,2.708194,0.055465,0
810,9.404082,150.732422,3.367893,0.053940,1
811,9.415692,366.064453,10.758844,0.053273,1
812,9.427302,,1.710504,0.050350,0
813,9.438912,,1.082358,0.047687,0
814,9.450522,,2.002960,0.044068,0
815,9.462132,,2.720757,0.044676,0
816,9.473741,150.732422,3.010441,0.044245,1
817,9.485351,150.732422,3.608801,0.044318,1
818,9.496961,,2.749415,0.043490,0
819,9.508571,150.732422,3.214769,0.045409,1
820,9.520181,150.732422,3.568288,0.046814,1
821,9.531791,150.732422,4.557818,0.047799,1
822,9.543401,150.732422,4.292241,0.050507,1
823,9.555011,,2.736632,0.050483,0
824,9.566621,,1.414499,0.066320,0
825,9.578231,215.332031,3.506012,0.082986,1
826,9.589841,,0.855074,0.091537,0
827,9.601451,,2.366072,0.101146,0
828,9.613061,753.662109,6.572427,0.105035,1
829,9.624671,753.662109,10.823604,0.106295,1
830,9.636281,732.128906,12.228050,0.107585,1
831,9.647891,150.732422,3.867342,0.102014,1
832,9.659501,,2.221833,0.090956,0
833,9.671111,,1.959009,0.075361,0
834,9.682721,,1.863891,0.062698,0
835,9.694331,,2.724101,0.063307,0
836,9.705941,150.732422,3.584370,0.060149,1
837,9.717551,107.666016,3.741857,0.062506,1
838,9.729161,107.666016,3.514190,0.067696,1
839,9.740771,107.666016,4.003203,0.064773,1
840,9.752381,107.666016,4.586119,0.065379,1
841,9.763991,107.666016,4.936689,0.067546,1
842,9.775601,,2.806307,0.063261,0
843,9.787211,,2.196168,0.064344,0
844,9.798821,,1.364842,0.068499,0
845,9.810431,,1.229746,0.067367,0
846,9.822041,,1.148444,0.068304,0
847,9.833651,,2.181890,0.064854,0
848,9.845261,,2.287129,0.063114,0
849,9.856871,,1.000000,0.062579,0
850,9.868481,,2.760491,0.063375,0
851,9.880091,366.064453,3.057476,0.065659,1
852,9.891701,366.064453,4.099565,0.067679,1
853,9.903311,366.064453,3.712240,0.067912,1
854,9.914921,,0.518778,0.068785,0
855,9.926531,,0.314217,0.068956,0
856,9.938141,366.064453,4.557757,0.066416,1
857,9.949751,,1.530572,0.062900,0
858,9.961361,,1.063795,0.062255,0
859,9.972971,193.798828,5.252187,0.058739,1
860,9.984580,,1.372285,0.055609,0
861,9.996190,,2.978874,0.054513,0
862,10.007800,193.798828,3.179734,0.053079,1
863,10.019410,,0.914126,0.055921,0
864,10.031020,,0.915487,0.057616,0
865,10.042630,732.128906,7.628229,0.057864,1
866,10.054240,732.128906,8.624510,0.054545,1
867,10.065850,732.128906,5.774230,0.050909,1
868,10.077460,366.064453,4.010103,0.049461,1
869,10.089070,,1.276106,0.058304,0
870,10.100680,129.199219,3.651853,0.067076,1
871,10.112290,129.199219,3.740079,0.073560,1
872,10.123900,,1.960064,0.074600,0
873,10.135510,193.798828,5.056808,0.069106,1
874,10.147120,172.265625,5.360443,0.063209,1
875,10.158730,,2.478678,0.058662,0
876,10.170340,,2.994763,0.058780,0
877,10.181950,193.798828,4.514832,0.060421,1
878,10.193560,193.798828,4.257679,0.061171,1
879,10.205170,193.798828,4.074649,0.062490,1
880,10.216780,366.064453,5.005808,0.060420,1
881,10.228390,366.064453,4.637285,0.061921,1
882,10.240000,,2.677259,0.063159,0
883,10.251610,129.199219,3.261504,0.061586,1
884,10.263220,366.064453,4.400514,0.065543,1
885,10.274830,129.199219,3.930873,0.067568,1
886,10.286440,129.199219,5.282708,0.069614,1
887,10.298050,129.199219,6.411510,0.072181,1
888,10.309660,,0.492424,0.078337,0
889,10.321270,129.199219,4.507659,0.082922,1
890,10.332880,129.199219,6.028075,0.083449,1
891,10.344490,,0.806680,0.087538,0
892,10.356100,,0.341783,0.090270,0
893,10.367710,,0.587702,0.088283,0
894,10.379320,129.199219,4.140991,0.086898,1
895,10.390930,,2.771026,0.085732,0
896,10.402540,,2.749599,0.084405,0
897,10.414150,129.199219,4.285615,0.081871,1
898,10.425760,129.199219,3.845646,0.085630,1
899,10.437370,107.666016,4.063863,0.087690,1
900,10.448980,129.199219,4.507302,0.085320,1
901,10.460590,193.798828,5.537364,0.083480,1
902,10.472200,193.798828,4.781399,0.081210,1
903,10.483810,129.199219,3.956015,0.078916,1
904,10.495420,129.199219,4.310635,0.073466,1
905,10.507029,,2.921923,0.072266,0
906,10.518639,129.199219,3.923928,0.068562,1
907,10.530249,129.199219,4.859285,0.063885,1
908,10.541859,258.398438,8.095394,0.060728,1
909,10.553469,,1.254590,0.059750,0
910,10.565079,107.666016,3.897786,0.059790,1
911,10.576689,107.666016,5.018408,0.059778,1
912,10.588299,,1.285547,0.062391,0
913,10.599909,193.798828,7.631429,0.064879,1
914,10.611519,,1.014869,0.092154,0
915,10.623129,,0.315711,0.104286,0
916,10.634739,,0.498903,0.105959,0
917,10.646349,129.199219,8.738303,0.112992,1
918,10.657959,,0.904942,0.096246,0
919,10.669569,,2.270192,0.086037,0
920,10.681179,,1.731956,0.086716,0
921,10.692789,,2.020304,0.079473,0
922,10.704399,,1.709049,0.080746,0
923,10.716009,129.199219,3.625242,0.082136,1
924,10.727619,732.128906,9.853045,0.089710,1
925,10.739229,732.128906,13.292741,0.097814,1
926,10.750839,732.128906,16.973632,0.099271,1
927,10.762449,258.398438,6.214626,0.094583,1
928,10.774059,236.865234,5.127054,0.086534,1
929,10.785669,387.597656,3.206181,0.071888,1
930,10.797279,,2.574445,0.060191,0
931,10.808889,,1.055073,0.060629,0
932,10.820499,,2.723748,0.057780,0
933,10.832109,,2.426085,0.061814,0
934,10.843719,,2.003926,0.063402,0
935,10.855329,,2.156780,0.062198,0
936,10.866939,,0.439930,0.060848,0
937,10.878549,129.199219,3.326377,0.055536,1
938,10.890159,366.064453,3.702725,0.056540,1
939,10.901769,366.064453,4.191451,0.062349,1
940,10.913379,366.064453,4.409743,0.065861,1
941,10.924989,366.064453,4.220674,0.071827,1
942,10.936599,366.064453,4.440736,0.072820,1
943,10.948209,,2.441768,0.072632,0
944,10.959819,,0.700928,0.070040,0
945,10.971429,129.199219,3.903493,0.070276,1
946,10.983039,129.199219,4.621439,0.069330,1
947,10.994649,,0.680883,0.068725,0
948,11.006259,,0.352635,0.070549,0
949,11.017868,129.199219,3.673369,0.069592,1
950,11.029478,129.199219,4.408321,0.073352,1
951,11.041088,129.199219,4.012421,0.070549,1
952,11.052698,366.064453,8.775456,0.070704,1
953,11.064308,129.199219,5.032116,0.068738,1
954,11.075918,129.199219,4.301403,0.066108,1
955,11.087528,129.199219,5.040211,0.064629,1
956,11.099138,193.798828,3.307157,0.061015,1
957,11.110748,193.798828,3.109372,0.060748,1
958,11.122358,,2.453833,0.063544,0
959,11.133968,,2.868031,0.066450,0
960,11.145578,,2.080855,0.067201,0
961,11.157188,,2.245322,0.069557,0
962,11.168798,129.199219,4.320398,0.066993,1
963,11.180408,193.798828,4.928912,0.065086,1
964,11.192018,193.798828,10.813582,0.069141,1
965,11.203628,193.798828,5.849384,0.070787,1
966,11.215238,366.064453,9.082447,0.073327,1
967,11.226848,193.798828,3.524419,0.078752,1
968,11.238458,366.064453,5.136045,0.082954,1
969,11.250068,366.064453,4.874885,0.086319,1
970,11.261678,366.064453,3.383571,0.087280,1
971,11.273288,366.064453,4.364664,0.083845,1
972,11.284898,366.064453,6.818764,0.076465,1
973,11.296508,366.064453,5.242200,0.069339,1
974,11.308118,366.064453,4.581408,0.066571,1
975,11.319728,366.064453,4.767224,0.066926,1
976,11.331338,366.064453,4.803611,0.066348,1
977,11.342948,366.064453,4.682935,0.066084,1
978,11.354558,366.064453,6.282370,0.064909,1
979,11.366168,366.064453,8.140979,0.063422,1
980,11.377778,366.064453,7.721347,0.064088,1
981,11.389388,366.064453,10.028512,0.065470,1
982,11.400998,366.064453,8.610820,0.066163,1
983,11.412608,366.064453,5.709520,0.067758,1
984,11.424218,,1.746535,0.065851,0
985,11.435828,86.132812,4.504591,0.063684,1
986,11.447438,366.064453,6.039065,0.056874,1
987,11.459048,,1.158981,0.052956,0
988,11.470658,,0.620294,0.051525,0
989,11.482268,,0.600061,0.049189,0
990,11.493878,,0.655846,0.050672,0
991,11.505488,,0.645764,0.048842,0
992,11.517098,,2.254190,0.049356,0
993,11.528707,193.798828,3.994057,0.049732,1
994,11.540317,,0.490937,0.051876,0
995,11.551927,236.865234,6.900048,0.053956,1
996,11.563537,,0.801054,0.057615,0
997,11.575147,,0.827445,0.057849,0
998,11.586757,193.798828,3.211944,0.057809,1
999,11.598367,,0.335395,0.058585,0
1000,11.609977,,0.292825,0.058484,0
1001,11.621587,193.798828,4.014514,0.064080,1
1002,11.633197,,0.200318,0.067708,0
1003,11.644807,,0.359866,0.076898,0
1004,11.656417,,2.639582,0.089198,0
1005,11.668027,215.332031,3.451196,0.092935,1
1006,11.679637,193.798828,5.136960,0.093805,1
1007,11.691247,129.199219,10.807684,0.089613,1
1008,11.702857,,1.902792,0.082776,0
1009,11.714467,387.597656,3.464485,0.076814,1
1010,11.726077,,1.708380,0.074574,0
1011,11.737687,193.798828,4.414143,0.074889,1
1012,11.749297,193.798828,5.227687,0.069035,1
1013,11.760907,193.798828,5.882979,0.071574,1
1014,11.772517,,2.769774,0.070387,0
1015,11.784127,,2.959048,0.064851,0
1016,11.795737,,2.264688,0.061671,0
1017,11.807347,,0.778530,0.055462,0
1018,11.818957,,0.823276,0.052660,0
1019,11.830567,,0.675536,0.049812,0
1020,11.842177,,1.071818,0.051284,0
1021,11.853787,,1.000000,0.049763,0
1022,11.865397,,0.099888,0.049241,0
1023,11.877007,,0.301323,0.050635,0
1024,11.888617,,0.919790,0.056412,0
1025,11.900227,366.064453,5.603241,0.057719,1
1026,11.911837,193.798828,5.113111,0.058557,1
1027,11.923447,129.199219,3.973180,0.059593,1
1028,11.935057,,2.816750,0.057024,0
1029,11.946667,,0.903385,0.058146,0
1030,11.958277,129.199219,5.682680,0.054118,1
1031,11.969887,,0.807979,0.054445,0
1032,11.981497,107.666016,3.680796,0.050746,1
1033,11.993107,,1.041512,0.047199,0
1034,12.004717,990.527344,7.017300,0.051055,1
1035,12.016327,193.798828,7.762818,0.050659,1
1036,12.027937,107.666016,5.011445,0.052851,1
1037,12.039546,,0.494183,0.053826,0
1038,12.051156,,2.431325,0.053492,0
1039,12.062766,366.064453,4.135888,0.055381,1
1040,12.074376,,1.155717,0.053394,0
1041,12.085986,107.666016,3.931967,0.055201,1
1042,12.097596,107.666016,5.319355,0.058474,1
1043,12.109206,,1.038720,0.062724,0
1044,12.120816,107.666016,3.453400,0.098460,1
1045,12.132426,,2.196535,0.122260,0
1046,12.144036,,1.000000,0.124124,0
1047,12.155646,,1.093030,0.122708,0
1048,12.167256,,2.953265,0.100680,0
1049,12.178866,,2.632927,0.074077,0
1050,12.190476,129.199219,3.820735,0.072053,1
1051,12.202086,,2.273696,0.073099,0
1052,12.213696,,2.622382,0.072752,0
1053,12.225306,,1.353914,0.067508,0
1054,12.236916,,2.947738,0.065619,0
1055,12.248526,129.199219,5.234794,0.062211,1
1056,12.260136,,0.855192,0.054758,0
1057,12.271746,,0.763617,0.052362,0
1058,12.283356,129.199219,3.942472,0.047359,1
1059,12.294966,,1.409306,0.042588,0
1060,12.306576,,1.529031,0.041079,0
1061,12.318186,,1.263206,0.041098,0
1062,12.329796,,2.771085,0.041130,0
1063,12.341406,,2.208039,0.042216,0
1064,12.353016,129.199219,3.305104,0.045104,1
1065,12.364626,,1.986489,0.045999,0
1066,12.376236,,2.323152,0.049812,0
1067,12.387846,,2.332514,0.056519,0
1068,12.399456,,1.157996,0.058430,0
1069,12.411066,,2.478467,0.061143,0
1070,12.422676,366.064453,3.663105,0.063318,1
1071,12.434286,107.666016,3.539752,0.058806,1
1072,12.445896,107.666016,6.681099,0.056917,1
1073,12.457506,,2.395887,0.056224,0
1074,12.469116,,1.000000,0.052336,0
1075,12.480726,107.666016,6.404974,0.052292,1
1076,12.492336,366.064453,3.221640,0.052025,1
1077,12.503946,,1.434109,0.051245,0
1078,12.515556,129.199219,9.480303,0.055358,1
1079,12.527166,,0.652552,0.056304,0
1080,12.538776,,0.389511,0.058354,0
1081,12.550385,129.199219,4.342455,0.058956,1
1082,12.561995,236.865234,5.709345,0.057924,1
1083,12.573605,,1.570720,0.059471,0
1084,12.585215,,2.927665,0.061783,0
1085,12.596825,129.199219,3.499929,0.063164,1
1086,12.608435,,2.384342,0.062131,0
1087,12.620045,366.064453,3.369821,0.063510,1
1088,12.631655,150.732422,3.268747,0.065308,1
1089,12.643265,,2.764319,0.078970,0
1090,12.654875,,1.802363,0.088351,0
1091,12.666485,,2.336237,0.100474,0
1092,12.678095,172.265625,7.062564,0.103923,1
1093,12.689705,129.199219,7.701538,0.099434,1
1094,12.701315,107.666016,6.232445,0.093693,1
1095,12.712925,107.666016,4.823965,0.081293,1
1096,12.724535,129.199219,10.097375,0.074748,1
1097,12.736145,,2.201156,0.070043,0
1098,12.747755,129.199219,5.128465,0.067092,1
1099,12.759365,129.199219,3.523987,0.066146,1
1100,12.770975,,2.114245,0.069069,0
1101,12.782585,,1.634960,0.068977,0
1102,12.794195,,1.378262,0.072809,0
1103,12.805805,,0.575843,0.076760,0
1104,12.817415,,2.515327,0.079426,0
1105,12.829025,,1.584410,0.081328,0
1106,12.840635,,1.739716,0.082793,0
1107,12.852245,,1.521724,0.081577,0
1108,12.863855,,1.104292,0.075369,0
1109,12.875465,,1.097377,0.071925,0
1110,12.887075,193.798828,3.628104,0.068523,1
1111,12.898685,366.064453,6.330017,0.067457,1
1112,12.910295,366.064453,8.972481,0.066422,1
1113,12.921905,,1.531738,0.062937,0
1114,12.933515,,1.412640,0.063735,0
1115,12.945125,,1.600292,0.056950,0
1116,12.956735,172.265625,3.951851,0.057009,1
1117,12.968345,172.265625,4.817773,0.057725,1
1118,12.979955,,1.615440,0.052980,0
1119,12.991565,,1.435710,0.056405,0
1120,13.003175,193.798828,4.200281,0.057231,1
1121,13.014785,193.798828,4.620404,0.057688,1
1122,13.026395,,2.666072,0.058159,0
1123,13.038005,193.798828,3.022978,0.056810,1
1124,13.049615,,2.272079,0.055828,0
1125,13.061224,366.064453,4.064181,0.056130,1
1126,13.072834,366.064453,3.470115,0.055034,1
1127,13.084444,,2.778291,0.053144,0
1128,13.096054,,2.724986,0.052663,0
1129,13.107664,,2.544314,0.053539,0
1130,13.119274,,2.717785,0.056300,0
1131,13.130884,,1.912544,0.058818,0
1132,13.142494,,1.020748,0.063341,0
1133,13.154104,,2.584478,0.064297,0
1134,13.165714,,0.765345,0.072280,0
1135,13.177324,,1.196718,0.078678,0
1136,13.188934,,1.047033,0.081400,0
1137,13.200544,,0.918333,0.084015,0
1138,13.212154,107.666016,3.922639,0.084541,1
1139,13.223764,,1.946724,0.089329,0
1140,13.235374,193.798828,7.033279,0.090133,1
1141,13.246984,,1.682419,0.088437,0
1142,13.258594,129.199219,3.145208,0.079656,1
1143,13.270204,,2.191714,0.071032,0
1144,13.281814,,2.082202,0.067239,0
1145,13.293424,925.927734,5.282993,0.067387,1
1146,13.305034,,0.746569,0.073180,0
1147,13.316644,,0.498848,0.071925,0
1148,13.328254,,0.579511,0.072625,0
1149,13.339864,,0.709756,0.075682,0
1150,13.351474,,0.960111,0.074231,0
1151,13.363084,,1.109365,0.075201,0
1152,13.374694,,0.635520,0.074322,0
1153,13.386304,236.865234,3.471912,0.072849,1
1154,13.397914,,1.870662,0.069772,0
1155,13.409524,,2.062999,0.066815,0
1156,13.421134,129.199219,4.510106,0.064676,1
1157,13.432744,,0.552455,0.066603,0
1158,13.444354,,2.522482,0.072773,0
1159,13.455964,,1.488260,0.073360,0
1160,13.467574,,0.970680,0.073406,0
1161,13.479184,,1.097691,0.066948,0
1162,13.490794,,0.906961,0.059300,0
1163,13.502404,107.666016,4.798598,0.055717,1
1164,13.514014,129.199219,5.967601,0.052892,1
1165,13.525624,129.199219,5.509847,0.053398,1
1166,13.537234,129.199219,5.562947,0.052220,1
1167,13.548844,,2.308169,0.060099,0
1168,13.560454,,0.832883,0.061998,0
1169,13.572063,,0.852857,0.064273,0
1170,13.583673,129.199219,5.076385,0.066497,1
1171,13.595283,129.199219,6.274568,0.063784,1
1172,13.606893,107.666016,5.996341,0.066513,1
1173,13.618503,129.199219,6.068726,0.069377,1
1174,13.630113,,0.809022,0.068242,0
1175,13.641723,,0.892615,0.071852,0
1176,13.653333,129.199219,5.411275,0.069789,1
1177,13.664943,107.666016,3.563017,0.069314,1
1178,13.676553,,2.540207,0.086367,0
1179,13.688163,,1.736993,0.089168,0
1180,13.699773,,0.506428,0.093037,0
1181,13.711383,,0.329170,0.093840,0
1182,13.722993,107.666016,3.076491,0.085355,1
1183,13.734603,129.199219,8.220084,0.082300,1
1184,13.746213,129.199219,8.920134,0.081680,1
1185,13.757823,129.199219,8.500566,0.078460,1
1186,13.769433,,1.789024,0.076178,0
1187,13.781043,,2.632337,0.077263,0
1188,13.792653,129.199219,4.308103,0.076202,1
1189,13.804263,,2.198251,0.079788,0
1190,13.815873,193.798828,3.838420,0.075747,1
1191,13.827483,,2.974560,0.070227,0
1192,13.839093,,0.502384,0.069126,0
1193,13.850703,,0.642066,0.066992,0
1194,13.862313,,0.300374,0.069132,0
1195,13.873923,,0.592822,0.075101,0
1196,13.885533,129.199219,3.279971,0.080444,1
1197,13.897143,129.199219,4.765433,0.079621,1
1198,13.908753,,1.000000,0.078622,0
1199,13.920363,129.199219,4.745664,0.073528,1
1200,13.931973,129.199219,5.203115,0.065794,1
1201,13.943583,107.666016,4.595051,0.062607,1
1202,13.955193,,0.714494,0.070070,0
1203,13.966803,,0.867129,0.075829,0
1204,13.978413,,1.489575,0.081507,0
1205,13.990023,,1.370831,0.087442,0
1206,14.001633,,1.390906,0.080609,0
1207,14.013243,,2.593046,0.074592,0
1208,14.024853,,1.460497,0.064644,0
1209,14.036463,,1.607990,0.055859,0
1210,14.048073,129.199219,3.654304,0.052725,1
1211,14.059683,107.666016,6.380468,0.049856,1
1212,14.071293,,2.471230,0.059026,0
1213,14.082902,,1.457957,0.060154,0
1214,14.094512,,1.099797,0.067163,0
1215,14.106122,107.666016,4.689281,0.070536,1
1216,14.117732,129.199219,14.987285,0.063832,1
1217,14.129342,,2.106637,0.063732,0
1218,14.140952,129.199219,6.161799,0.059215,1
1219,14.152562,107.666016,5.734408,0.059832,1
1220,14.164172,129.199219,3.698200,0.066050,1
1221,14.175782,,2.661459,0.079988,0
1222,14.187392,,1.474991,0.084243,0
1223,14.199002,,1.688641,0.092299,0
1224,14.210612,,2.214910,0.099991,0
1225,14.222222,129.199219,4.859860,0.101208,1
1226,14.233832,193.798828,4.671434,0.111692,1
1227,14.245442,,1.909847,0.120708,0
1228,14.257052,,2.198219,0.126269,0
1229,14.268662,904.394531,17.982712,0.123851,1
1230,14.280272,904.394531,27.885797,0.113228,1
1231,14.291882,,2.917688,0.096479,0
1232,14.303492,,1.669840,0.079207,0
1233,14.315102,172.265625,3.183434,0.071495,1
1234,14.326712,172.265625,4.917464,0.071240,1
1235,14.338322,193.798828,4.100200,0.070744,1
1236,14.349932,172.265625,3.554807,0.067153,1
1237,14.361542,,0.412858,0.065231,0
1238,14.373152,,0.552965,0.064343,0
1239,14.384762,,0.559791,0.061416,0
1240,14.396372,,1.000000,0.066114,0
1241,14.407982,,0.723772,0.066231,0
1242,14.419592,,1.380769,0.063965,0
1243,14.431202,,1.230765,0.068924,0
1244,14.442812,,1.038561,0.071905,0
1245,14.454422,,0.800273,0.074523,0
1246,14.466032,366.064453,3.712594,0.082386,1
1247,14.477642,193.798828,3.951491,0.086671,1
1248,14.489252,,0.865381,0.086662,0
1249,14.500862,193.798828,4.255473,0.089324,1
1250,14.512472,193.798828,4.625141,0.086412,1
1251,14.524082,193.798828,4.266009,0.082983,1
1252,14.535692,193.798828,4.530620,0.082448,1
1253,14.547302,,0.208740,0.078652,0
1254,14.558912,,0.471487,0.080798,0
1255,14.570522,,0.384002,0.079893,0
1256,14.582132,,0.468995,0.079077,0
1257,14.593741,,1.024134,0.082331,0
1258,14.605351,,1.000000,0.083414,0
1259,14.616961,193.798828,4.921904,0.080134,1
1260,14.628571,193.798828,3.825758,0.077435,1
1261,14.640181,,0.619654,0.072587,0
1262,14.651791,,2.717740,0.068286,0
1263,14.663401,193.798828,5.700375,0.070510,1
1264,14.675011,,2.387301,0.067945,0
1265,14.686621,,0.529102,0.064147,0
1266,14.698231,,0.369555,0.055884,0
1267,14.709841,,0.307248,0.051016,0
1268,14.721451,,0.164224,0.053695,0
1269,14.733061,193.798828,4.065090,0.083242,1
1270,14.744671,,0.510105,0.092116,0
1271,14.756281,129.199219,8.096557,0.101260,1
1272,14.767891,107.666016,3.074551,0.107470,1
1273,14.779501,129.199219,8.829372,0.089000,1
1274,14.791111,129.199219,11.169662,0.082895,1
1275,14.802721,,1.281987,0.073012,0
1276,14.814331,,1.038761,0.063110,0
1277,14.825941,,0.883833,0.060050,0
1278,14.837551,,0.846131,0.057832,0
1279,14.849161,,1.704047,0.056335,0
1280,14.860771,,1.077005,0.054406,0
1281,14.872381,,1.288604,0.052817,0
1282,14.883991,,0.663029,0.051463,0
1283,14.895601,,1.757065,0.048783,0
1284,14.907211,,1.206959,0.047766,0
1285,14.918821,,0.934149,0.049331,0
1286,14.930431,,0.778583,0.050949,0
1287,14.942041,,1.133393,0.052097,0
1288,14.953651,,0.934983,0.052358,0
1289,14.965261,,1.515983,0.050700,0
1290,14.976871,,1.536273,0.051282,0
1291,14.988481,,1.944977,0.053015,0
1292,15.000091,,1.554602,0.052473,0
1293,15.011701,,2.921763,0.055060,0
1294,15.023311,,1.617011,0.053411,0
1295,15.034921,,1.406176,0.052513,0
1296,15.046531,,1.100010,0.052731,0
1297,15.058141,,1.196427,0.051809,0
1298,15.069751,,1.118377,0.052987,0
1299,15.081361,,1.100150,0.053602,0
1300,15.092971,,1.491635,0.051970,0
1301,15.104580,,1.439232,0.051652,0
1302,15.116190,,1.722095,0.050983,0
1303,15.127800,,1.284771,0.051785,0
1304,15.139410,,1.257407,0.055908,0
1305,15.151020,,0.945594,0.056715,0
1306,15.162630,,1.024175,0.057239,0
1307,15.174240,,1.000000,0.058160,0
1308,15.185850,,1.294993,0.057212,0
1309,15.197460,,1.223022,0.059839,0
1310,15.209070,,1.355861,0.060734,0
1311,15.220680,,1.037106,0.065250,0
1312,15.232290,129.199219,3.616301,0.069604,1
1313,15.243900,,2.257147,0.087328,0
1314,15.255510,,1.576654,0.113619,0
1315,15.267120,,2.358935,0.120463,0
1316,15.278730,,0.549012,0.123937,0
1317,15.290340,,0.284296,0.114760,0
1318,15.301950,,1.033575,0.093966,0
1319,15.313560,,2.033859,0.090433,0
1320,15.325170,968.994141,13.585261,0.093121,1
1321,15.336780,968.994141,9.998030,0.101103,1
1322,15.348390,947.460938,13.035287,0.112594,1
1323,15.360000,925.927734,12.572605,0.120001,1
1324,15.371610,904.394531,11.997952,0.120177,1
1325,15.383220,904.394531,11.734999,0.115899,1
1326,15.394830,882.861328,9.684726,0.104278,1
1327,15.406440,861.328125,8.900788,0.089945,1
1328,15.418050,,1.000000,0.079830,0
1329,15.429660,,1.038954,0.070294,0
1330,15.441270,,1.367617,0.062204,0
1331,15.452880,,1.355129,0.056716,0
1332,15.464490,,0.425401,0.051834,0
1333,15.476100,129.199219,3.015990,0.053493,1
1334,15.487710,129.199219,3.295140,0.051356,1
1335,15.499320,129.199219,3.072806,0.054061,1
1336,15.510930,,1.267713,0.055657,0
1337,15.522540,,1.981678,0.054127,0
1338,15.534150,193.798828,3.132992,0.060295,1
1339,15.545760,193.798828,4.450633,0.060449,1
1340,15.557370,,1.832720,0.063639,0
1341,15.568980,,1.961760,0.067196,0
1342,15.580590,193.798828,6.624369,0.067031,1
1343,15.592200,193.798828,5.882052,0.068547,1
1344,15.603810,193.798828,3.782520,0.066659,1
1345,15.615420,,1.185125,0.064373,0
1346,15.627029,,2.142075,0.062380,0
1347,15.638639,,2.792240,0.057362,0
1348,15.650249,,2.378964,0.059408,0
1349,15.661859,,2.992279,0.061065,0
1350,15.673469,732.128906,13.279579,0.057901,1
1351,15.685079,,2.626882,0.054711,0
1352,15.696689,,2.129325,0.046724,0
1353,15.708299,,2.482994,0.036053,0
1354,15.719909,,2.334764,0.032211,0
1355,15.731519,,1.975724,0.031244,0
1356,15.743129,,1.897435,0.030441,0
1357,15.754739,,2.631973,0.030520,0
1358,15.766349,,1.065473,0.030875,0
1359,15.777959,,1.551871,0.043023,0
1360,15.789569,,1.559801,0.070276,0
1361,15.801179,,0.951159,0.080345,0
1362,15.812789,129.199219,6.042933,0.094319,1
1363,15.824399,129.199219,14.356635,0.092385,1
1364,15.836009,129.199219,10.638513,0.080181,1
1365,15.847619,107.666016,7.077495,0.077185,1
1366,15.859229,107.666016,4.808850,0.062520,1
1367,15.870839,129.199219,5.846754,0.064720,1
1368,15.882449,129.199219,4.892505,0.060366,1
1369,15.894059,129.199219,5.937892,0.054283,1
1370,15.905669,129.199219,3.481465,0.052756,1
1371,15.917279,,2.860623,0.047847,0
1372,15.928889,129.199219,3.350453,0.048389,1
1373,15.940499,,1.084246,0.046597,0
1374,15.952109,,0.610974,0.045393,0
1375,15.963719,,1.068476,0.044683,0
1376,15.975329,,1.339861,0.040673,0
1377,15.986939,,1.764507,0.038227,0
1378,15.998549,,2.087745,0.036924,0
1379,16.010159,,1.844856,0.034942,0
1380,16.021769,,2.407955,0.036009,0
1381,16.033379,,1.800589,0.041541,0
1382,16.044989,,0.762919,0.048564,0
1383,16.056599,,1.468163,0.056019,0
1384,16.068209,,1.511432,0.060019,0
1385,16.079819,,1.464960,0.064711,0
1386,16.091429,,1.391597,0.065675,0
1387,16.103039,,1.946592,0.064751,0
1388,16.114649,,2.142033,0.065671,0
1389,16.126259,,2.320898,0.065050,0
1390,16.137868,,2.244778,0.067980,0
1391,16.149478,,2.102680,0.072623,0
1392,16.161088,,2.494179,0.080640,0
1393,16.172698,,2.244907,0.085278,0
1394,16.184308,,2.250240,0.087917,0
1395,16.195918,,2.595007,0.086278,0
1396,16.207528,107.666016,3.022512,0.081309,1
1397,16.219138,,2.634713,0.074581,0
1398,16.230748,,2.726764,0.066569,0
1399,16.242358,107.666016,3.107959,0.064374,1
1400,16.253968,107.666016,3.284703,0.060008,1
1401,16.265578,107.666016,4.357831,0.059391,1
1402,16.277188,107.666016,3.244653,0.060628,1
1403,16.288798,107.666016,3.926103,0.060856,1
1404,16.300408,107.666016,3.765370,0.062650,1
1405,16.312018,,1.506519,0.066930,0
1406,16.323628,107.666016,6.478743,0.068082,1
1407,16.335238,107.666016,8.895122,0.068441,1
1408,16.346848,107.666016,5.929881,0.071558,1
1409,16.358458,,2.848725,0.067508,0
1410,16.370068,,2.572232,0.064894,0
1411,16.381678,107.666016,3.006676,0.062679,1
1412,16.393288,215.332031,7.046776,0.057450,1
1413,16.404898,215.332031,4.557607,0.060783,1
1414,16.416508,,1.858812,0.067944,0
1415,16.428118,215.332031,3.750749,0.072362,1
1416,16.439728,,1.747034,0.077520,0
1417,16.451338,,1.907930,0.076555,0
1418,16.462948,,1.603200,0.071951,0
1419,16.474558,,1.961679,0.067336,0
1420,16.486168,,2.334613,0.063374,0
1421,16.497778,,2.287953,0.062470,0
1422,16.509388,107.666016,3.316440,0.063195,1
1423,16.520998,,2.903705,0.062509,0
1424,16.532608,,2.643165,0.057389,0
1425,16.544218,,2.604940,0.055411,0
1426,16.555828,107.666016,3.092058,0.052739,1
1427,16.567438,107.666016,3.460506,0.053360,1
1428,16.579048,107.666016,4.055557,0.053323,1
1429,16.590658,107.666016,3.498696,0.055198,1
1430,16.602268,107.666016,4.080714,0.055359,1
1431,16.613878,107.666016,3.627498,0.053540,1
1432,16.625488,107.666016,3.179030,0.053176,1
1433,16.637098,107.666016,4.884200,0.051332,1
1434,16.648707,107.666016,4.136676,0.051713,1
1435,16.660317,107.666016,3.849053,0.052711,1
1436,16.671927,107.666016,3.102681,0.055721,1
1437,16.683537,,2.833580,0.054815,0
1438,16.695147,107.666016,3.915702,0.055761,1
1439,16.706757,107.666016,4.582876,0.058039,1
1440,16.718367,107.666016,4.702278,0.057155,1
1441,16.729977,107.666016,4.227916,0.059751,1
1442,16.741587,,1.333742,0.058712,0
1443,16.753197,,1.203907,0.059559,0
1444,16.764807,107.666016,3.217659,0.061100,1
1445,16.776417,107.666016,4.313739,0.059971,1
1446,16.788027,107.666016,3.104478,0.060838,1
1447,16.799637,,2.926183,0.061445,0
1448,16.811247,,2.113531,0.082949,0
1449,16.822857,,0.977578,0.116564,0
1450,16.834467,215.332031,5.387240,0.128103,1
1451,16.846077,904.394531,14.959887,0.131328,1
1452,16.857687,882.861328,6.361557,0.121854,1
1453,16.869297,107.666016,4.702291,0.094030,1
1454,16.880907,107.666016,7.029592,0.081526,1
1455,16.892517,,2.331656,0.075110,0
1456,16.904127,107.666016,3.557801,0.070816,1
1457,16.915737,322.998047,8.993680,0.067681,1
1458,16.927347,322.998047,6.943842,0.064851,1
1459,16.938957,322.998047,11.410273,0.066987,1
1460,16.950567,322.998047,6.758949,0.066429,1
1461,16.962177,322.998047,7.253147,0.065895,1
1462,16.973787,322.998047,4.869015,0.062140,1
1463,16.985397,322.998047,5.727470,0.055340,1
1464,16.997007,322.998047,3.949734,0.051962,1
1465,17.008617,322.998047,4.097539,0.048612,1
1466,17.020227,107.666016,3.021387,0.048832,1
1467,17.031837,107.666016,3.738472,0.051383,1
1468,17.043447,,1.782211,0.054308,0
1469,17.055057,,2.287010,0.054126,0
1470,17.066667,,1.960377,0.054737,0
1471,17.078277,215.332031,3.293745,0.056309,1
1472,17.089887,,1.511032,0.054789,0
1473,17.101497,,0.896434,0.054863,0
1474,17.113107,,0.983254,0.053533,0
1475,17.124717,,2.235002,0.054647,0
1476,17.136327,,2.264988,0.057222,0
1477,17.147937,,2.324452,0.059346,0
1478,17.159546,,2.604740,0.060361,0
1479,17.171156,,2.120649,0.056101,0
1480,17.182766,107.666016,4.015578,0.056289,1
1481,17.194376,107.666016,4.080724,0.056069,1
1482,17.205986,,1.342111,0.058407,0
1483,17.217596,,1.399383,0.063362,0
1484,17.229206,,1.504692,0.058809,0
1485,17.240816,,2.435884,0.059593,0
1486,17.252426,,1.789895,0.060159,0
1487,17.264036,,1.423114,0.057273,0
1488,17.275646,,1.000000,0.066979,0
1489,17.287256,,1.424391,0.064562,0
1490,17.298866,,2.682112,0.066473,0
1491,17.310476,,2.606769,0.080039,0
1492,17.322086,,2.705986,0.090793,0
1493,17.333696,107.666016,3.109523,0.108225,1
1494,17.345306,667.529297,16.799880,0.119490,1
1495,17.356916,129.199219,3.790441,0.125028,1
1496,17.368526,,1.635183,0.129098,0
1497,17.380136,,0.881723,0.134772,0
1498,17.391746,172.265625,3.958614,0.134244,1
1499,17.403356,,0.418485,0.135251,0
1500,17.414966,689.062500,20.514566,0.129012,1
1501,17.426576,,2.417961,0.117390,0
1502,17.438186,,2.472588,0.110289,0
1503,17.449796,,0.531423,0.094099,0
1504,17.461406,,2.395994,0.083168,0
1505,17.473016,,1.072673,0.069873,0
1506,17.484626,,0.489016,0.058295,0
1507,17.496236,322.998047,4.619702,0.052181,1
1508,17.507846,322.998047,4.981501,0.045264,1
1509,17.519456,322.998047,4.141760,0.040059,1
1510,17.531066,,2.767208,0.036931,0
1511,17.542676,,1.472315,0.038102,0
1512,17.554286,,0.479874,0.043833,0
1513,17.565896,,0.680785,0.053460,0
1514,17.577506,,0.422427,0.060901,0
1515,17.589116,,0.572555,0.068742,0
1516,17.600726,,1.100718,0.070075,0
1517,17.612336,,1.976253,0.066404,0
1518,17.623946,,2.099670,0.063789,0
1519,17.635556,,1.076947,0.057877,0
1520,17.647166,,1.315882,0.057335,0
1521,17.658776,,1.323126,0.063566,0
1522,17.670385,,1.011783,0.066907,0
1523,17.681995,,0.992427,0.071721,0
1524,17.693605,,0.783824,0.073434,0
1525,17.705215,,0.354695,0.066424,0
1526,17.716825,,0.625879,0.060057,0
1527,17.728435,,0.844409,0.053727,0
1528,17.740045,,0.943399,0.046757,0
1529,17.751655,,0.507406,0.047377,0
1530,17.763265,107.666016,3.900230,0.045473,1
1531,17.774875,107.666016,3.127475,0.046342,1
1532,17.786485,,0.690261,0.047347,0
1533,17.798095,107.666016,3.347109,0.049123,1
1534,17.809705,107.666016,3.481551,0.052789,1
1535,17.821315,,0.898570,0.052587,0
1536,17.832925,107.666016,5.251935,0.066144,1
1537,17.844535,,2.747076,0.076603,0
1538,17.856145,,0.359736,0.090718,0
1539,17.867755,107.666016,3.352672,0.098266,1
1540,17.879365,107.666016,3.810601,0.094713,1
1541,17.890975,129.199219,7.394995,0.091972,1
1542,17.902585,129.199219,7.476918,0.084119,1
1543,17.914195,,0.717626,0.080465,0
1544,17.925805,,1.341881,0.079408,0
1545,17.937415,,0.640318,0.077141,0
1546,17.949025,,0.446435,0.073597,0
1547,17.960635,,0.789997,0.070536,0
1548,17.972245,129.199219,3.545073,0.071094,1
1549,17.983855,,2.453915,0.070387,0
1550,17.995465,,2.033437,0.071136,0
1551,18.007075,,2.054347,0.071908,0
1552,18.018685,,0.425444,0.070325,0
1553,18.030295,,1.043796,0.068409,0
1554,18.041905,,1.219490,0.067087,0
1555,18.053515,,2.571188,0.065711,0
1556,18.065125,,2.825192,0.064145,0
1557,18.076735,129.199219,3.019808,0.065381,1
1558,18.088345,,2.043571,0.064949,0
1559,18.099955,,1.485470,0.066176,0
1560,18.111565,,0.521077,0.066715,0
1561,18.123175,,0.978192,0.067322,0
1562,18.134785,,1.262396,0.071212,0
1563,18.146395,,2.757934,0.074984,0
1564,18.158005,193.798828,3.590168,0.078873,1
1565,18.169615,193.798828,3.798701,0.078232,1
1566,18.181224,193.798828,4.641754,0.075386,1
1567,18.192834,,2.268405,0.072162,0
1568,18.204444,,1.149106,0.068851,0
1569,18.216054,,0.947063,0.069793,0
1570,18.227664,366.064453,12.413693,0.069692,1
1571,18.239274,,1.794461,0.068720,0
1572,18.250884,193.798828,3.750704,0.069479,1
1573,18.262494,,2.845684,0.066464,0
1574,18.274104,,0.764601,0.065163,0
1575,18.285714,,1.963040,0.064463,0
1576,18.297324,,0.908909,0.061110,0
1577,18.308934,366.064453,7.549916,0.062585,1
1578,18.320544,,1.241471,0.067407,0
1579,18.332154,,0.596583,0.070670,0
1580,18.343764,,0.834625,0.069260,0
1581,18.355374,,1.545036,0.074310,0
1582,18.366984,129.199219,3.819539,0.069554,1
1583,18.378594,,2.698348,0.068538,0
1584,18.390204,215.332031,3.063613,0.079480,1
1585,18.401814,,1.671176,0.091857,0
1586,18.413424,,2.034917,0.105851,0
1587,18.425034,,2.033849,0.117051,0
1588,18.436644,861.328125,10.135219,0.128865,1
1589,18.448254,861.328125,18.643179,0.121517,1
1590,18.459864,882.861328,10.020366,0.118740,1
1591,18.471474,882.861328,8.101252,0.117467,1
1592,18.483084,882.861328,15.034694,0.115115,1
1593,18.494694,882.861328,19.756119,0.119135,1
1594,18.506304,882.861328,21.354361,0.118938,1
1595,18.517914,882.861328,17.913920,0.110374,1
1596,18.529524,904.394531,14.108694,0.095153,1
1597,18.541134,882.861328,12.705277,0.095868,1
1598,18.552744,904.394531,16.956140,0.103588,1
1599,18.564354,904.394531,20.175609,0.124922,1
1600,18.575964,904.394531,24.209228,0.134129,1
1601,18.587574,904.394531,21.221855,0.126068,1
1602,18.599184,904.394531,14.530899,0.117361,1
1603,18.610794,904.394531,8.717488,0.094953,1
1604,18.622404,882.861328,11.168621,0.078653,1
1605,18.634014,882.861328,10.216357,0.084190,1
1606,18.645624,882.861328,10.193563,0.076158,1
1607,18.657234,882.861328,10.216098,0.077420,1
1608,18.668844,882.861328,8.515286,0.075893,1
1609,18.680454,882.861328,9.369989,0.080803,1
1610,18.692063,861.328125,12.418154,0.093850,1
1611,18.703673,861.328125,15.431669,0.091846,1
1612,18.715283,882.861328,14.456857,0.092741,1
1613,18.726893,882.861328,7.869474,0.088520,1
1614,18.738503,882.861328,9.541734,0.081099,1
1615,18.750113,882.861328,12.672555,0.082562,1
1616,18.761723,882.861328,14.320484,0.088191,1
1617,18.773333,882.861328,16.790388,0.083624,1
1618,18.784943,882.861328,12.031076,0.077521,1
1619,18.796553,882.861328,12.442152,0.074584,1
1620,18.808163,279.931641,3.373991,0.067524,1
1621,18.819773,193.798828,6.587025,0.066820,1
1622,18.831383,,1.418434,0.065403,0
1623,18.842993,,1.808190,0.061173,0
1624,18.854603,,1.708892,0.058816,0
1625,18.866213,,1.373611,0.066157,0
1626,18.877823,,1.349755,0.071020,0
1627,18.889433,,0.534105,0.085400,0
1628,18.901043,,0.275470,0.090064,0
1629,18.912653,129.199219,9.826299,0.091137,1
1630,18.924263,129.199219,6.333543,0.089885,1
1631,18.935873,129.199219,5.189108,0.080366,1
1632,18.947483,,1.759913,0.080468,0
1633,18.959093,,0.495187,0.074795,0
1634,18.970703,,0.715315,0.074987,0
1635,18.982313,,2.958647,0.075678,0
1636,18.993923,279.931641,6.588274,0.076554,1
1637,19.005533,,2.927333,0.076815,0
1638,19.017143,,0.612646,0.077259,0
1639,19.028753,,0.628925,0.076816,0
1640,19.040363,,0.510353,0.076465,0
1641,19.051973,,0.802291,0.075370,0
1642,19.063583,,0.981107,0.072195,0
1643,19.075193,,0.781200,0.067978,0
1644,19.086803,,1.026906,0.061253,0
1645,19.098413,,1.455562,0.057378,0
1646,19.110023,,1.194241,0.053710,0
1647,19.121633,193.798828,3.624223,0.051060,1
1648,19.133243,,2.046226,0.049290,0
1649,19.144853,,1.000000,0.048091,0
1650,19.156463,,0.785847,0.051192,0
1651,19.168073,,0.975954,0.049125,0
1652,19.179683,366.064453,10.527705,0.056593,1
1653,19.191293,366.064453,9.321695,0.059558,1
1654,19.202902,366.064453,10.292737,0.058621,1
1655,19.214512,,2.410355,0.060737,0
1656,19.226122,,0.984095,0.056155,0
1657,19.237732,366.064453,5.686042,0.058147,1
1658,19.249342,,1.971181,0.062538,0
1659,19.260952,,2.517026,0.072883,0
1660,19.272562,,2.257748,0.079732,0
1661,19.284172,129.199219,3.208440,0.083830,1
1662,19.295782,193.798828,3.818460,0.086178,1
1663,19.307392,,0.254227,0.081246,0
1664,19.319002,,0.380353,0.074468,0
1665,19.330612,193.798828,3.290930,0.068156,1
1666,19.342222,,0.918740,0.063564,0
1667,19.353832,,0.314589,0.064935,0
1668,19.365442,,0.253440,0.070867,0
1669,19.377052,279.931641,3.659382,0.072764,1
1670,19.388662,,0.518648,0.071650,0
1671,19.400272,,1.000000,0.072058,0
1672,19.411882,,1.847779,0.071859,0
1673,19.423492,,2.222961,0.069354,0
1674,19.435102,,2.020900,0.072501,0
1675,19.446712,,0.472259,0.067265,0
1676,19.458322,193.798828,7.317922,0.062801,1
1677,19.469932,193.798828,3.935714,0.063683,1
1678,19.481542,,1.011429,0.063060,0
1679,19.493152,,1.374191,0.067476,0
1680,19.504762,,1.034616,0.070680,0
1681,19.516372,193.798828,6.727783,0.075908,1
1682,19.527982,193.798828,6.168809,0.078878,1
1683,19.539592,366.064453,11.496726,0.077093,1
1684,19.551202,366.064453,10.388799,0.074458,1
1685,19.562812,366.064453,11.347127,0.069270,1
1686,19.574422,366.064453,10.717151,0.063810,1
1687,19.586032,366.064453,7.354307,0.062566,1
1688,19.597642,366.064453,7.517098,0.063016,1
1689,19.609252,193.798828,5.853993,0.065454,1
1690,19.620862,193.798828,6.195353,0.065941,1
1691,19.632472,193.798828,5.700569,0.071113,1
1692,19.644082,366.064453,5.801126,0.073226,1
1693,19.655692,193.798828,6.149746,0.078815,1
1694,19.667302,193.798828,8.434370,0.077828,1
1695,19.678912,366.064453,5.159244,0.070194,1
1696,19.690522,172.265625,3.572332,0.063259,1
1697,19.702132,366.064453,4.237759,0.050368,1
1698,19.713741,172.265625,9.406468,0.048059,1
1699,19.725351,,2.052937,0.048681,0
1700,19.736961,215.332031,3.038872,0.051931,1
1701,19.748571,129.199219,4.113745,0.050360,1
1702,19.760181,,1.000000,0.050578,0
1703,19.771791,,0.943448,0.051195,0
1704,19.783401,,0.467637,0.049328,0
1705,19.795011,,1.325666,0.051911,0
1706,19.806621,,0.943159,0.051415,0
1707,19.818231,,0.291805,0.052142,0
1708,19.829841,193.798828,7.007114,0.055975,1
1709,19.841451,366.064453,5.145129,0.057921,1
1710,19.853061,193.798828,8.982513,0.061662,1
1711,19.864671,,0.474184,0.061486,0
1712,19.876281,,2.051444,0.060800,0
1713,19.887891,193.798828,7.712244,0.059194,1
1714,19.899501,172.265625,6.533006,0.075588,1
1715,19.911111,193.798828,8.803262,0.096654,1
1716,19.922721,,1.502665,0.113771,0
1717,19.934331,,2.933050,0.120250,0
1718,19.945941,322.998047,3.036367,0.120607,1
1719,19.957551,,2.898589,0.113980,0
1720,19.969161,,1.175262,0.102665,0
1721,19.980771,,2.346403,0.100519,0
1722,19.992381,,2.673603,0.100738,0
1723,20.003991,968.994141,7.739360,0.101705,1
1724,20.015601,968.994141,8.383004,0.099676,1
1725,20.027211,968.994141,9.424001,0.101505,1
1726,20.038821,968.994141,6.385620,0.092932,1
1727,20.050431,322.998047,5.889263,0.086089,1
1728,20.062041,322.998047,6.892640,0.087366,1
1729,20.073651,,1.284778,0.084359,0
1730,20.085261,,0.628133,0.083969,0
1731,20.096871,215.332031,6.772530,0.080812,1
1732,20.108481,,0.872194,0.076131,0
1733,20.120091,215.332031,7.401198,0.074214,1
1734,20.131701,,1.343578,0.067502,0
1735,20.143311,,0.933814,0.062151,0
1736,20.154921,215.332031,8.010136,0.057371,1
1737,20.166531,193.798828,3.323394,0.051530,1
1738,20.178141,,0.697304,0.054932,0
1739,20.189751,193.798828,3.224417,0.062557,1
1740,20.201361,193.798828,3.772661,0.066127,1
1741,20.212971,,2.007950,0.073750,0
1742,20.224580,,1.567354,0.077247,0
1743,20.236190,,1.213718,0.080786,0
1744,20.247800,215.332031,6.126978,0.081157,1
1745,20.259410,,1.470493,0.076327,0
1746,20.271020,,2.483156,0.071715,0
1747,20.282630,,2.516350,0.069025,0
1748,20.294240,,1.789854,0.069402,0
1749,20.305850,,1.633057,0.072212,0
1750,20.317460,,1.635828,0.073896,0
1751,20.329070,,1.172493,0.069755,0
1752,20.340680,,2.039412,0.071040,0
1753,20.352290,,2.043993,0.068119,0
1754,20.363900,,2.427857,0.067988,0
1755,20.375510,,1.651472,0.071434,0
1756,20.387120,,2.123731,0.074335,0
1757,20.398730,322.998047,3.557199,0.076039,1
1758,20.410340,,1.710451,0.076482,0
1759,20.421950,,2.096531,0.075430,0
1760,20.433560,,1.000292,0.075948,0
1761,20.445170,215.332031,6.116076,0.095454,1
1762,20.456780,667.529297,12.859555,0.108604,1
1763,20.468390,,1.659577,0.108428,0
1764,20.480000,172.265625,4.716346,0.108952,1
1765,20.491610,,2.899962,0.093295,0
1766,20.503220,,2.915638,0.073751,0
1767,20.514830,,2.361161,0.072300,0
1768,20.526440,215.332031,5.024743,0.067631,1
1769,20.538050,,1.000000,0.066492,0
1770,20.549660,,1.487699,0.073197,0
1771,20.561270,215.332031,5.325540,0.077005,1
1772,20.572880,,1.220899,0.079501,0
1773,20.584490,,1.451872,0.076287,0
1774,20.596100,,1.038014,0.073874,0
1775,20.607710,,1.526502,0.072890,0
1776,20.619320,,1.846680,0.075229,0
1777,20.630930,,1.910789,0.082006,0
1778,20.642540,107.666016,3.157655,0.083129,1
1779,20.654150,,2.490755,0.085184,0
1780,20.665760,,1.391969,0.085477,0
1781,20.677370,107.666016,3.127851,0.082143,1
1782,20.688980,,1.524363,0.082491,0
1783,20.700590,107.666016,3.946134,0.079593,1
1784,20.712200,,1.269137,0.075376,0
1785,20.723810,,1.476935,0.072549,0
1786,20.735420,,1.930192,0.067997,0
1787,20.747029,,2.402158,0.063109,0
1788,20.758639,,1.874984,0.055957,0
1789,20.770249,,2.393802,0.053015,0
1790,20.781859,,2.355568,0.052038,0
1791,20.793469,,2.519544,0.054113,0
1792,20.805079,129.199219,3.726373,0.056177,1
1793,20.816689,,1.166008,0.056508,0
1794,20.828299,,1.670428,0.055774,0
1795,20.839909,,1.726732,0.051631,0
1796,20.851519,,2.769717,0.050181,0
1797,20.863129,,2.060489,0.050316,0
1798,20.874739,215.332031,3.367952,0.048197,1
1799,20.886349,215.332031,3.764187,0.049437,1
1800,20.897959,107.666016,5.248550,0.047708,1
1801,20.909569,107.666016,4.306079,0.049081,1
1802,20.921179,,1.719041,0.054551,0
1803,20.932789,,1.712654,0.060408,0
1804,20.944399,,1.883845,0.073439,0
1805,20.956009,129.199219,3.019620,0.080648,1
1806,20.967619,,1.369207,0.087979,0
1807,20.979229,107.666016,7.207622,0.091613,1
1808,20.990839,129.199219,14.363123,0.089901,1
1809,21.002449,129.199219,7.629665,0.088324,1
1810,21.014059,,1.566140,0.083894,0
1811,21.025669,,2.899082,0.077554,0
1812,21.037279,129.199219,3.283458,0.073138,1
1813,21.048889,129.199219,3.666001,0.068219,1
1814,21.060499,129.199219,5.120395,0.061365,1
1815,21.072109,129.199219,3.986419,0.060126,1
1816,21.083719,129.199219,4.868937,0.056829,1
1817,21.095329,129.199219,3.970887,0.056527,1
1818,21.106939,,1.011750,0.058477,0
1819,21.118549,129.199219,3.929421,0.056824,1
1820,21.130159,,2.675320,0.055798,0
1821,21.141769,,2.582589,0.057576,0
1822,21.153379,,2.412991,0.058250,0
1823,21.164989,,1.754602,0.060695,0
1824,21.176599,,1.916948,0.059322,0
1825,21.188209,,2.056632,0.054084,0
1826,21.199819,,1.221657,0.059401,0
1827,21.211429,215.332031,10.610358,0.058163,1
1828,21.223039,215.332031,11.979472,0.063570,1
1829,21.234649,,0.665593,0.078266,0
1830,21.246259,,0.677144,0.081540,0
1831,21.257868,,0.835514,0.092361,0
1832,21.269478,215.332031,5.801205,0.093860,1
1833,21.281088,215.332031,4.650404,0.089002,1
1834,21.292698,215.332031,6.720263,0.089888,1
1835,21.304308,,0.822977,0.083542,0
1836,21.315918,215.332031,4.820609,0.103867,1
1837,21.327528,667.529297,12.836513,0.117569,1
1838,21.339138,215.332031,3.770179,0.120213,1
1839,21.350748,215.332031,6.724671,0.123443,1
1840,21.362358,215.332031,5.432983,0.108106,1
1841,21.373968,215.332031,3.988561,0.096816,1
1842,21.385578,,0.594487,0.101766,0
1843,21.397188,344.531250,4.423471,0.104051,1
1844,21.408798,,2.954265,0.106350,0
1845,21.420408,,2.429524,0.104557,0
1846,21.432018,,1.168241,0.096498,0
1847,21.443628,322.998047,5.678812,0.096067,1
1848,21.455238,,0.442299,0.101367,0
1849,21.466848,,1.113884,0.106682,0
1850,21.478458,753.662109,13.078362,0.110671,1
1851,21.490068,,2.507751,0.112802,0
1852,21.501678,732.128906,14.356157,0.109653,1
1853,21.513288,193.798828,7.455988,0.098638,1
1854,21.524898,193.798828,5.420127,0.090485,1
1855,21.536508,732.128906,10.818601,0.082769,1
1856,21.548118,,0.426562,0.080030,0
1857,21.559728,,1.907182,0.089954,0
1858,21.571338,732.128906,19.254182,0.095315,1
1859,21.582948,732.128906,29.160071,0.097479,1
1860,21.594558,366.064453,4.426686,0.097518,1
1861,21.606168,,2.461359,0.094644,0
1862,21.617778,732.128906,17.157288,0.089796,1
1863,21.629388,366.064453,3.662696,0.085711,1
1864,21.640998,258.398438,7.379831,0.083508,1
1865,21.652608,258.398438,15.114320,0.082050,1
1866,21.664218,258.398438,17.696235,0.091533,1
1867,21.675828,,0.720864,0.103644,0
1868,21.687438,,0.939942,0.102629,0
1869,21.699048,,1.893231,0.118526,0
1870,21.710658,344.531250,4.374784,0.118253,1
1871,21.722268,172.265625,4.802819,0.116448,1
1872,21.733878,667.529297,7.517179,0.120753,1
1873,21.745488,,0.660088,0.103746,0
1874,21.757098,215.332031,3.585467,0.095778,1
1875,21.768707,,2.148073,0.086835,0
1876,21.780317,,1.929056,0.079344,0
1877,21.791927,215.332031,3.576577,0.075297,1
1878,21.803537,,1.251848,0.070239,0
1879,21.815147,129.199219,3.603065,0.066726,1
1880,21.826757,,1.440471,0.065760,0
1881,21.838367,,2.153821,0.067159,0
1882,21.849977,,2.426142,0.070589,0
1883,21.861587,,0.409717,0.073429,0
1884,21.873197,882.861328,8.108870,0.079809,1
1885,21.884807,322.998047,3.827927,0.082256,1
1886,21.896417,322.998047,5.788176,0.080441,1
1887,21.908027,,1.154899,0.075588,0
1888,21.919637,,2.284316,0.064816,0
1889,21.931247,344.531250,6.841739,0.058348,1
1890,21.942857,,1.037844,0.054768,0
1891,21.954467,,1.350672,0.050527,0
1892,21.966077,,0.936187,0.058050,0
1893,21.977687,215.332031,4.890446,0.074475,1
1894,21.989297,215.332031,9.853363,0.079616,1
1895,22.000907,,1.429909,0.086344,0
1896,22.012517,129.199219,8.777459,0.086808,1
1897,22.024127,129.199219,13.255934,0.076031,1
1898,22.035737,172.265625,3.969749,0.074632,1
1899,22.047347,,2.870579,0.068447,0
1900,22.058957,,1.324968,0.060840,0
1901,22.070567,322.998047,3.275335,0.057610,1
1902,22.082177,129.199219,6.412569,0.051398,1
1903,22.093787,107.666016,3.582458,0.049941,1
1904,22.105397,,1.359605,0.050511,0
1905,22.117007,322.998047,5.018461,0.050654,1
1906,22.128617,129.199219,4.625261,0.051974,1
1907,22.140227,129.199219,3.649865,0.052980,1
1908,22.151837,,2.302157,0.053752,0
1909,22.163447,,1.048762,0.053514,0
1910,22.175057,,0.873070,0.059456,0
1911,22.186667,,1.148211,0.064137,0
1912,22.198277,,2.786717,0.068172,0
1913,22.209887,,1.816501,0.072488,0
1914,22.221497,,1.320503,0.072843,0
1915,22.233107,,0.524624,0.074160,0
1916,22.244717,,0.950082,0.071742,0
1917,22.256327,129.199219,4.779567,0.068540,1
1918,22.267937,,2.148076,0.063718,0
1919,22.279546,107.666016,5.403072,0.058807,1
1920,22.291156,129.199219,7.242664,0.056526,1
1921,22.302766,,0.655671,0.054394,0
1922,22.314376,,0.810820,0.051627,0
1923,22.325986,,0.366944,0.047698,0
1924,22.337596,,1.473724,0.051959,0
1925,22.349206,,0.384448,0.066762,0
1926,22.360816,,0.720832,0.073903,0
1927,22.372426,,0.526678,0.076327,0
1928,22.384036,107.666016,5.266318,0.074564,1
1929,22.395646,107.666016,3.424845,0.063407,1
1930,22.407256,107.666016,5.393540,0.055561,1
1931,22.418866,107.666016,5.404292,0.053447,1
1932,22.430476,107.666016,5.276565,0.049817,1
1933,22.442086,129.199219,5.234296,0.046893,1
1934,22.453696,,0.715449,0.047282,0
1935,22.465306,172.265625,4.025015,0.048233,1
1936,22.476916,,1.901914,0.053299,0
1937,22.488526,,0.788668,0.060209,0
1938,22.500136,107.666016,3.706353,0.067062,1
1939,22.511746,,1.793239,0.070289,0
1940,22.523356,,1.287711,0.074247,0
1941,22.534966,279.931641,6.264872,0.075354,1
1942,22.546576,279.931641,5.520859,0.074850,1
1943,22.558186,,1.086904,0.076969,0
1944,22.569796,,1.250673,0.076820,0
1945,22.581406,,0.796967,0.075944,0
1946,22.593016,,0.363152,0.077207,0
1947,22.604626,,0.412284,0.077825,0
1948,22.616236,172.265625,4.840131,0.077946,1
1949,22.627846,,0.524620,0.080250,0
1950,22.639456,,0.868695,0.079230,0
1951,22.651066,,0.790435,0.081577,0
1952,22.662676,,0.846258,0.086703,0
1953,22.674286,,0.820749,0.086412,0
1954,22.685896,,1.372983,0.089842,0
1955,22.697506,,2.000502,0.090992,0
1956,22.709116,,2.675761,0.085710,0
1957,22.720726,,1.582594,0.086727,0
1958,22.732336,,1.007128,0.083555,0
1959,22.743946,,1.360859,0.078115,0
1960,22.755556,882.861328,10.276214,0.076802,1
1961,22.767166,904.394531,10.983132,0.071955,1
1962,22.778776,,0.707555,0.069667,0
1963,22.790385,882.861328,11.441411,0.075254,1
1964,22.801995,,1.988393,0.078826,0
1965,22.813605,904.394531,14.591561,0.080870,1
1966,22.825215,882.861328,18.325032,0.083245,1
1967,22.836825,882.861328,15.961513,0.084873,1
1968,22.848435,882.861328,16.502879,0.082009,1
1969,22.860045,,1.563171,0.081671,0
1970,22.871655,,1.700497,0.083542,0
1971,22.883265,,0.329294,0.079246,0
1972,22.894875,882.861328,14.647222,0.083244,1
1973,22.906485,129.199219,3.147969,0.087477,1
1974,22.918095,,1.000000,0.087521,0
1975,22.929705,904.394531,13.857506,0.086231,1
1976,22.941315,882.861328,13.681838,0.083071,1
1977,22.952925,882.861328,15.289203,0.078845,1
1978,22.964535,882.861328,14.815964,0.076446,1
1979,22.976145,,0.907324,0.074285,0
1980,22.987755,,0.714772,0.071868,0
1981,22.999365,172.265625,9.685736,0.069652,1
1982,23.010975,,1.102363,0.081191,0
1983,23.022585,,1.078860,0.094487,0
1984,23.034195,,0.716950,0.097496,0
1985,23.045805,129.199219,9.037180,0.098861,1
1986,23.057415,129.199219,10.438160,0.085891,1
1987,23.069025,129.199219,9.603846,0.070855,1
1988,23.080635,,1.088348,0.062712,0
1989,23.092245,,0.565139,0.060587,0
1990,23.103855,,0.934291,0.058687,0
1991,23.115465,,0.873613,0.054233,0
1992,23.127075,,0.508294,0.054296,0
1993,23.138685,,0.383935,0.050790,0
1994,23.150295,,2.851415,0.052277,0
1995,23.161905,,0.493954,0.055846,0
1996,23.173515,129.199219,3.968935,0.060647,1
1997,23.185125,,0.816257,0.063377,0
1998,23.196735,,0.784988,0.065389,0
1999,23.208345,,0.808229,0.064934,0
2000,23.219955,,1.194209,0.065674,0
2001,23.231565,,1.490368,0.063972,0
2002,23.243175,,1.394770,0.063848,0
2003,23.254785,,1.202705,0.064340,0
2004,23.266395,,1.637280,0.063615,0
2005,23.278005,,1.265938,0.061557,0
2006,23.289615,,1.899767,0.061450,0
2007,23.301224,,0.792689,0.059226,0
2008,23.312834,,2.514805,0.057856,0
2009,23.324444,172.265625,5.980342,0.059546,1
2010,23.336054,172.265625,7.310701,0.060379,1
2011,23.347664,,1.000000,0.062092,0
2012,23.359274,,1.255726,0.061767,0
2013,23.370884,,0.934981,0.063979,0
2014,23.382494,,1.000000,0.063153,0
2015,23.394104,,1.141658,0.063682,0
2016,23.405714,,1.237200,0.063892,0
2017,23.417324,,1.656192,0.063569,0
2018,23.428934,,1.192954,0.062988,0
2019,23.440544,,1.539049,0.066445,0
2020,23.452154,,1.000000,0.069105,0
2021,23.463764,,0.820954,0.076851,0
2022,23.475374,,0.456524,0.082991,0
2023,23.486984,,0.823656,0.098588,0
2024,23.498594,,1.024331,0.137372,0
2025,23.510204,947.460938,12.167569,0.159908,1
2026,23.521814,925.927734,21.914937,0.168173,1
2027,23.533424,925.927734,18.067487,0.161320,1
2028,23.545034,193.798828,3.698374,0.134525,1
2029,23.556644,193.798828,6.045469,0.106863,1
2030,23.568254,193.798828,5.329166,0.097905,1
2031,23.579864,193.798828,7.105580,0.107162,1
2032,23.591474,947.460938,20.583114,0.117270,1
2033,23.603084,925.927734,21.574608,0.136140,1
2034,23.614694,904.394531,19.732930,0.145621,1
2035,23.626304,904.394531,25.720320,0.149045,1
2036,23.637914,882.861328,20.054446,0.139593,1
2037,23.649524,861.328125,14.679193,0.116390,1
2038,23.661134,193.798828,5.551988,0.096120,1
2039,23.672744,193.798828,5.290346,0.073423,1
2040,23.684354,,0.972528,0.063767,0
2041,23.695964,,0.678623,0.062457,0
2042,23.707574,193.798828,8.418315,0.061172,1
2043,23.719184,,1.000000,0.062010,0
2044,23.730794,,1.302858,0.062961,0
2045,23.742404,904.394531,7.030742,0.066424,1
2046,23.754014,904.394531,9.011488,0.065790,1
2047,23.765624,,1.363689,0.067503,0
2048,23.777234,172.265625,5.236364,0.072765,1
2049,23.788844,193.798828,5.439045,0.073188,1
2050,23.800454,,1.040432,0.074547,0
2051,23.812063,193.798828,8.826002,0.072436,1
2052,23.823673,193.798828,7.172650,0.066777,1
2053,23.835283,193.798828,5.417819,0.063748,1
2054,23.846893,,2.192138,0.062552,0
2055,23.858503,,2.469134,0.062206,0
2056,23.870113,,2.441116,0.065704,0
2057,23.881723,193.798828,7.719628,0.066639,1
2058,23.893333,193.798828,8.542944,0.064788,1
2059,23.904943,193.798828,5.877781,0.065205,1
2060,23.916553,193.798828,4.797784,0.065320,1
2061,23.928163,193.798828,3.907152,0.068311,1
2062,23.939773,172.265625,3.672941,0.070925,1
2063,23.951383,710.595703,12.274987,0.065336,1
2064,23.962993,,2.353467,0.056592,0
2065,23.974603,,2.764299,0.046272,0
2066,23.986213,,2.738022,0.037268,0
2067,23.997823,,1.469190,0.036910,0
2068,24.009433,,1.465511,0.037588,0
2069,24.021043,,1.471984,0.034812,0
2070,24.032653,,0.807082,0.035291,0
2071,24.044263,,0.751074,0.052042,0
2072,24.055873,,0.533600,0.073188,0
2073,24.067483,129.199219,3.376319,0.081063,1
2074,24.079093,129.199219,8.737861,0.090342,1
2075,24.090703,129.199219,11.872275,0.086741,1
2076,24.102313,129.199219,9.956824,0.076720,1
2077,24.113923,129.199219,9.400918,0.071225,1
2078,24.125533,107.666016,5.232289,0.061368,1
2079,24.137143,107.666016,3.925109,0.058319,1
2080,24.148753,129.199219,4.094293,0.049705,1
2081,24.160363,107.666016,4.021655,0.050006,1
2082,24.171973,107.666016,3.146550,0.049567,1
2083,24.183583,129.199219,3.532739,0.049788,1
2084,24.195193,,2.204384,0.051071,0
2085,24.206803,,2.286245,0.048037,0
2086,24.218413,,0.684860,0.048068,0
2087,24.230023,,1.712391,0.046020,0
2088,24.241633,,1.237294,0.051430,0
2089,24.253243,,2.391382,0.056282,0
2090,24.264853,107.666016,3.637731,0.057813,1
2091,24.276463,,2.917758,0.057897,0
2092,24.288073,,2.541733,0.054714,0
2093,24.299683,,2.408735,0.052339,0
2094,24.311293,107.666016,3.124451,0.054536,1
2095,24.322902,,2.504102,0.064265,0
2096,24.334512,,1.608212,0.066698,0
2097,24.346122,,2.143949,0.066498,0
2098,24.357732,,2.327785,0.064371,0
2099,24.369342,,2.766402,0.054717,0
2100,24.380952,,1.565562,0.054818,0
2101,24.392562,,2.106319,0.057373,0
2102,24.404172,,2.226889,0.057011,0
2103,24.415782,,2.162876,0.059703,0
2104,24.427392,,1.836295,0.060115,0
2105,24.439002,,2.126588,0.059399,0
2106,24.450612,,1.260785,0.063212,0
2107,24.462222,,1.816262,0.066764,0
2108,24.473832,,2.360661,0.068643,0
2109,24.485442,,2.286365,0.070244,0
2110,24.497052,,2.518076,0.069107,0
2111,24.508662,,2.489231,0.068297,0
2112,24.520272,,2.214019,0.067837,0
2113,24.531882,,2.636897,0.073127,0
2114,24.543492,107.666016,3.246429,0.072732,1
2115,24.555102,,2.987071,0.073082,0
2116,24.566712,,0.720548,0.072304,0
2117,24.578322,107.666016,3.594992,0.069489,1
2118,24.589932,,1.823009,0.070548,0
2119,24.601542,,0.148387,0.075245,0
2120,24.613152,172.265625,4.553664,0.075144,1
2121,24.624762,,1.000000,0.071296,0
2122,24.636372,,1.257171,0.070299,0
2123,24.647982,,2.411565,0.062969,0
2124,24.659592,107.666016,3.413062,0.063562,1
2125,24.671202,,2.626678,0.065690,0
2126,24.682812,,2.506537,0.067499,0
2127,24.694422,,2.133572,0.068519,0
2128,24.706032,,2.915743,0.068048,0
2129,24.717642,,2.674077,0.070039,0
2130,24.729252,,2.961931,0.068191,0
2131,24.740862,,2.205512,0.067440,0
2132,24.752472,,1.771659,0.067319,0
2133,24.764082,,1.431586,0.067849,0
2134,24.775692,,2.626342,0.069415,0
2135,24.787302,,2.319654,0.067421,0
2136,24.798912,,2.314057,0.066488,0
2137,24.810522,107.666016,3.169594,0.065383,1
2138,24.822132,215.332031,5.614643,0.064604,1
2139,24.833741,,1.455992,0.063149,0
2140,24.845351,,1.197617,0.060650,0
2141,24.856961,215.332031,7.548049,0.056268,1
2142,24.868571,107.666016,3.143282,0.054783,1
2143,24.880181,107.666016,3.369681,0.056892,1
2144,24.891791,215.332031,6.293333,0.058589,1
2145,24.903401,,1.591560,0.058509,0
2146,24.915011,107.666016,4.495920,0.060265,1
2147,24.926621,,1.525879,0.060920,0
2148,24.938231,215.332031,3.709830,0.065628,1
2149,24.949841,215.332031,4.310843,0.067417,1
2150,24.961451,107.666016,3.249121,0.065671,1
2151,24.973061,107.666016,3.180969,0.063342,1
2152,24.984671,107.666016,3.022758,0.058619,1
2153,24.996281,107.666016,3.938643,0.058037,1
2154,25.007891,,2.655552,0.056825,0
2155,25.019501,,0.553631,0.057474,0
2156,25.031111,,2.564251,0.056062,0
2157,25.042721,,2.495143,0.058107,0
2158,25.054331,,2.092986,0.060733,0
2159,25.065941,,2.009215,0.079705,0
2160,25.077551,,2.253789,0.111910,0
2161,25.089161,904.394531,13.182485,0.132966,1
2162,25.100771,904.394531,11.902990,0.135286,1
2163,25.112381,904.394531,7.041910,0.129477,1
2164,25.123991,129.199219,6.964958,0.104136,1
2165,25.135601,107.666016,3.024764,0.076774,1
2166,25.147211,107.666016,7.282902,0.070242,1
2167,25.158821,215.332031,3.572406,0.061201,1
2168,25.170431,107.666016,5.506958,0.058821,1
2169,25.182041,839.794922,4.466536,0.050948,1
2170,25.193651,,1.906361,0.051667,0
2171,25.205261,107.666016,4.742725,0.054621,1
2172,25.216871,,1.440100,0.050926,0
2173,25.228481,,1.565225,0.053177,0
2174,25.240091,,1.145210,0.054772,0
2175,25.251701,,1.423961,0.050308,0
2176,25.263311,322.998047,4.612334,0.054337,1
2177,25.274921,107.666016,4.480290,0.054076,1
2178,25.286531,107.666016,3.318618,0.054182,1
2179,25.298141,107.666016,3.117393,0.065202,1
2180,25.309751,107.666016,3.160655,0.073023,1
2181,25.321361,,2.599747,0.084045,0
2182,25.332971,,1.652438,0.086264,0
2183,25.344580,,1.095650,0.078991,0
2184,25.356190,366.064453,4.238952,0.073044,1
2185,25.367800,,1.117334,0.058978,0
2186,25.379410,,1.215434,0.052094,0
2187,25.391020,,0.919698,0.055559,0
2188,25.402630,,1.000000,0.055341,0
2189,25.414240,366.064453,3.256634,0.058389,1
2190,25.425850,366.064453,3.795330,0.060928,1
2191,25.437460,366.064453,5.829875,0.061710,1
2192,25.449070,,1.000000,0.065538,0
2193,25.460680,,1.452132,0.071065,0
2194,25.472290,344.531250,6.167372,0.076132,1
2195,25.483900,344.531250,11.077333,0.083885,1
2196,25.495510,,1.658579,0.094158,0
2197,25.507120,,1.726293,0.093568,0
2198,25.518730,,0.943796,0.096557,0
2199,25.530340,344.531250,14.903666,0.095006,1
2200,25.541950,344.531250,15.617968,0.085149,1
2201,25.553560,344.531250,10.042456,0.085413,1
2202,25.565170,344.531250,4.585882,0.084984,1
2203,25.576780,344.531250,3.250539,0.092236,1
2204,25.588390,,1.362388,0.111221,0
2205,25.600000,689.062500,22.542845,0.125134,1
2206,25.611610,689.062500,18.990876,0.128045,1
2207,25.623220,,1.363480,0.125043,0
2208,25.634830,,2.510356,0.113056,0
2209,25.646440,,2.383867,0.101161,0
2210,25.658050,,1.307505,0.101898,0
2211,25.669660,,2.607530,0.110066,0
2212,25.681270,,1.641759,0.117107,0
2213,25.692880,,1.350274,0.114004,0
2214,25.704490,215.332031,3.193803,0.104248,1
2215,25.716100,215.332031,4.604495,0.085089,1
2216,25.727710,,0.803137,0.063452,0
2217,25.739320,,0.764460,0.053545,0
2218,25.750930,,0.616650,0.046822,0
2219,25.762540,,0.736124,0.044193,0
2220,25.774150,,0.786350,0.039576,0
2221,25.785760,,1.232305,0.044829,0
2222,25.797370,,0.698043,0.049914,0
2223,25.808980,215.332031,3.734323,0.062148,1
2224,25.820590,,1.108651,0.071982,0
2225,25.832200,,1.711444,0.072679,0
2226,25.843810,,1.026461,0.074443,0
2227,25.855420,322.998047,14.596180,0.068406,1
2228,25.867029,,0.712272,0.063722,0
2229,25.878639,,1.980739,0.067875,0
2230,25.890249,,2.270362,0.073299,0
2231,25.901859,,1.777205,0.073337,0
2232,25.913469,,1.111064,0.070771,0
2233,25.925079,,2.326221,0.063124,0
2234,25.936689,129.199219,4.480212,0.055819,1
2235,25.948299,322.998047,4.294391,0.059217,1
2236,25.959909,,0.658448,0.066922,0
2237,25.971519,,1.012307,0.071301,0
2238,25.983129,,0.653334,0.071115,0
2239,25.994739,,0.668423,0.071309,0
2240,26.006349,,0.627631,0.065576,0
2241,26.017959,,0.674148,0.066127,0
2242,26.029569,,0.873563,0.066853,0
2243,26.041179,,0.349616,0.067032,0
2244,26.052789,,0.385698,0.069622,0
2245,26.064399,,0.320335,0.069365,0
2246,26.076009,236.865234,10.987264,0.074261,1
2247,26.087619,,0.335482,0.082903,0
2248,26.099229,,1.860203,0.094174,0
2249,26.110839,,1.459770,0.100006,0
2250,26.122449,322.998047,8.533972,0.104108,1
2251,26.134059,,0.591087,0.113100,0
2252,26.145669,,0.308723,0.121023,0
2253,26.157279,,0.627615,0.119939,0
2254,26.168889,,0.924627,0.124739,0
2255,26.180499,,0.535348,0.118894,0
2256,26.192109,,0.387860,0.109385,0
2257,26.203719,,0.351368,0.110733,0
2258,26.215329,,0.384362,0.102350,0
2259,26.226939,322.998047,20.041460,0.092202,1
2260,26.238549,322.998047,13.456066,0.083499,1
2261,26.250159,322.998047,10.017546,0.080754,1
2262,26.261769,322.998047,13.471189,0.077862,1
2263,26.273379,,0.918861,0.076160,0
2264,26.284989,,1.018491,0.072124,0
2265,26.296599,,2.945025,0.061528,0
2266,26.308209,,1.000000,0.059103,0
2267,26.319819,,1.159025,0.054860,0
2268,26.331429,,0.914142,0.059187,0
2269,26.343039,,0.843646,0.061197,0
2270,26.354649,,0.916908,0.062461,0
2271,26.366259,,1.115241,0.066179,0
2272,26.377868,,0.837437,0.065338,0
2273,26.389478,,1.911596,0.066796,0
2274,26.401088,,1.432395,0.064332,0
2275,26.412698,,2.054029,0.066530,0
2276,26.424308,,1.209557,0.067347,0
2277,26.435918,,2.125431,0.066080,0
2278,26.447528,,1.254631,0.074873,0
2279,26.459138,366.064453,13.493223,0.084047,1
2280,26.470748,,0.987269,0.094039,0
2281,26.482358,,0.697164,0.111632,0
2282,26.493968,,0.246282,0.116826,0
2283,26.505578,,0.506122,0.117050,0
2284,26.517188,,0.445660,0.117254,0
2285,26.528798,,0.366252,0.110401,0
2286,26.540408,,0.386268,0.109557,0
2287,26.552018,,0.921855,0.106450,0
2288,26.563628,,0.659268,0.101609,0
2289,26.575238,,1.435058,0.098063,0
2290,26.586848,,1.338301,0.099997,0
2291,26.598458,301.464844,24.227169,0.100756,1
2292,26.610068,,1.000000,0.102902,0
2293,26.621678,,0.324545,0.103159,0
2294,26.633288,,0.641249,0.097285,0
2295,26.644898,215.332031,3.128249,0.102564,1
2296,26.656508,,0.453073,0.103523,0
2297,26.668118,861.328125,8.596890,0.107249,1
2298,26.679728,861.328125,7.107788,0.107629,1
2299,26.691338,215.332031,3.779053,0.116567,1
2300,26.702948,904.394531,12.271756,0.119324,1
2301,26.714558,904.394531,16.114554,0.122069,1
2302,26.726168,882.861328,11.687089,0.137206,1
2303,26.737778,882.861328,21.157279,0.126743,1
2304,26.749388,882.861328,20.453443,0.118421,1
2305,26.760998,193.798828,3.367789,0.108036,1
2306,26.772608,172.265625,3.706301,0.087087,1
2307,26.784218,882.861328,10.369567,0.083297,1
2308,26.795828,904.394531,15.488708,0.092095,1
2309,26.807438,904.394531,13.180118,0.107670,1
2310,26.819048,882.861328,24.608548,0.108078,1
2311,26.830658,882.861328,29.803855,0.107927,1
2312,26.842268,882.861328,18.729269,0.105049,1
2313,26.853878,279.931641,16.087473,0.093119,1
2314,26.865488,904.394531,20.610364,0.093673,1
2315,26.877098,904.394531,15.593029,0.091752,1
2316,26.888707,279.931641,10.087262,0.087444,1
2317,26.900317,279.931641,14.520556,0.081784,1
2318,26.911927,,1.278489,0.073509,0
2319,26.923537,882.861328,8.411448,0.072254,1
2320,26.935147,882.861328,11.114153,0.078903,1
2321,26.946757,882.861328,14.627558,0.080388,1
2322,26.958367,882.861328,15.472541,0.085344,1
2323,26.969977,882.861328,18.403119,0.081937,1
2324,26.981587,882.861328,9.452188,0.069731,1
2325,26.993197,882.861328,6.028989,0.068597,1
2326,27.004807,,1.140438,0.061441,0
2327,27.016417,,0.845152,0.061927,0
2328,27.028027,,0.557664,0.064887,0
2329,27.039637,882.861328,9.485477,0.059818,1
2330,27.051247,882.861328,7.751062,0.054723,1
2331,27.062857,,0.821591,0.051936,0
2332,27.074467,882.861328,7.634463,0.044840,1
2333,27.086077,882.861328,8.996957,0.044474,1
2334,27.097687,,1.617566,0.044146,0
2335,27.109297,,1.270647,0.044979,0
2336,27.120907,,1.018141,0.051866,0
2337,27.132517,,1.333767,0.058572,0
2338,27.144127,882.861328,9.806143,0.065286,1
2339,27.155737,,1.214805,0.071188,0
2340,27.167347,,0.842733,0.085802,0
2341,27.178957,172.265625,6.734678,0.094526,1
2342,27.190567,172.265625,8.450808,0.102748,1
2343,27.202177,,1.042257,0.105819,0
2344,27.213787,129.199219,8.184352,0.099250,1
2345,27.225397,,0.427133,0.092055,0
2346,27.237007,,0.897286,0.082437,0
2347,27.248617,172.265625,4.767313,0.078344,1
2348,27.260227,,0.579820,0.076792,0
2349,27.271837,,0.551690,0.081632,0
2350,27.283447,279.931641,5.090687,0.083324,1
2351,27.295057,279.931641,5.184930,0.081625,1
2352,27.306667,,1.815375,0.077136,0
2353,27.318277,,1.785726,0.066694,0
2354,27.329887,,0.768363,0.061699,0
2355,27.341497,,0.977295,0.057342,0
2356,27.353107,,1.066318,0.055730,0
2357,27.364717,,1.112486,0.058854,0
2358,27.376327,,1.295738,0.059984,0
2359,27.387937,,1.245021,0.061513,0
2360,27.399546,,1.206021,0.062744,0
2361,27.411156,,0.903406,0.063346,0
2362,27.422766,172.265625,6.892743,0.067953,1
2363,27.434376,172.265625,5.076081,0.073433,1
2364,27.445986,172.265625,5.000699,0.072913,1
2365,27.457596,,1.000000,0.072487,0
2366,27.469206,,0.714397,0.074125,0
2367,27.480816,129.199219,3.795840,0.075790,1
2368,27.492426,129.199219,4.135535,0.078349,1
2369,27.504036,,0.466724,0.079804,0
2370,27.515646,129.199219,3.614602,0.077272,1
2371,27.527256,129.199219,4.479875,0.074453,1
2372,27.538866,,0.513577,0.074529,0
2373,27.550476,129.199219,3.270281,0.078784,1
2374,27.562086,,0.429738,0.082248,0
2375,27.573696,,0.764966,0.084102,0
2376,27.585306,,0.677456,0.086712,0
2377,27.596916,,0.752894,0.080115,0
2378,27.608526,,0.617673,0.073081,0
2379,27.620136,193.798828,4.073292,0.072115,1
2380,27.631746,129.199219,3.809638,0.073349,1
2381,27.643356,193.798828,3.578465,0.076374,1
2382,27.654966,,0.511865,0.078610,0
2383,27.666576,129.199219,3.921030,0.077836,1
2384,27.678186,193.798828,3.024523,0.071565,1
2385,27.689796,,0.330592,0.070645,0
2386,27.701406,,0.606720,0.066241,0
2387,27.713016,,1.688044,0.065684,0
2388,27.724626,,1.956108,0.066567,0
2389,27.736236,,1.036004,0.067243,0
2390,27.747846,193.798828,7.398504,0.070636,1
2391,27.759456,193.798828,7.181002,0.074027,1
2392,27.771066,,0.666444,0.075036,0
2393,27.782676,193.798828,6.631900,0.075129,1
2394,27.794286,366.064453,3.176654,0.075612,1
2395,27.805896,193.798828,6.131375,0.070379,1
2396,27.817506,193.798828,5.119271,0.067669,1
2397,27.829116,,2.005792,0.066575,0
2398,27.840726,193.798828,5.908439,0.068180,1
2399,27.852336,,0.416107,0.071271,0
2400,27.863946,193.798828,4.838858,0.074212,1
2401,27.875556,193.798828,4.644917,0.077423,1
2402,27.887166,193.798828,7.990021,0.076638,1
2403,27.898776,193.798828,9.166076,0.076818,1
2404,27.910385,,0.764939,0.077119,0
2405,27.921995,,0.745273,0.078102,0
2406,27.933605,,0.846564,0.082047,0
2407,27.945215,366.064453,5.771396,0.080275,1
2408,27.956825,366.064453,8.910189,0.077537,1
2409,27.968435,366.064453,4.848406,0.070410,1
2410,27.980045,193.798828,6.351404,0.061515,1
2411,27.991655,193.798828,3.736976,0.060786,1
2412,28.003265,366.064453,5.926787,0.058421,1
2413,28.014875,366.064453,3.295000,0.062324,1
2414,28.026485,,1.099898,0.066150,0
2415,28.038095,,1.237324,0.063503,0
2416,28.049705,,1.172573,0.065429,0
2417,28.061315,,1.414896,0.060942,0
2418,28.072925,,1.137228,0.054932,0
2419,28.084535,,0.610517,0.051279,0
2420,28.096145,,0.639724,0.046005,0
2421,28.107755,,0.833057,0.045364,0
2422,28.119365,,0.826760,0.046338,0
2423,28.130975,,0.450875,0.049088,0
2424,28.142585,,0.336938,0.050166,0
2425,28.154195,,0.805530,0.052749,0
2426,28.165805,,0.800532,0.051658,0
2427,28.177415,,2.610706,0.049841,0
2428,28.189025,,2.410127,0.063593,0
2429,28.200635,215.332031,3.148303,0.094371,1
2430,28.212245,215.332031,5.011317,0.112870,1
2431,28.223855,215.332031,3.207768,0.125193,1
2432,28.235465,,1.823335,0.129605,0
2433,28.247075,,2.095781,0.116479,0
2434,28.258685,,1.873590,0.106929,0
2435,28.270295,,2.805308,0.100728,0
2436,28.281905,,2.948740,0.092102,0
2437,28.293515,,1.195978,0.086059,0
2438,28.305125,,2.256975,0.084252,0
2439,28.316735,,1.745054,0.081097,0
2440,28.328345,322.998047,5.733488,0.084298,1
2441,28.339955,322.998047,6.331510,0.087457,1
2442,28.351565,322.998047,3.877449,0.084181,1
2443,28.363175,,2.511179,0.082680,0
2444,28.374785,,1.000000,0.076487,0
2445,28.386395,215.332031,4.477664,0.072475,1
2446,28.398005,,0.855418,0.069745,0
2447,28.409615,,1.000000,0.063914,0
2448,28.421224,193.798828,7.676056,0.059844,1
2449,28.432834,,2.268707,0.052410,0
2450,28.444444,,1.970051,0.052048,0
2451,28.456054,172.265625,3.170340,0.059902,1
2452,28.467664,,0.597075,0.058860,0
2453,28.479274,,0.817107,0.069634,0
2454,28.490884,,1.685444,0.065177,0
2455,28.502494,,0.780557,0.059508,0
2456,28.514104,,1.123843,0.061087,0
2457,28.525714,,2.649458,0.052253,0
2458,28.537324,,2.442517,0.055449,0
2459,28.548934,193.798828,3.779320,0.057563,1
2460,28.560544,,2.406235,0.061698,0
2461,28.572154,,1.796299,0.065093,0
2462,28.583764,,1.576746,0.068111,0
2463,28.595374,,1.693403,0.072258,0
2464,28.606984,,1.877954,0.068495,0
2465,28.618594,,0.877871,0.062309,0
2466,28.630204,,1.834199,0.059655,0
2467,28.641814,,1.211157,0.052772,0
2468,28.653424,,0.708463,0.058929,0
2469,28.665034,,1.000000,0.063874,0
2470,28.676644,,1.795207,0.071998,0
2471,28.688254,,1.490296,0.075751,0
2472,28.699864,,1.641944,0.078142,0
2473,28.711474,,2.881991,0.079341,0
2474,28.723084,344.531250,5.754495,0.078407,1
2475,28.734694,,0.947952,0.076782,0
2476,28.746304,107.666016,4.041541,0.089651,1
2477,28.757914,107.666016,3.206834,0.112035,1
2478,28.769524,667.529297,19.341216,0.122382,1
2479,28.781134,667.529297,18.246344,0.132130,1
2480,28.792744,172.265625,4.800280,0.129497,1
2481,28.804354,,1.045748,0.120265,0
2482,28.815964,322.998047,3.343497,0.110489,1
2483,28.827574,322.998047,3.206188,0.098153,1
2484,28.839184,,2.334948,0.086455,0
2485,28.850794,,1.672891,0.072164,0
2486,28.862404,,1.903487,0.067021,0
2487,28.874014,,2.290311,0.064885,0
2488,28.885624,322.998047,3.031210,0.064151,1
2489,28.897234,322.998047,3.210625,0.063933,1
2490,28.908844,322.998047,4.020893,0.064644,1
2491,28.920454,322.998047,4.112093,0.069740,1
2492,28.932063,322.998047,3.389177,0.074503,1
2493,28.943673,215.332031,6.667047,0.074757,1
2494,28.955283,990.527344,10.499439,0.075187,1
2495,28.966893,322.998047,4.732379,0.089542,1
2496,28.978503,107.666016,3.180344,0.092351,1
2497,28.990113,,2.869236,0.095027,0
2498,29.001723,193.798828,3.351530,0.103875,1
2499,29.013333,129.199219,7.056586,0.098589,1
2500,29.024943,,1.081328,0.101768,0
2501,29.036553,,2.377453,0.099926,0
2502,29.048163,322.998047,3.082083,0.089021,1
2503,29.059773,,1.480253,0.080534,0
2504,29.071383,,2.736588,0.071448,0
2505,29.082993,129.199219,3.000645,0.072644,1
2506,29.094603,129.199219,4.403613,0.072375,1
2507,29.106213,107.666016,3.065933,0.070133,1
2508,29.117823,193.798828,6.843065,0.071153,1
2509,29.129433,,2.170425,0.070108,0
2510,29.141043,,2.907672,0.072001,0
2511,29.152653,,2.148666,0.072563,0
2512,29.164263,,2.655108,0.070971,0
2513,29.175873,,2.835892,0.070852,0
2514,29.187483,107.666016,3.553926,0.070247,1
2515,29.199093,107.666016,3.659194,0.067727,1
2516,29.210703,,1.536430,0.067061,0
2517,29.222313,,1.534312,0.081900,0
2518,29.233923,,0.658395,0.087776,0
2519,29.245533,,0.382563,0.096782,0
2520,29.257143,,2.712500,0.101182,0
2521,29.268753,107.666016,5.137825,0.090514,1
2522,29.280363,107.666016,7.579651,0.083979,1
2523,29.291973,107.666016,8.400760,0.072693,1
2524,29.303583,322.998047,4.033712,0.062176,1
2525,29.315193,,2.895157,0.054867,0
2526,29.326803,,2.355707,0.051575,0
2527,29.338413,107.666016,3.676420,0.051943,1
2528,29.350023,107.666016,3.145102,0.050574,1
2529,29.361633,,1.214964,0.047521,0
2530,29.373243,,1.440317,0.047654,0
2531,29.384853,,2.287920,0.046759,0
2532,29.396463,107.666016,4.304536,0.048169,1
2533,29.408073,107.666016,4.697830,0.049880,1
2534,29.419683,,2.813116,0.049128,0
2535,29.431293,,2.892611,0.049799,0
2536,29.442902,,2.205652,0.050987,0
2537,29.454512,,1.741400,0.055216,0
2538,29.466122,,0.888826,0.055444,0
2539,29.477732,,0.913971,0.061402,0
2540,29.489342,,2.718010,0.063759,0
2541,29.500952,,1.002514,0.073001,0
2542,29.512562,,0.672010,0.079853,0
2543,29.524172,,0.672006,0.081067,0
2544,29.535782,,1.020864,0.083051,0
2545,29.547392,107.666016,5.157977,0.076796,1
2546,29.559002,,0.796645,0.076880,0
2547,29.570612,,1.796339,0.079192,0
2548,29.582222,,1.417938,0.079787,0
2549,29.593832,,2.755641,0.089409,0
2550,29.605442,,2.401457,0.094769,0
2551,29.617052,,1.082699,0.094112,0
2552,29.628662,,0.995870,0.101711,0
2553,29.640272,129.199219,11.626367,0.099228,1
2554,29.651882,107.666016,5.727753,0.092077,1
2555,29.663492,129.199219,5.546588,0.087241,1
2556,29.675102,129.199219,4.198507,0.074247,1
2557,29.686712,,1.064284,0.064104,0
2558,29.698322,129.199219,4.105987,0.060032,1
2559,29.709932,129.199219,4.001215,0.061004,1
2560,29.721542,,2.269431,0.081848,0
2561,29.733152,172.265625,4.577139,0.088837,1
2562,29.744762,,2.914240,0.098819,0
2563,29.756372,129.199219,9.567606,0.105589,1
2564,29.767982,129.199219,13.837381,0.093608,1
2565,29.779592,129.199219,10.879697,0.088878,1
2566,29.791202,129.199219,7.117466,0.080633,1
2567,29.802812,129.199219,5.690880,0.073311,1
2568,29.814422,129.199219,4.095685,0.075204,1
2569,29.826032,129.199219,3.725587,0.078747,1
2570,29.837642,129.199219,4.464503,0.077143,1
2571,29.849252,129.199219,3.371215,0.075821,1
2572,29.860862,,1.994194,0.071964,0
2573,29.872472,129.199219,3.105595,0.069087,1
2574,29.884082,,1.000000,0.068404,0
2575,29.895692,,0.931319,0.069666,0
2576,29.907302,753.662109,8.239526,0.070427,1
2577,29.918912,,0.596960,0.067219,0
2578,29.930522,,0.394355,0.072870,0
2579,29.942132,,0.386394,0.071019,0
2580,29.953741,,0.279554,0.073633,0
2581,29.965351,,0.196219,0.075653,0
2582,29.976961,,0.391128,0.081253,0
2583,29.988571,,2.723700,0.104695,0
2584,30.000181,,0.169022,0.110837,0
2585,30.011791,,0.584645,0.114591,0
2586,30.023401,150.732422,4.940384,0.115610,1
2587,30.035011,107.666016,8.423566,0.100717,1
2588,30.046621,107.666016,5.950751,0.096625,1
2589,30.058231,129.199219,12.361305,0.091913,1
2590,30.069841,,1.135935,0.081142,0
2591,30.081451,107.666016,6.992301,0.072900,1
2592,30.093061,129.199219,6.792140,0.063134,1
2593,30.104671,,1.485312,0.055701,0
2594,30.116281,129.199219,4.131475,0.052526,1
2595,30.127891,,2.948596,0.049310,0
2596,30.139501,129.199219,3.892449,0.048417,1
2597,30.151111,129.199219,5.543116,0.049266,1
2598,30.162721,,1.836207,0.050360,0
2599,30.174331,,1.108540,0.053570,0
2600,30.185941,129.199219,6.527277,0.051704,1
2601,30.197551,,1.854857,0.050966,0
2602,30.209161,,2.201526,0.051497,0
2603,30.220771,,1.840760,0.049879,0
2604,30.232381,107.666016,5.205168,0.054560,1
2605,30.243991,,2.198079,0.068297,0
2606,30.255601,,2.430149,0.073000,0
2607,30.267211,,1.243695,0.080005,0
2608,30.278821,,1.000000,0.088925,0
2609,30.290431,,0.726780,0.086708,0
2610,30.302041,,1.000000,0.092671,0
2611,30.313651,172.265625,7.148592,0.092176,1
2612,30.325261,,1.912758,0.086445,0
2613,30.336871,,2.400991,0.089450,0
2614,30.348481,193.798828,3.967540,0.086726,1
2615,30.360091,193.798828,3.542127,0.099468,1
2616,30.371701,,2.757928,0.110835,0
2617,30.383311,,2.863731,0.124703,0
2618,30.394921,236.865234,3.780091,0.131491,1
2619,30.406531,,2.490233,0.125846,0
2620,30.418141,925.927734,17.743334,0.121381,1
2621,30.429751,925.927734,21.811436,0.113262,1
2622,30.441361,925.927734,15.070516,0.111930,1
2623,30.452971,,1.000000,0.114618,0
2624,30.464580,904.394531,12.918325,0.111653,1
2625,30.476190,,1.417106,0.101632,0
2626,30.487800,,1.405875,0.088771,0
2627,30.499410,129.199219,4.851813,0.075332,1
2628,30.511020,,2.586949,0.068089,0
2629,30.522630,172.265625,3.219067,0.062818,1
2630,30.534240,,0.898222,0.061958,0
2631,30.545850,,0.854380,0.061661,0
2632,30.557460,,2.439939,0.063082,0
2633,30.569070,,1.000000,0.066132,0
2634,30.580680,,2.598795,0.063683,0
2635,30.592290,215.332031,5.713655,0.067304,1
2636,30.603900,,1.000000,0.071401,0
2637,30.615510,,1.467120,0.075330,0
2638,30.627120,,1.641939,0.083501,0
2639,30.638730,,1.479991,0.082349,0
2640,30.650340,,2.912406,0.078062,0
2641,30.661950,,1.000000,0.074269,0
2642,30.673560,,1.000000,0.071175,0
2643,30.685170,,1.128455,0.075764,0
2644,30.696780,,1.000000,0.083575,0
2645,30.708390,,0.878710,0.085291,0
2646,30.720000,,0.858101,0.086619,0
2647,30.731610,,1.323548,0.084941,0
2648,30.743220,,2.173781,0.080091,0
2649,30.754830,,0.310352,0.075403,0
2650,30.766440,107.666016,3.693657,0.073257,1
2651,30.778050,,1.985620,0.067617,0
2652,30.789660,,1.398535,0.067329,0
2653,30.801270,215.332031,7.551656,0.074037,1
2654,30.812880,,0.718274,0.074010,0
2655,30.824490,,0.906607,0.076979,0
2656,30.836100,,0.696851,0.074913,0
2657,30.847710,,0.349750,0.071835,0
2658,30.859320,,0.341392,0.067885,0
2659,30.870930,,0.306813,0.066665,0
2660,30.882540,,0.323981,0.065429,0
2661,30.894150,,0.099009,0.065194,0
2662,30.905760,,0.161169,0.068432,0
2663,30.917370,,0.210323,0.069029,0
2664,30.928980,,0.245283,0.071950,0
2665,30.940590,,0.333133,0.074769,0
2666,30.952200,,0.102594,0.074234,0
2667,30.963810,,0.296595,0.075855,0
2668,30.975420,,0.647942,0.073248,0
2669,30.987029,,0.883917,0.072024,0
2670,30.998639,,0.595742,0.072232,0
2671,31.010249,,0.407046,0.070154,0
2672,31.021859,,0.435810,0.070637,0
2673,31.033469,,0.653173,0.070937,0
2674,31.045079,,0.522419,0.070603,0
2675,31.056689,,0.225445,0.070494,0
2676,31.068299,,0.476409,0.073930,0
2677,31.079909,,1.138753,0.071494,0
2678,31.091519,,1.147747,0.070019,0
2679,31.103129,,0.684917,0.069621,0
2680,31.114739,,0.722481,0.066674,0
2681,31.126349,,0.575499,0.065081,0
2682,31.137959,,0.489745,0.067169,0
2683,31.149569,,1.662340,0.064793,0
2684,31.161179,,1.167427,0.063902,0
2685,31.172789,,1.187265,0.063703,0
2686,31.184399,,1.209087,0.062811,0
2687,31.196009,,1.239700,0.065649,0
2688,31.207619,,0.674113,0.067392,0
2689,31.219229,,0.432952,0.075419,0
2690,31.230839,,0.646776,0.080777,0
2691,31.242449,,0.659409,0.085627,0
2692,31.254059,,0.850167,0.090803,0
2693,31.265669,,0.680685,0.092472,0
2694,31.277279,322.998047,14.801668,0.104682,1
2695,31.288889,,0.640964,0.109860,0
2696,31.300499,,0.863458,0.113463,0
2697,31.312109,,1.569222,0.113148,0
2698,31.323719,,0.940894,0.105239,0
2699,31.335329,107.666016,3.373578,0.097495,1
2700,31.346939,107.666016,3.194776,0.092033,1
2701,31.358549,,2.516111,0.091352,0
2702,31.370159,,2.458966,0.085641,0
2703,31.381769,,1.988614,0.086956,0
2704,31.393379,,1.872253,0.084434,0
2705,31.404989,,1.228933,0.082316,0
2706,31.416599,322.998047,15.869784,0.084401,1
2707,31.428209,322.998047,15.048506,0.083531,1
2708,31.439819,322.998047,16.491743,0.082370,1
2709,31.451429,,1.574662,0.081840,0
2710,31.463039,,0.707189,0.078171,0
2711,31.474649,,1.000000,0.076799,0
2712,31.486259,,0.462920,0.075843,0
2713,31.497868,,0.360243,0.071338,0
2714,31.509478,,0.839320,0.068625,0
2715,31.521088,,0.648116,0.065267,0
2716,31.532698,,1.785848,0.063408,0
2717,31.544308,,2.834610,0.062585,0
2718,31.555918,,2.171203,0.062914,0
2719,31.567528,,0.576183,0.064317,0
2720,31.579138,,0.562308,0.064720,0
2721,31.590748,172.265625,3.737095,0.064370,1
2722,31.602358,,0.576388,0.061696,0
2723,31.613968,,0.955615,0.059548,0
2724,31.625578,,1.020336,0.056941,0
2725,31.637188,,1.739840,0.055954,0
2726,31.648798,,0.218450,0.055118,0
2727,31.660408,,0.630204,0.052262,0
2728,31.672018,,0.723296,0.050637,0
2729,31.683628,,2.050287,0.049006,0
2730,31.695238,,0.728104,0.049889,0
2731,31.706848,,1.040399,0.052638,0
2732,31.718458,,2.005408,0.053182,0
2733,31.730068,,0.366063,0.053530,0
2734,31.741678,,0.750896,0.052959,0
2735,31.753288,,0.695582,0.054350,0
2736,31.764898,,2.314058,0.054486,0
2737,31.776508,,0.268288,0.057247,0
2738,31.788118,,0.505433,0.057373,0
2739,31.799728,,1.915200,0.058926,0
2740,31.811338,,1.920338,0.064251,0
2741,31.822948,129.199219,3.576780,0.063677,1
2742,31.834558,129.199219,4.879505,0.064287,1
2743,31.846168,,2.890035,0.064169,0
2744,31.857778,,1.209507,0.060149,0
2745,31.869388,,0.835354,0.061537,0
2746,31.880998,,0.656879,0.060628,0
2747,31.892608,172.265625,4.120691,0.057491,1
2748,31.904218,172.265625,4.369106,0.055363,1
2749,31.915828,,1.000000,0.053973,0
2750,31.927438,,0.450340,0.055125,0
2751,31.939048,,0.978126,0.055801,0
2752,31.950658,,1.159269,0.058693,0
2753,31.962268,,0.399283,0.059447,0
2754,31.973878,172.265625,3.754274,0.061588,1
2755,31.985488,,2.942458,0.063071,0
2756,31.997098,,0.252447,0.067645,0
2757,32.008707,,0.336656,0.068620,0
2758,32.020317,,0.306484,0.069453,0
2759,32.031927,,0.617864,0.070107,0
2760,32.043537,,0.416702,0.067949,0
2761,32.055147,,0.145336,0.068651,0
2762,32.066757,,0.520766,0.068186,0
2763,32.078367,,0.520410,0.069023,0
2764,32.089977,,1.010613,0.066330,0
2765,32.101587,,2.818890,0.062496,0
2766,32.113197,,1.971028,0.057862,0
2767,32.124807,,0.554309,0.053323,0
2768,32.136417,,0.592664,0.052178,0
2769,32.148027,,0.439828,0.055387,0
2770,32.159637,,0.074645,0.059991,0
2771,32.171247,,0.554421,0.062013,0
2772,32.182857,,0.422422,0.064250,0
2773,32.194467,,0.939357,0.066746,0
2774,32.206077,,0.169744,0.067039,0
2775,32.217687,,0.145100,0.070637,0
2776,32.229297,,0.134046,0.071227,0
2777,32.240907,,0.118155,0.075059,0
2778,32.252517,,0.259929,0.077943,0
2779,32.264127,,0.507742,0.082805,0
2780,32.275737,,0.434639,0.100751,0
2781,32.287347,,0.320299,0.103233,0
2782,32.298957,,0.417368,0.105121,0
2783,32.310567,,0.505507,0.111544,0
2784,32.322177,,0.549381,0.118017,0
2785,32.333787,344.531250,11.675585,0.115749,1
2786,32.345397,344.531250,4.746268,0.116428,1
2787,32.357007,344.531250,3.746649,0.115644,1
2788,32.368617,344.531250,10.791580,0.103658,1
2789,32.380227,344.531250,11.484797,0.108428,1
2790,32.391837,322.998047,13.360462,0.108550,1
2791,32.403447,,1.903490,0.096345,0
2792,32.415057,,2.177218,0.082434,0
2793,32.426667,,2.353827,0.075855,0
2794,32.438277,322.998047,13.397329,0.080509,1
2795,32.449887,,1.269920,0.091665,0
2796,32.461497,,0.289549,0.098375,0
2797,32.473107,,1.183524,0.095801,0
2798,32.484717,322.998047,16.854593,0.091023,1
2799,32.496327,322.998047,17.054371,0.090213,1
2800,32.507937,322.998047,20.573754,0.088540,1
2801,32.519546,322.998047,23.311976,0.082724,1
2802,32.531156,,0.502074,0.074295,0
2803,32.542766,,2.925015,0.060298,0
2804,32.554376,,0.604521,0.053688,0
2805,32.565986,,1.340496,0.063372,0
2806,32.577596,,2.198346,0.063975,0
2807,32.589206,,0.658339,0.071734,0
2808,32.600816,,0.984297,0.070211,0
2809,32.612426,,1.914421,0.071093,0
2810,32.624036,,1.626022,0.073463,0
2811,32.635646,,1.000000,0.074575,0
2812,32.647256,,1.852298,0.079509,0
2813,32.658866,,0.505621,0.074064,0
2814,32.670476,,0.580450,0.075030,0
2815,32.682086,990.527344,8.539440,0.069447,1
2816,32.693696,279.931641,8.038886,0.077926,1
2817,32.705306,,0.725070,0.084622,0
2818,32.716916,279.931641,12.505959,0.085633,1
2819,32.728526,279.931641,15.612698,0.085455,1
2820,32.740136,279.931641,13.272585,0.074575,1
2821,32.751746,279.931641,12.640549,0.070230,1
2822,32.763356,,0.851239,0.075120,0
2823,32.774966,,0.749395,0.085769,0
2824,32.786576,,1.095634,0.104080,0
2825,32.798186,322.998047,15.818855,0.113455,1
2826,32.809796,322.998047,23.864614,0.114001,1
2827,32.821406,344.531250,13.961738,0.110304,1
2828,32.833016,344.531250,13.724150,0.094840,1
2829,32.844626,,0.998246,0.089790,0
2830,32.856236,,2.628848,0.087200,0
2831,32.867846,,1.213708,0.087274,0
2832,32.879456,,1.691337,0.087544,0
2833,32.891066,,1.395592,0.088330,0
2834,32.902676,322.998047,7.705123,0.088242,1
2835,32.914286,,0.479399,0.080496,0
2836,32.925896,,1.907400,0.077793,0
2837,32.937506,,2.333180,0.066543,0
2838,32.949116,,1.780377,0.062082,0
2839,32.960726,,1.498454,0.064753,0
2840,32.972336,,1.858922,0.065339,0
2841,32.983946,,1.633740,0.066174,0
2842,32.995556,,1.498580,0.065436,0
2843,33.007166,,1.807562,0.063053,0
2844,33.018776,,1.361320,0.066967,0
2845,33.030385,,1.598479,0.076358,0
2846,33.041995,344.531250,9.809241,0.086057,1
2847,33.053605,,0.272375,0.096491,0
2848,33.065215,,0.363400,0.096878,0
2849,33.076825,344.531250,12.392339,0.094107,1
2850,33.088435,,2.082763,0.089518,0
2851,33.100045,,1.570317,0.085037,0
2852,33.111655,,0.995005,0.086668,0
2853,33.123265,,0.661566,0.088710,0
2854,33.134875,,1.295333,0.094769,0
2855,33.146485,129.199219,3.280926,0.095335,1
2856,33.158095,129.199219,3.756129,0.096022,1
2857,33.169705,,1.318374,0.101883,0
2858,33.181315,,2.357469,0.098545,0
2859,33.192925,,1.082861,0.101749,0
2860,33.204535,,1.294305,0.104667,0
2861,33.216145,,1.895447,0.097826,0
2862,33.227755,,1.736467,0.092557,0
2863,33.239365,,1.530456,0.082264,0
2864,33.250975,,2.159176,0.069180,0
2865,33.262585,,2.572038,0.059419,0
2866,33.274195,,1.800333,0.058894,0
2867,33.285805,,0.520515,0.063275,0
2868,33.297415,129.199219,4.509951,0.091089,1
2869,33.309025,,2.370907,0.096329,0
2870,33.320635,,2.228735,0.095895,0
2871,33.332245,,0.106903,0.100946,0
2872,33.343855,,2.592986,0.098747,0
2873,33.355465,,0.141236,0.101981,0
2874,33.367075,,0.470535,0.118017,0
2875,33.378685,129.199219,5.742909,0.114608,1
2876,33.390295,129.199219,7.970596,0.103237,1
2877,33.401905,129.199219,7.063775,0.096495,1
2878,33.413515,129.199219,5.129853,0.077676,1
2879,33.425125,,0.802451,0.075840,0
2880,33.436735,107.666016,5.928011,0.067640,1
2881,33.448345,107.666016,5.623856,0.065157,1
2882,33.459955,129.199219,8.418541,0.059403,1
2883,33.471565,129.199219,5.502554,0.053457,1
2884,33.483175,129.199219,5.225294,0.054090,1
2885,33.494785,129.199219,3.712862,0.057949,1
2886,33.506395,129.199219,3.280653,0.059414,1
2887,33.518005,129.199219,3.304168,0.061007,1
2888,33.529615,129.199219,3.062930,0.063078,1
2889,33.541224,,2.474457,0.068070,0
2890,33.552834,,2.874584,0.069362,0
2891,33.564444,,2.549307,0.072500,0
2892,33.576054,,2.066640,0.076262,0
2893,33.587664,,2.706690,0.076434,0
2894,33.599274,129.199219,3.164155,0.081361,1
2895,33.610884,129.199219,3.537622,0.090528,1
2896,33.622494,344.531250,5.608445,0.097402,1
2897,33.634104,172.265625,5.852464,0.104844,1
2898,33.645714,344.531250,12.051929,0.108166,1
2899,33.657324,172.265625,3.440351,0.102832,1
2900,33.668934,,2.909750,0.100743,0
2901,33.680544,322.998047,5.028619,0.094460,1
2902,33.692154,322.998047,9.825645,0.088614,1
2903,33.703764,322.998047,7.281988,0.089176,1
2904,33.715374,322.998047,4.943706,0.082784,1
2905,33.726984,344.531250,5.380092,0.081242,1
2906,33.738594,344.531250,6.266029,0.086381,1
2907,33.750204,,0.885843,0.084398,0
2908,33.761814,366.064453,4.224075,0.085533,1
2909,33.773424,366.064453,3.502664,0.083524,1
2910,33.785034,366.064453,3.970289,0.075939,1
2911,33.796644,,2.064409,0.073867,0
2912,33.808254,366.064453,5.420574,0.069108,1
2913,33.819864,366.064453,5.587967,0.066787,1
2914,33.831474,366.064453,3.069957,0.069694,1
2915,33.843084,,1.533579,0.066451,0
2916,33.854694,366.064453,3.329133,0.063909,1
2917,33.866304,366.064453,3.671842,0.060280,1
2918,33.877914,366.064453,6.103967,0.059978,1
2919,33.889524,,1.838335,0.058838,0
2920,33.901134,,2.141779,0.060560,0
2921,33.912744,366.064453,7.200966,0.066513,1
2922,33.924354,366.064453,8.997415,0.064090,1
2923,33.935964,366.064453,5.256574,0.065406,1
2924,33.947574,366.064453,4.392921,0.064378,1
2925,33.959184,366.064453,5.216053,0.061639,1
2926,33.970794,366.064453,7.577581,0.056691,1
2927,33.982404,366.064453,6.496865,0.061906,1
2928,33.994014,,1.860424,0.061899,0
2929,34.005624,366.064453,6.931346,0.064260,1
2930,34.017234,366.064453,7.307980,0.069123,1
2931,34.028844,366.064453,7.129033,0.065142,1
2932,34.040454,,0.543031,0.064732,0
2933,34.052063,,1.748716,0.059561,0
2934,34.063673,366.064453,9.160047,0.060240,1
2935,34.075283,366.064453,3.950974,0.056875,1
2936,34.086893,215.332031,5.568052,0.054883,1
2937,34.098503,215.332031,3.854940,0.057783,1
2938,34.110113,,1.897026,0.053954,0
2939,34.121723,,0.963873,0.056046,0
2940,34.133333,129.199219,3.102921,0.055871,1
2941,34.144943,,2.449977,0.049540,0
2942,34.156553,107.666016,3.450340,0.044208,1
2943,34.168163,,1.802763,0.039067,0
2944,34.179773,,1.273636,0.039896,0
2945,34.191383,,1.951916,0.041161,0
2946,34.202993,215.332031,4.551552,0.042858,1
2947,34.214603,,1.864850,0.043468,0
2948,34.226213,,1.023020,0.040558,0
2949,34.237823,,0.832100,0.040671,0
2950,34.249433,,1.298539,0.039281,0
2951,34.261043,,0.501306,0.041201,0
2952,34.272653,215.332031,5.518295,0.040981,1
2953,34.284263,,0.982782,0.040218,0
2954,34.295873,,1.096203,0.041103,0
2955,34.307483,,1.026854,0.043459,0
2956,34.319093,,1.071451,0.046329,0
2957,34.330703,,1.142356,0.048889,0
2958,34.342313,,1.223969,0.049251,0
2959,34.353923,,2.269824,0.046882,0
2960,34.365533,,1.261275,0.046211,0
2961,34.377143,,1.099285,0.054046,0
2962,34.388753,,0.517825,0.077910,0
2963,34.400363,,0.320131,0.089998,0
2964,34.411973,,0.807606,0.094435,0
2965,34.423583,,0.534977,0.099384,0
2966,34.435193,107.666016,4.515736,0.086841,1
2967,34.446803,,0.602924,0.078820,0
2968,34.458413,,1.114650,0.076127,0
2969,34.470023,129.199219,3.270657,0.066173,1
2970,34.481633,,0.604948,0.065998,0
2971,34.493243,,0.764955,0.064213,0
2972,34.504853,172.265625,3.778606,0.068976,1
2973,34.516463,344.531250,10.394125,0.070779,1
2974,34.528073,129.199219,3.966607,0.068021,1
2975,34.539683,,2.379456,0.067891,0
2976,34.551293,,2.486792,0.065768,0
2977,34.562902,,0.189820,0.064553,0
2978,34.574512,,0.762267,0.063523,0
2979,34.586122,,0.241114,0.058182,0
2980,34.597732,,1.000000,0.054364,0
2981,34.609342,,0.341727,0.051633,0
2982,34.620952,,0.349552,0.048123,0
2983,34.632562,,1.375978,0.052684,0
2984,34.644172,,0.783320,0.054075,0
2985,34.655782,,1.974920,0.051604,0
2986,34.667392,,1.845747,0.054614,0
2987,34.679002,,1.767280,0.054252,0
2988,34.690612,,2.460477,0.050105,0
2989,34.702222,,0.963705,0.051383,0
2990,34.713832,,0.496580,0.051392,0
2991,34.725442,236.865234,3.471130,0.049984,1
2992,34.737052,129.199219,3.455876,0.051404,1
2993,34.748662,129.199219,3.480248,0.053418,1
2994,34.760272,,0.548039,0.053865,0
2995,34.771882,322.998047,5.708693,0.055200,1
2996,34.783492,,0.291662,0.056832,0
2997,34.795102,,0.293410,0.054887,0
2998,34.806712,193.798828,3.585183,0.055908,1
2999,34.818322,,1.495962,0.057608,0
3000,34.829932,,0.459705,0.060483,0
3001,34.841542,,2.939970,0.064589,0
3002,34.853152,,2.400880,0.066110,0
3003,34.864762,,1.276662,0.064571,0
3004,34.876372,,0.502241,0.070337,0
3005,34.887982,,0.521120,0.068764,0
3006,34.899592,,1.667816,0.075511,0
3007,34.911202,,1.526551,0.081940,0
3008,34.922812,,2.148940,0.078666,0
3009,34.934422,107.666016,4.015581,0.081689,1
3010,34.946032,,2.282829,0.076650,0
3011,34.957642,193.798828,6.235578,0.074442,1
3012,34.969252,,1.992798,0.072030,0
3013,34.980862,,1.671835,0.076077,0
3014,34.992472,,1.487631,0.078905,0
3015,35.004082,322.998047,7.923598,0.078210,1
3016,35.015692,,0.785810,0.082128,0
3017,35.027302,,2.920042,0.082833,0
3018,35.038912,,2.335366,0.081423,0
3019,35.050522,,1.063581,0.083584,0
3020,35.062132,,1.766238,0.084389,0
3021,35.073741,,0.842672,0.082576,0
3022,35.085351,,1.000000,0.081566,0
3023,35.096961,,1.000000,0.081792,0
3024,35.108571,,1.367112,0.083581,0
3025,35.120181,,1.215943,0.084152,0
3026,35.131791,,1.265915,0.091464,0
3027,35.143401,,1.009220,0.100917,0
3028,35.155011,,0.872064,0.104277,0
3029,35.166621,882.861328,6.665191,0.113106,1
3030,35.178231,,1.000000,0.120595,0
3031,35.189841,215.332031,6.998805,0.119393,1
3032,35.201451,215.332031,6.788076,0.124565,1
3033,35.213061,,0.861196,0.122544,0
3034,35.224671,,1.000000,0.119833,0
3035,35.236281,215.332031,8.771138,0.116857,1
3036,35.247891,215.332031,12.942877,0.112022,1
3037,35.259501,215.332031,14.613226,0.116844,1
3038,35.271111,215.332031,16.469670,0.122702,1
3039,35.282721,215.332031,13.598335,0.128593,1
3040,35.294331,,1.719365,0.134959,0
3041,35.305941,,1.808585,0.135410,0
3042,35.317551,215.332031,16.698999,0.135745,1
3043,35.329161,236.865234,20.200961,0.127697,1
3044,35.340771,215.332031,15.400555,0.120223,1
3045,35.352381,215.332031,16.874018,0.112968,1
3046,35.363991,215.332031,15.868799,0.102016,1
3047,35.375601,215.332031,17.585782,0.104710,1
3048,35.387211,215.332031,21.071435,0.104671,1
3049,35.398821,215.332031,21.664644,0.103307,1
3050,35.410431,215.332031,25.475880,0.101706,1
3051,35.422041,215.332031,21.119816,0.108174,1
3052,35.433651,215.332031,17.841888,0.119223,1
3053,35.445261,215.332031,13.334423,0.120779,1
3054,35.456871,215.332031,11.632680,0.127562,1
3055,35.468481,,2.815464,0.121496,0
3056,35.480091,172.265625,4.073033,0.111319,1
3057,35.491701,107.666016,3.988849,0.107854,1
3058,35.503311,,1.896246,0.099649,0
3059,35.514921,,2.632982,0.102365,0
3060,35.526531,,2.657138,0.102396,0
3061,35.538141,,2.286789,0.103751,0
3062,35.549751,322.998047,10.154838,0.106878,1
3063,35.561361,322.998047,13.110172,0.110801,1
3064,35.572971,,1.033496,0.113173,0
3065,35.584580,322.998047,11.094768,0.114362,1
3066,35.596190,322.998047,10.254460,0.111723,1
3067,35.607800,322.998047,12.703599,0.109852,1
3068,35.619410,322.998047,13.510105,0.105637,1
3069,35.631020,322.998047,8.772461,0.103518,1
3070,35.642630,,1.659109,0.102784,0
3071,35.654240,,2.026622,0.098315,0
3072,35.665850,107.666016,3.477546,0.097470,1
3073,35.677460,,2.108275,0.098983,0
3074,35.689070,,1.889694,0.102985,0
3075,35.700680,,2.167598,0.102214,0
3076,35.712290,,2.689043,0.104359,0
3077,35.723900,107.666016,3.031016,0.105769,1
3078,35.735510,107.666016,3.067929,0.103259,1
3079,35.747120,,1.802846,0.107314,0
3080,35.758730,322.998047,8.242101,0.107541,1
3081,35.770340,107.666016,4.011507,0.106838,1
3082,35.781950,107.666016,3.862581,0.106175,1
3083,35.793560,322.998047,12.923083,0.102145,1
3084,35.805170,107.666016,3.036457,0.101894,1
3085,35.816780,,2.565942,0.101141,0
3086,35.828390,107.666016,3.264455,0.102264,1
3087,35.840000,,2.106904,0.106529,0
3088,35.851610,,2.376834,0.110928,0
3089,35.863220,107.666016,3.248903,0.109630,1
3090,35.874830,344.531250,11.800414,0.107071,1
3091,35.886440,,2.011933,0.102947,0
3092,35.898050,,2.388920,0.098018,0
3093,35.909660,,1.999351,0.096417,0
3094,35.921270,215.332031,12.260033,0.096471,1
3095,35.932880,215.332031,13.309833,0.103237,1
3096,35.944490,,2.282937,0.130028,0
3097,35.956100,710.595703,14.066020,0.136106,1
3098,35.967710,,1.096873,0.140204,0
3099,35.979320,990.527344,9.328034,0.138882,1
3100,35.990930,968.994141,11.918799,0.117177,1
3101,36.002540,968.994141,15.055622,0.130291,1
3102,36.014150,947.460938,19.565972,0.138470,1
3103,36.025760,947.460938,19.574909,0.142402,1
3104,36.037370,925.927734,23.514859,0.134724,1
3105,36.048980,904.394531,16.335835,0.121424,1
3106,36.060590,882.861328,11.916322,0.122329,1
3107,36.072200,882.861328,16.093242,0.124913,1
3108,36.083810,882.861328,17.093735,0.132684,1
3109,36.095420,882.861328,22.206670,0.126151,1
3110,36.107029,882.861328,12.711408,0.106160,1
3111,36.118639,,1.895296,0.089605,0
3112,36.130249,,2.269252,0.076878,0
3113,36.141859,,2.204051,0.073122,0
3114,36.153469,,2.701799,0.076278,0
3115,36.165079,,2.170691,0.077054,0
3116,36.176689,,2.577165,0.078486,0
3117,36.188299,,2.888985,0.081873,0
3118,36.199909,,2.751342,0.082688,0
3119,36.211519,,2.134171,0.076391,0
3120,36.223129,,2.436769,0.073962,0
3121,36.234739,,1.000000,0.069680,0
3122,36.246349,215.332031,9.161795,0.068054,1
3123,36.257959,,2.493615,0.070014,0
3124,36.269569,193.798828,6.342179,0.067465,1
3125,36.281179,,2.226727,0.064737,0
3126,36.292789,,2.563204,0.061723,0
3127,36.304399,581.396484,4.951544,0.058781,1
3128,36.316009,581.396484,6.683224,0.058566,1
3129,36.327619,581.396484,7.154050,0.058013,1
3130,36.339229,581.396484,6.137267,0.052954,1
3131,36.350839,,2.183771,0.052424,0
3132,36.362449,,2.738380,0.050116,0
3133,36.374059,,2.007953,0.049752,0
3134,36.385669,,1.514375,0.054491,0
3135,36.397279,,0.782567,0.056849,0
3136,36.408889,,1.413773,0.057902,0
3137,36.420499,,1.644708,0.056061,0
3138,36.432109,,2.939381,0.055306,0
3139,36.443719,107.666016,3.261712,0.054729,1
3140,36.455329,301.464844,3.842167,0.064283,1
3141,36.466939,,1.685175,0.076554,0
3142,36.478549,,1.000000,0.078736,0
3143,36.490159,,1.309800,0.087774,0
3144,36.501769,,1.176895,0.085348,0
3145,36.513379,,1.273524,0.078656,0
3146,36.524989,107.666016,3.954105,0.077162,1
3147,36.536599,,2.816588,0.066638,0
3148,36.548209,301.464844,5.170846,0.066285,1
3149,36.559819,,1.473575,0.063640,0
3150,36.571429,,2.550592,0.062496,0
3151,36.583039,,0.868354,0.057827,0
3152,36.594649,,1.365798,0.049399,0
3153,36.606259,,1.709441,0.050411,0
3154,36.617868,581.396484,5.859987,0.049872,1
3155,36.629478,581.396484,11.389493,0.054213,1
3156,36.641088,,1.965111,0.057602,0
3157,36.652698,301.464844,9.534097,0.051821,1
3158,36.664308,,1.408147,0.050947,0
3159,36.675918,,1.300938,0.048409,0
3160,36.687528,,0.940567,0.046695,0
3161,36.699138,,2.116481,0.046726,0
3162,36.710748,,1.299059,0.047125,0
3163,36.722358,,1.216327,0.055056,0
3164,36.733968,,0.699102,0.060584,0
3165,36.745578,,0.639966,0.065358,0
3166,36.757188,,2.274068,0.064840,0
3167,36.768798,107.666016,4.968435,0.064124,1
3168,36.780408,107.666016,4.306628,0.066890,1
3169,36.792018,107.666016,3.163515,0.066011,1
3170,36.803628,,0.896000,0.070432,0
3171,36.815238,,1.018298,0.070293,0
3172,36.826848,,2.025750,0.064095,0
3173,36.838458,,2.488912,0.065520,0
3174,36.850068,301.464844,13.865391,0.068393,1
3175,36.861678,301.464844,19.878741,0.072338,1
3176,36.873288,301.464844,18.984515,0.078490,1
3177,36.884898,301.464844,20.208241,0.082242,1
3178,36.896508,301.464844,20.804441,0.080620,1
3179,36.908118,301.464844,20.272298,0.073220,1
3180,36.919728,301.464844,15.252509,0.062731,1
3181,36.931338,,0.922312,0.061203,0
3182,36.942948,301.464844,9.470356,0.068116,1
3183,36.954558,301.464844,12.253982,0.072113,1
3184,36.966168,301.464844,10.339600,0.077156,1
3185,36.977778,581.396484,7.428613,0.079295,1
3186,36.989388,,0.997102,0.073214,0
3187,37.000998,,2.424488,0.071301,0
3188,37.012608,,0.798916,0.071934,0
3189,37.024218,,1.890903,0.070155,0
3190,37.035828,,1.615908,0.065316,0
3191,37.047438,,0.994950,0.064989,0
3192,37.059048,193.798828,3.067832,0.068464,1
3193,37.070658,172.265625,3.624860,0.066941,1
3194,37.082268,,1.687404,0.069924,0
3195,37.093878,,1.822879,0.068986,0
3196,37.105488,301.464844,3.459956,0.067032,1
3197,37.117098,279.931641,4.250112,0.065003,1
3198,37.128707,301.464844,3.526463,0.068606,1
3199,37.140317,,2.211404,0.074407,0
3200,37.151927,,1.633730,0.074288,0
3201,37.163537,,2.734884,0.077342,0
3202,37.175147,279.931641,3.646988,0.074343,1
3203,37.186757,,0.643947,0.075837,0
3204,37.198367,,0.983023,0.082848,0
3205,37.209977,,0.372806,0.087323,0
3206,37.221587,,0.304477,0.089338,0
3207,37.233197,,2.141990,0.085573,0
3208,37.244807,,1.823163,0.077716,0
3209,37.256417,,2.544487,0.067955,0
3210,37.268027,,1.747658,0.065538,0
3211,37.279637,172.265625,3.013865,0.063965,1
3212,37.291247,,2.472282,0.065005,0
3213,37.302857,,1.410015,0.065898,0
3214,37.314467,172.265625,3.351129,0.064902,1
3215,37.326077,172.265625,4.358366,0.067904,1
3216,37.337687,172.265625,3.395286,0.071241,1
3217,37.349297,172.265625,4.101817,0.071376,1
3218,37.360907,,0.743488,0.069500,0
3219,37.372517,172.265625,4.134534,0.064406,1
3220,37.384127,172.265625,3.205708,0.061106,1
3221,37.395737,172.265625,3.913035,0.059297,1
3222,37.407347,172.265625,4.418215,0.057687,1
3223,37.418957,172.265625,4.289578,0.059100,1
3224,37.430567,172.265625,4.488877,0.056063,1
3225,37.442177,172.265625,3.505787,0.058385,1
3226,37.453787,322.998047,3.006115,0.060576,1
3227,37.465397,172.265625,4.757595,0.059918,1
3228,37.477007,172.265625,4.242494,0.058619,1
3229,37.488617,172.265625,4.637432,0.062081,1
3230,37.500227,,0.534970,0.090560,0
3231,37.511837,,0.761652,0.097816,0
3232,37.523447,,2.161284,0.102857,0
3233,37.535057,107.666016,4.896644,0.104581,1
3234,37.546667,107.666016,4.416788,0.085031,1
3235,37.558277,,1.536374,0.083418,0
3236,37.569887,129.199219,4.221651,0.085651,1
3237,37.581497,,2.808102,0.086697,0
3238,37.593107,,0.747287,0.089069,0
3239,37.604717,,0.880429,0.084321,0
3240,37.616327,172.265625,3.524534,0.081548,1
3241,37.627937,,2.282999,0.077689,0
3242,37.639546,129.199219,3.596851,0.071900,1
3243,37.651156,279.931641,6.709764,0.072104,1
3244,37.662766,,1.000000,0.072561,0
3245,37.674376,,1.670793,0.071063,0
3246,37.685986,172.265625,3.338668,0.073547,1
3247,37.697596,,2.146833,0.073810,0
3248,37.709206,172.265625,3.187299,0.068989,1
3249,37.720816,,2.984648,0.077380,0
3250,37.732426,322.998047,12.432003,0.074497,1
3251,37.744036,,0.725677,0.076916,0
3252,37.755646,,0.594500,0.075902,0
3253,37.767256,,0.725547,0.069424,0
3254,37.778866,,0.559278,0.075060,0
3255,37.790476,,2.601498,0.080278,0
3256,37.802086,,2.074792,0.086350,0
3257,37.813696,,1.000000,0.087531,0
3258,37.825306,,0.748969,0.085582,0
3259,37.836916,129.199219,7.155354,0.086327,1
3260,37.848526,129.199219,5.075013,0.085718,1
3261,37.860136,,2.298101,0.082230,0
3262,37.871746,,2.634732,0.077315,0
3263,37.883356,129.199219,4.121676,0.067702,1
3264,37.894966,279.931641,6.635713,0.066079,1
3265,37.906576,150.732422,3.950532,0.079679,1
3266,37.918186,279.931641,20.170835,0.103287,1
3267,37.929796,279.931641,29.691727,0.115355,1
3268,37.941406,,2.252509,0.116300,0
3269,37.953016,,2.154256,0.109898,0
3270,37.964626,,1.456984,0.091987,0
3271,37.976236,,1.859126,0.084309,0
3272,37.987846,,2.100660,0.082712,0
3273,37.999456,279.931641,12.469028,0.089358,1
3274,38.011066,279.931641,7.951670,0.095038,1
3275,38.022676,301.464844,16.755347,0.100910,1
3276,38.034286,129.199219,3.577955,0.105414,1
3277,38.045896,129.199219,3.872881,0.103951,1
3278,38.057506,559.863281,6.076006,0.102351,1
3279,38.069116,,1.212683,0.096173,0
3280,38.080726,,1.232554,0.091602,0
3281,38.092336,,2.004312,0.083107,0
3282,38.103946,,1.881523,0.073605,0
3283,38.115556,,1.283535,0.069068,0
3284,38.127166,,1.154828,0.062054,0
3285,38.138776,,1.362949,0.062034,0
3286,38.150385,,1.569313,0.065316,0
3287,38.161995,,1.000000,0.059411,0
3288,38.173605,,0.996083,0.063805,0
3289,38.185215,258.398438,11.860832,0.063074,1
3290,38.196825,,1.000000,0.063142,0
3291,38.208435,,1.078882,0.065587,0
3292,38.220045,,0.673828,0.063203,0
3293,38.231655,,0.626291,0.069030,0
3294,38.243265,,0.677040,0.073281,0
3295,38.254875,,0.715329,0.074329,0
3296,38.266485,193.798828,10.233507,0.081978,1
3297,38.278095,,2.452772,0.083825,0
3298,38.289705,193.798828,11.360797,0.081442,1
3299,38.301315,193.798828,15.032019,0.083338,1
3300,38.312925,,1.206756,0.074920,0
3301,38.324535,,2.822971,0.069689,0
3302,38.336145,,2.597602,0.064506,0
3303,38.347755,,1.000000,0.056883,0
3304,38.359365,,0.786162,0.062312,0
3305,38.370975,,0.928894,0.071220,0
3306,38.382585,,0.953733,0.082443,0
3307,38.394195,215.332031,18.580671,0.089765,1
3308,38.405805,,1.605983,0.093111,0
3309,38.417415,,1.933968,0.091682,0
3310,38.429025,215.332031,13.769743,0.086249,1
3311,38.440635,215.332031,14.792181,0.079762,1
3312,38.452245,,1.126354,0.073080,0
3313,38.463855,215.332031,12.605425,0.068532,1
3314,38.475465,215.332031,12.352811,0.070625,1
3315,38.487075,,0.483128,0.082512,0
3316,38.498685,,1.961045,0.095557,0
3317,38.510295,,1.138129,0.100723,0
3318,38.521905,,1.028808,0.103510,0
3319,38.533515,,0.849305,0.101459,0
3320,38.545125,,0.731956,0.090183,0
3321,38.556735,107.666016,3.923373,0.093178,1
3322,38.568345,107.666016,4.099831,0.089903,1
3323,38.579955,107.666016,3.441782,0.087818,1
3324,38.591565,107.666016,4.994238,0.087116,1
3325,38.603175,107.666016,4.316311,0.076568,1
3326,38.614785,,0.556560,0.073073,0
3327,38.626395,172.265625,4.804553,0.065765,1
3328,38.638005,172.265625,5.127261,0.064789,1
3329,38.649615,,2.690780,0.062632,0
3330,38.661224,,1.058274,0.060760,0
3331,38.672834,215.332031,3.843575,0.059816,1
3332,38.684444,,1.247985,0.059503,0
3333,38.696054,,2.555196,0.057465,0
3334,38.707664,,2.912277,0.057864,0
3335,38.719274,,2.688366,0.060537,0
3336,38.730884,107.666016,7.603958,0.058782,1
3337,38.742494,107.666016,5.331229,0.061089,1
3338,38.754104,107.666016,5.937294,0.061912,1
3339,38.765714,107.666016,4.847221,0.063778,1
3340,38.777324,322.998047,6.115549,0.067069,1
3341,38.788934,107.666016,4.131633,0.064925,1
3342,38.800544,107.666016,4.414256,0.063804,1
3343,38.812154,107.666016,4.668405,0.057759,1
3344,38.823764,107.666016,3.800394,0.052766,1
3345,38.835374,,2.518137,0.052841,0
3346,38.846984,,2.034694,0.048202,0
3347,38.858594,,1.333104,0.051368,0
3348,38.870204,,1.609072,0.054409,0
3349,38.881814,,2.472233,0.053854,0
3350,38.893424,,1.776580,0.057244,0
3351,38.905034,,1.193542,0.054451,0
3352,38.916644,,1.841046,0.052339,0
3353,38.928254,,2.606485,0.053885,0
3354,38.939864,,1.864323,0.052379,0
3355,38.951474,,0.868238,0.054506,0
3356,38.963084,,2.574565,0.052761,0
3357,38.974694,,2.356835,0.052688,0
3358,38.986304,,0.617984,0.057320,0
3359,38.997914,,1.159398,0.057018,0
3360,39.009524,,0.745653,0.060290,0
3361,39.021134,,0.797342,0.061981,0
3362,39.032744,,1.330546,0.060851,0
3363,39.044354,,2.594317,0.064352,0
3364,39.055964,215.332031,5.115406,0.065844,1
3365,39.067574,215.332031,6.179595,0.069919,1
3366,39.079184,107.666016,3.105028,0.072147,1
3367,39.090794,107.666016,4.143019,0.071778,1
3368,39.102404,,1.287906,0.069935,0
3369,39.114014,,1.822909,0.065739,0
3370,39.125624,215.332031,5.279798,0.063999,1
3371,39.137234,,1.226532,0.064539,0
3372,39.148844,,1.478293,0.066404,0
3373,39.160454,,2.406465,0.067657,0
3374,39.172063,301.464844,9.176726,0.067187,1
3375,39.183673,301.464844,8.416869,0.065956,1
3376,39.195283,301.464844,7.179056,0.064917,1
3377,39.206893,215.332031,4.374756,0.066402,1
3378,39.218503,215.332031,4.644527,0.066612,1
3379,39.230113,,1.120266,0.064874,0
3380,39.241723,,2.434745,0.063645,0
3381,39.253333,,2.365775,0.060072,0
3382,39.264943,,2.222356,0.062368,0
3383,39.276553,,1.633789,0.069371,0
3384,39.288163,,1.294580,0.072541,0
3385,39.299773,,0.931546,0.075629,0
3386,39.311383,,2.318448,0.080531,0
3387,39.322993,,2.697531,0.081330,0
3388,39.334603,,2.695326,0.085430,0
3389,39.346213,301.464844,9.372446,0.088766,1
3390,39.357823,,2.159920,0.087709,0
3391,39.369433,,2.333909,0.090367,0
3392,39.381043,,0.909202,0.090265,0
3393,39.392653,,1.653104,0.089304,0
3394,39.404263,150.732422,3.472663,0.092938,1
3395,39.415873,150.732422,5.396786,0.097619,1
3396,39.427483,279.931641,7.731122,0.105908,1
3397,39.439093,,1.736727,0.107797,0
3398,39.450703,301.464844,9.308708,0.103718,1
3399,39.462313,322.998047,3.671272,0.095662,1
3400,39.473923,,1.843055,0.090558,0
3401,39.485533,,2.715887,0.088202,0
3402,39.497143,,2.730111,0.094924,0
3403,39.508753,,2.302821,0.100034,0
3404,39.520363,,2.447858,0.094894,0
3405,39.531973,,2.060172,0.091377,0
3406,39.543583,,1.750868,0.081761,0
3407,39.555193,150.732422,4.318400,0.073175,1
3408,39.566803,,0.754360,0.068145,0
3409,39.578413,,1.085127,0.082151,0
3410,39.590023,129.199219,5.744565,0.091074,1
3411,39.601633,,2.316341,0.101915,0
3412,39.613243,107.666016,4.367330,0.106205,1
3413,39.624853,129.199219,11.776132,0.093287,1
3414,39.636463,129.199219,8.397332,0.081363,1
3415,39.648073,129.199219,5.446278,0.063936,1
3416,39.659683,,0.652774,0.055368,0
3417,39.671293,,2.826550,0.058147,0
3418,39.682902,215.332031,3.158090,0.056574,1
3419,39.694512,,2.179374,0.053223,0
3420,39.706122,,2.756870,0.050017,0
3421,39.717732,301.464844,6.955201,0.049233,1
3422,39.729342,150.732422,3.068912,0.048708,1
3423,39.740952,150.732422,3.224136,0.050193,1
3424,39.752562,150.732422,3.073623,0.052073,1
3425,39.764172,150.732422,4.281506,0.050015,1
3426,39.775782,,2.752610,0.054343,0
3427,39.787392,,2.862306,0.056529,0
3428,39.799002,,2.954466,0.060563,0
3429,39.810612,,2.544971,0.063596,0
3430,39.822222,366.064453,3.677243,0.065569,1
3431,39.833832,366.064453,5.251230,0.067667,1
3432,39.845442,366.064453,3.096138,0.065169,1
3433,39.857052,366.064453,3.485982,0.064534,1
3434,39.868662,366.064453,4.274226,0.066536,1
3435,39.880272,366.064453,3.471269,0.067452,1
3436,39.891882,,2.881520,0.068783,0
3437,39.903492,,2.268348,0.074273,0
3438,39.915102,,1.510592,0.075625,0
3439,39.926712,215.332031,7.249190,0.072650,1
3440,39.938322,,1.428081,0.078256,0
3441,39.949932,215.332031,5.674904,0.084677,1
3442,39.961542,215.332031,5.084816,0.089245,1
3443,39.973152,732.128906,11.318465,0.094393,1
3444,39.984762,,1.206647,0.091594,0
3445,39.996372,,1.325255,0.088313,0
3446,40.007982,,1.910425,0.084605,0
3447,40.019592,215.332031,4.920847,0.083651,1
3448,40.031202,689.062500,11.198618,0.081806,1
3449,40.042812,215.332031,4.612105,0.073463,1
3450,40.054422,215.332031,6.338295,0.065029,1
3451,40.066032,215.332031,7.072628,0.056776,1
3452,40.077642,150.732422,3.240757,0.054574,1
3453,40.089252,,2.938118,0.054205,0
3454,40.100862,215.332031,5.246004,0.058101,1
3455,40.112472,150.732422,4.789033,0.064120,1
3456,40.124082,193.798828,6.353831,0.065904,1
3457,40.135692,129.199219,7.442128,0.068765,1
3458,40.147302,107.666016,3.602686,0.065628,1
3459,40.158912,150.732422,3.752183,0.059642,1
3460,40.170522,193.798828,4.275224,0.056744,1
3461,40.182132,129.199219,3.374272,0.052244,1
3462,40.193741,150.732422,4.457416,0.054392,1
3463,40.205351,150.732422,3.756387,0.055023,1
3464,40.216961,,2.400118,0.053475,0
3465,40.228571,,2.269488,0.051195,0
3466,40.240181,,1.883613,0.047248,0
3467,40.251791,,2.312038,0.044518,0
3468,40.263401,,2.841299,0.047158,0
3469,40.275011,150.732422,3.882096,0.047433,1
3470,40.286621,150.732422,4.417465,0.048645,1
3471,40.298231,150.732422,3.245588,0.052320,1
3472,40.309841,150.732422,3.825962,0.049828,1
3473,40.321451,150.732422,3.370658,0.052514,1
3474,40.333061,150.732422,3.457530,0.054126,1
3475,40.344671,215.332031,5.293598,0.053703,1
3476,40.356281,150.732422,4.165431,0.054698,1
3477,40.367891,,2.836422,0.053469,0
3478,40.379501,150.732422,5.312514,0.053452,1
3479,40.391111,150.732422,3.118216,0.050737,1
3480,40.402721,,1.430859,0.051177,0
3481,40.414331,150.732422,4.274128,0.052742,1
3482,40.425941,150.732422,3.540411,0.054598,1
3483,40.437551,,2.627774,0.060174,0
3484,40.449161,,1.401860,0.062413,0
3485,40.460771,,2.688020,0.062708,0
3486,40.472381,,1.079948,0.059390,0
3487,40.483991,,0.831814,0.055649,0
3488,40.495601,,0.766616,0.054474,0
3489,40.507211,,1.479715,0.053927,0
3490,40.518821,366.064453,9.329073,0.056293,1
3491,40.530431,,2.653402,0.058733,0
3492,40.542041,150.732422,3.808348,0.058720,1
3493,40.553651,215.332031,8.289619,0.058404,1
3494,40.565261,,1.818320,0.058286,0
3495,40.576871,215.332031,6.686430,0.058556,1
3496,40.588481,215.332031,7.478601,0.060706,1
3497,40.600091,,2.185428,0.062149,0
3498,40.611701,215.332031,6.641869,0.061619,1
3499,40.623311,150.732422,3.204497,0.081397,1
3500,40.634921,,1.138223,0.085259,0
3501,40.646531,107.666016,3.728621,0.094137,1
3502,40.658141,107.666016,5.419458,0.097283,1
3503,40.669751,,0.657876,0.085985,0
3504,40.681361,129.199219,11.725406,0.081677,1
3505,40.692971,172.265625,5.315654,0.070717,1
3506,40.704580,322.998047,4.901673,0.067144,1
3507,40.716190,193.798828,3.436037,0.059119,1
3508,40.727800,322.998047,3.401257,0.058330,1
3509,40.739410,215.332031,3.184850,0.059675,1
3510,40.751020,,2.414000,0.059268,0
3511,40.762630,215.332031,4.024704,0.064127,1
3512,40.774240,,0.984395,0.063390,0
3513,40.785850,,1.136530,0.067979,0
3514,40.797460,,0.787727,0.073896,0
3515,40.809070,,2.172098,0.074466,0
3516,40.820680,,0.630553,0.080395,0
3517,40.832290,344.531250,8.963003,0.083713,1
3518,40.843900,344.531250,7.579030,0.083874,1
3519,40.855510,215.332031,3.966007,0.083599,1
3520,40.867120,366.064453,9.851856,0.082259,1
3521,40.878730,366.064453,6.913924,0.077108,1
3522,40.890340,366.064453,5.363863,0.071458,1
3523,40.901950,366.064453,6.727062,0.068021,1
3524,40.913560,215.332031,6.499540,0.062966,1
3525,40.925170,215.332031,6.114396,0.062487,1
3526,40.936780,215.332031,7.415859,0.062509,1
3527,40.948390,215.332031,5.531109,0.062755,1
3528,40.960000,215.332031,6.466025,0.064076,1
3529,40.971610,215.332031,4.257267,0.060543,1
3530,40.983220,366.064453,3.979091,0.061811,1
3531,40.994830,215.332031,5.932767,0.060390,1
3532,41.006440,366.064453,3.670422,0.059303,1
3533,41.018050,215.332031,6.185842,0.058467,1
3534,41.029660,215.332031,7.110385,0.057063,1
3535,41.041270,215.332031,6.891126,0.058192,1
3536,41.052880,366.064453,4.601175,0.055566,1
3537,41.064490,,2.932342,0.055159,0
3538,41.076100,581.396484,3.474138,0.053644,1
3539,41.087710,366.064453,5.323410,0.051376,1
3540,41.099320,,2.545792,0.058149,0
3541,41.110930,,1.138465,0.065598,0
3542,41.122540,215.332031,7.191990,0.070774,1
3543,41.134150,215.332031,6.876326,0.075566,1
3544,41.145760,215.332031,7.075809,0.079392,1
3545,41.157370,,2.168115,0.077993,0
3546,41.168980,107.666016,3.971607,0.088039,1
3547,41.180590,,2.055562,0.084748,0
3548,41.192200,,0.654579,0.080405,0
3549,41.203810,172.265625,3.806648,0.077346,1
3550,41.215420,,2.466395,0.062628,0
3551,41.227029,,1.000000,0.061206,0
3552,41.238639,,1.884538,0.057036,0
3553,41.250249,366.064453,6.535755,0.054713,1
3554,41.261859,366.064453,8.686226,0.051947,1
3555,41.273469,366.064453,9.323903,0.054837,1
3556,41.285079,,1.067822,0.055712,0
3557,41.296689,,0.753397,0.058819,0
3558,41.308299,,1.023346,0.059441,0
3559,41.319909,,1.935533,0.059301,0
3560,41.331519,,1.561302,0.059677,0
3561,41.343129,,1.536103,0.059522,0
3562,41.354739,,1.424233,0.061445,0
3563,41.366349,,1.385214,0.061865,0
3564,41.377959,366.064453,7.027161,0.063100,1
3565,41.389569,,1.596444,0.063118,0
3566,41.401179,366.064453,6.035012,0.064658,1
3567,41.412789,366.064453,4.596715,0.065434,1
3568,41.424399,366.064453,3.981893,0.065979,1
3569,41.436009,366.064453,5.423725,0.067943,1
3570,41.447619,366.064453,5.447873,0.066936,1
3571,41.459229,366.064453,4.792221,0.065290,1
3572,41.470839,,2.341254,0.064777,0
3573,41.482449,,2.378015,0.064733,0
3574,41.494059,366.064453,5.589131,0.063648,1
3575,41.505669,,2.945405,0.064618,0
3576,41.517279,366.064453,3.068551,0.066557,1
3577,41.528889,,2.049947,0.065185,0
3578,41.540499,366.064453,5.125102,0.068560,1
3579,41.552109,366.064453,4.710650,0.071873,1
3580,41.563719,366.064453,4.793127,0.075765,1
3581,41.575329,366.064453,4.738206,0.078781,1
3582,41.586939,732.128906,6.482813,0.076849,1
3583,41.598549,366.064453,4.019131,0.072562,1
3584,41.610159,366.064453,3.585413,0.066277,1
3585,41.621769,,2.981765,0.059228,0
3586,41.633379,366.064453,3.992388,0.061112,1
3587,41.644989,366.064453,5.022979,0.060396,1
3588,41.656599,366.064453,3.499460,0.076354,1
3589,41.668209,,0.410926,0.083405,0
3590,41.679819,,0.573474,0.084795,0
3591,41.691429,,0.894432,0.096607,0
3592,41.703039,107.666016,6.258603,0.085068,1
3593,41.714649,,2.651107,0.079734,0
3594,41.726259,,0.847553,0.073898,0
3595,41.737868,,1.000000,0.056986,0
3596,41.749478,172.265625,3.053287,0.057613,1
3597,41.761088,,2.366327,0.051581,0
3598,41.772698,,1.000000,0.049181,0
3599,41.784308,,2.624495,0.055208,0
3600,41.795918,172.265625,3.039163,0.058622,1
3601,41.807528,,2.872626,0.071208,0
3602,41.819138,,1.491111,0.077371,0
3603,41.830748,,2.824295,0.074007,0
3604,41.842358,107.666016,4.078314,0.068667,1
3605,41.853968,107.666016,3.793171,0.059129,1
3606,41.865578,107.666016,3.722182,0.054846,1
3607,41.877188,,2.838334,0.052110,0
3608,41.888798,,0.846683,0.049192,0
3609,41.900408,107.666016,4.306731,0.050468,1
3610,41.912018,,1.343720,0.048578,0
3611,41.923628,,1.026276,0.049945,0
3612,41.935238,,2.737562,0.055441,0
3613,41.946848,172.265625,3.560708,0.056243,1
3614,41.958458,215.332031,4.699728,0.058408,1
3615,41.970068,193.798828,3.107265,0.059692,1
3616,41.981678,,2.186559,0.058395,0
3617,41.993288,,2.774854,0.058159,0
3618,42.004898,193.798828,3.355954,0.056971,1
3619,42.016508,193.798828,3.864982,0.056070,1
3620,42.028118,,2.979254,0.057409,0
3621,42.039728,,1.555455,0.057583,0
3622,42.051338,193.798828,3.094809,0.058052,1
3623,42.062948,,1.645959,0.059454,0
3624,42.074558,,1.592135,0.056610,0
3625,42.086168,193.798828,3.489005,0.055899,1
3626,42.097778,,1.768845,0.053500,0
3627,42.109388,,1.140277,0.052338,0
3628,42.120998,,1.000000,0.053864,0
3629,42.132608,193.798828,4.130313,0.051919,1
3630,42.144218,193.798828,5.340789,0.053911,1
3631,42.155828,,1.518609,0.055084,0
3632,42.167438,,1.372683,0.058065,0
3633,42.179048,193.798828,3.684703,0.058592,1
3634,42.190658,,2.954776,0.063194,0
3635,42.202268,193.798828,4.418349,0.066449,1
3636,42.213878,193.798828,5.777247,0.063925,1
3637,42.225488,86.132812,3.050037,0.066090,1
3638,42.237098,,2.721424,0.061944,0
3639,42.248707,387.597656,5.273316,0.059672,1
3640,42.260317,387.597656,8.278567,0.060133,1
3641,42.271927,387.597656,7.492804,0.058287,1
3642,42.283537,387.597656,5.189519,0.062561,1
3643,42.295147,387.597656,5.526554,0.061393,1
3644,42.306757,387.597656,5.951193,0.061134,1
3645,42.318367,387.597656,3.976309,0.060137,1
3646,42.329977,,2.772805,0.057052,0
3647,42.341587,,2.735541,0.057719,0
3648,42.353197,387.597656,4.033172,0.058119,1
3649,42.364807,387.597656,6.778055,0.061728,1
3650,42.376417,387.597656,7.339400,0.063533,1
3651,42.388027,193.798828,3.628707,0.064676,1
3652,42.399637,387.597656,5.908496,0.064869,1
3653,42.411247,387.597656,8.200285,0.063228,1
3654,42.422857,387.597656,5.993489,0.060866,1
3655,42.434467,193.798828,3.606286,0.060906,1
3656,42.446077,193.798828,4.628484,0.065069,1
3657,42.457687,387.597656,6.484214,0.067623,1
3658,42.469297,,0.828302,0.068564,0
3659,42.480907,129.199219,4.429435,0.067775,1
3660,42.492517,193.798828,5.064172,0.061080,1
3661,42.504127,,2.301873,0.055921,0
3662,42.515737,366.064453,5.051390,0.054787,1
3663,42.527347,366.064453,6.939286,0.052040,1
3664,42.538957,366.064453,4.569260,0.052427,1
3665,42.550567,,2.699144,0.053663,0
3666,42.562177,,2.869385,0.053233,0
3667,42.573787,366.064453,7.681063,0.060223,1
3668,42.585397,366.064453,7.594389,0.065614,1
3669,42.597007,,2.598294,0.068500,0
3670,42.608617,366.064453,6.861602,0.070541,1
3671,42.620227,,0.644065,0.064204,0
3672,42.631837,,1.595523,0.062658,0
3673,42.643447,,2.858975,0.067415,0
3674,42.655057,344.531250,6.033970,0.066823,1
3675,42.666667,344.531250,7.913423,0.073453,1
3676,42.678277,,2.360882,0.073851,0
3677,42.689887,301.464844,12.453516,0.069638,1
3678,42.701497,,1.140371,0.068747,0
3679,42.713107,,0.970846,0.089757,0
3680,42.724717,,0.508277,0.098040,0
3681,42.736327,,0.733984,0.112615,0
3682,42.747937,,0.746603,0.117751,0
3683,42.759546,,0.740481,0.098992,0
3684,42.771156,129.199219,7.620562,0.090827,1
3685,42.782766,129.199219,7.917166,0.072598,1
3686,42.794376,129.199219,4.517156,0.064278,1
3687,42.805986,,2.639205,0.063671,0
3688,42.817596,215.332031,4.433053,0.059589,1
3689,42.829206,215.332031,3.450058,0.056981,1
3690,42.840816,129.199219,3.529086,0.057021,1
3691,42.852426,215.332031,5.017574,0.057822,1
3692,42.864036,215.332031,3.017442,0.058675,1
3693,42.875646,,1.481628,0.059990,0
3694,42.887256,301.464844,12.676780,0.059168,1
3695,42.898866,,2.817244,0.063433,0
3696,42.910476,,1.463754,0.063555,0
3697,42.922086,,1.043165,0.063561,0
3698,42.933696,,1.223786,0.064154,0
3699,42.945306,,1.994902,0.063813,0
3700,42.956916,,2.174851,0.068041,0
3701,42.968526,,1.444588,0.067044,0
3702,42.980136,,0.971027,0.068430,0
3703,42.991746,,1.812476,0.067900,0
3704,43.003356,215.332031,3.383697,0.063674,1
3705,43.014966,,1.068111,0.063981,0
3706,43.026576,,1.095726,0.062419,0
3707,43.038186,,1.000000,0.065012,0
3708,43.049796,,1.459685,0.067066,0
3709,43.061406,,1.569571,0.068200,0
3710,43.073016,,1.096044,0.070164,0
3711,43.084626,,0.905361,0.064934,0
3712,43.096236,,1.113201,0.066104,0
3713,43.107846,236.865234,3.182019,0.067683,1
3714,43.119456,,0.622979,0.063543,0
3715,43.131066,,0.996059,0.068368,0
3716,43.142676,,2.682987,0.068751,0
3717,43.154286,,0.611838,0.067650,0
3718,43.165896,,0.346962,0.077282,0
3719,43.177506,,0.762352,0.077002,0
3720,43.189116,,0.436670,0.081138,0
3721,43.200726,,1.504786,0.085528,0
3722,43.212336,,1.498930,0.087698,0
3723,43.223946,,0.462668,0.094957,0
3724,43.235556,,0.370571,0.091379,0
3725,43.247166,,1.798643,0.087371,0
3726,43.258776,,1.488688,0.083499,0
3727,43.270385,,2.049468,0.071263,0
3728,43.281995,193.798828,4.632453,0.072206,1
3729,43.293605,,0.903100,0.072102,0
3730,43.305215,,0.421429,0.073182,0
3731,43.316825,,2.263716,0.073110,0
3732,43.328435,,2.265638,0.070962,0
3733,43.340045,,1.460329,0.071462,0
3734,43.351655,322.998047,7.579130,0.068434,1
3735,43.363265,,1.000000,0.069691,0
3736,43.374875,,0.932146,0.070608,0
3737,43.386485,344.531250,4.730126,0.068206,1
3738,43.398095,,0.721741,0.068597,0
3739,43.409705,,1.210148,0.068821,0
3740,43.421315,,0.169930,0.067489,0
3741,43.432925,,0.767464,0.067179,0
3742,43.444535,,1.652323,0.063765,0
3743,43.456145,,2.715877,0.064713,0
3744,43.467755,,0.588557,0.068137,0
3745,43.479365,,2.902028,0.069330,0
3746,43.490975,,0.894691,0.073164,0
3747,43.502585,,2.744611,0.075341,0
3748,43.514195,,0.640495,0.074011,0
3749,43.525805,,1.000000,0.077192,0
3750,43.537415,,1.000000,0.075147,0
3751,43.549025,,0.788518,0.075789,0
3752,43.560635,,0.783933,0.078326,0
3753,43.572245,,0.500008,0.082803,0
3754,43.583855,,1.667950,0.084816,0
3755,43.595465,322.998047,4.744766,0.087117,1
3756,43.607075,,1.255715,0.088427,0
3757,43.618685,,2.137378,0.083669,0
3758,43.630295,,1.646823,0.083810,0
3759,43.641905,,0.425102,0.081839,0
3760,43.653515,,2.038049,0.077374,0
3761,43.665125,,0.262872,0.077882,0
3762,43.676735,,1.019894,0.074349,0
3763,43.688345,,0.232762,0.069644,0
3764,43.699955,,0.381836,0.068331,0
3765,43.711565,,0.368511,0.065627,0
3766,43.723175,,0.119274,0.064747,0
3767,43.734785,,1.124969,0.069041,0
3768,43.746395,,0.279445,0.084352,0
3769,43.758005,,0.895066,0.088871,0
3770,43.769615,,0.748112,0.089691,0
3771,43.781224,,2.027336,0.087755,0
3772,43.792834,,2.536751,0.074307,0
3773,43.804444,,1.000000,0.067770,0
3774,43.816054,107.666016,4.617977,0.067494,1
3775,43.827664,,1.104634,0.066187,0
3776,43.839274,129.199219,5.960593,0.064083,1
3777,43.850884,,0.946286,0.062346,0
3778,43.862494,,0.499843,0.058873,0
3779,43.874104,,2.738623,0.056635,0
3780,43.885714,,0.379317,0.053683,0
3781,43.897324,,2.417356,0.053229,0
3782,43.908934,,0.445499,0.053028,0
3783,43.920544,,1.219558,0.050673,0
3784,43.932154,,1.458363,0.050457,0
3785,43.943764,,1.892628,0.050197,0
3786,43.955374,,0.537694,0.048863,0
3787,43.966984,,1.861887,0.051439,0
3788,43.978594,,2.580699,0.053782,0
3789,43.990204,,0.554766,0.053391,0
3790,44.001814,,0.365007,0.055747,0
3791,44.013424,,0.308055,0.056699,0
3792,44.025034,,0.297693,0.063687,0
3793,44.036644,,1.337974,0.068835,0
3794,44.048254,,0.365700,0.070032,0
3795,44.059864,,0.567857,0.071181,0
3796,44.071474,,0.885481,0.066356,0
3797,44.083084,,1.234286,0.067749,0
3798,44.094694,,0.813451,0.066965,0
3799,44.106304,,0.990893,0.071379,0
3800,44.117914,,0.434299,0.073048,0
3801,44.129524,,0.206956,0.077710,0
3802,44.141134,,0.508970,0.085042,0
3803,44.152744,,0.793308,0.088071,0
3804,44.164354,,0.207781,0.090719,0
3805,44.175964,,1.697933,0.084302,0
3806,44.187574,,0.900218,0.086048,0
3807,44.199184,,0.959568,0.077290,0
3808,44.210794,,0.365712,0.073687,0
3809,44.222404,,0.522713,0.078757,0
3810,44.234014,,0.663999,0.072026,0
3811,44.245624,,0.724046,0.077957,0
3812,44.257234,,1.552406,0.079370,0
3813,44.268844,,0.694293,0.073247,0
3814,44.280454,,0.919672,0.067929,0
3815,44.292063,,0.707211,0.066098,0
3816,44.303673,,0.550941,0.063114,0
3817,44.315283,,1.603036,0.064222,0
3818,44.326893,,1.819537,0.071472,0
3819,44.338503,,1.192423,0.071805,0
3820,44.350113,,2.971721,0.072981,0
3821,44.361723,,0.524550,0.076595,0
3822,44.373333,,0.565096,0.072453,0
3823,44.384943,,0.541358,0.069753,0
3824,44.396553,,1.199877,0.067785,0
3825,44.408163,,0.695921,0.063600,0
3826,44.419773,,0.435017,0.062251,0
3827,44.431383,,0.535936,0.062435,0
3828,44.442993,,0.734757,0.062502,0
3829,44.454603,,0.960849,0.061627,0
3830,44.466213,,1.120302,0.060205,0
3831,44.477823,,1.554763,0.057527,0
3832,44.489433,,1.220719,0.056918,0
3833,44.501043,,1.743921,0.055410,0
3834,44.512653,,1.646177,0.063402,0
3835,44.524263,,1.397366,0.069679,0
3836,44.535873,,1.370835,0.074300,0
3837,44.547483,,1.292754,0.088327,0
3838,44.559093,,1.061754,0.102921,0
3839,44.570703,,2.611876,0.102246,0
3840,44.582313,,1.627950,0.100361,0
3841,44.593923,,2.336370,0.089853,0
3842,44.605533,,1.805467,0.068343,0
3843,44.617143,,2.114144,0.064393,0
3844,44.628753,,2.065491,0.064847,0
3845,44.640363,322.998047,4.920716,0.066440,1
3846,44.651973,322.998047,5.857664,0.070376,1
3847,44.663583,,1.808546,0.073176,0
3848,44.675193,,1.508569,0.072885,0
3849,44.686803,,1.220135,0.071485,0
3850,44.698413,,2.096709,0.069369,0
3851,44.710023,,1.731586,0.067466,0
3852,44.721633,,1.805304,0.065710,0
3853,44.733243,,1.936389,0.064464,0
3854,44.744853,,2.489905,0.061265,0
3855,44.756463,86.132812,3.242051,0.058331,1
3856,44.768073,86.132812,3.912760,0.053995,1
3857,44.779683,,2.498327,0.048068,0
3858,44.791293,,1.666141,0.045363,0
3859,44.802902,,1.103297,0.061896,0
3860,44.814512,,0.591451,0.079166,0
3861,44.826122,,1.000000,0.086682,0
3862,44.837732,,1.130038,0.093257,0
3863,44.849342,,2.090726,0.084996,0
3864,44.860952,,2.695700,0.069671,0
3865,44.872562,,2.762973,0.061629,0
3866,44.884172,,0.660437,0.053264,0
3867,44.895782,129.199219,4.782916,0.052962,1
3868,44.907392,107.666016,3.262821,0.056266,1
3869,44.919002,,0.395680,0.057588,0
3870,44.930612,,0.495328,0.060550,0
3871,44.942222,,0.441888,0.063738,0
3872,44.953832,,0.239473,0.065770,0
3873,44.965442,,0.281176,0.067514,0
3874,44.977052,,1.817609,0.064888,0
3875,44.988662,,0.180367,0.061575,0
3876,45.000272,,0.218028,0.060142,0
3877,45.011882,,0.565652,0.064930,0
3878,45.023492,,0.456942,0.067353,0
3879,45.035102,129.199219,3.266589,0.069342,1
3880,45.046712,129.199219,3.201847,0.070754,1
3881,45.058322,,0.254712,0.067049,0
3882,45.069932,,1.000000,0.066712,0
3883,45.081542,,1.054566,0.064284,0
3884,45.093152,,1.358968,0.067029,0
3885,45.104762,,0.629741,0.076118,0
3886,45.116372,,0.510189,0.079784,0
3887,45.127982,,2.616843,0.084666,0
3888,45.139592,,2.267684,0.087071,0
3889,45.151202,215.332031,5.635297,0.085219,1
3890,45.162812,,0.333653,0.085782,0
3891,45.174422,,2.446733,0.083676,0
3892,45.186032,,2.831514,0.079095,0
3893,45.197642,,2.150946,0.070595,0
3894,45.209252,107.666016,3.568660,0.061525,1
3895,45.220862,107.666016,3.968373,0.055683,1
3896,45.232472,107.666016,3.427599,0.052403,1
3897,45.244082,,1.968487,0.055237,0
3898,45.255692,,0.435711,0.055212,0
3899,45.267302,,1.985619,0.055276,0
3900,45.278912,,0.741332,0.052733,0
3901,45.290522,,2.527131,0.049152,0
3902,45.302132,,2.653377,0.049580,0
3903,45.313741,,1.348287,0.050512,0
3904,45.325351,,0.490503,0.054888,0
3905,45.336961,,1.042208,0.061776,0
3906,45.348571,107.666016,4.415055,0.061515,1
3907,45.360181,,2.714444,0.065203,0
3908,45.371791,,2.327904,0.064183,0
3909,45.383401,,1.213701,0.061775,0
3910,45.395011,,0.236517,0.063844,0
3911,45.406621,,0.447546,0.060524,0
3912,45.418231,,0.614182,0.061696,0
3913,45.429841,,0.345829,0.057427,0
3914,45.441451,,0.245838,0.062582,0
3915,45.453061,215.332031,4.001868,0.058851,1
3916,45.464671,215.332031,5.196360,0.060813,1
3917,45.476281,,2.273118,0.060365,0
3918,45.487891,,1.784395,0.060225,0
3919,45.499501,,2.736980,0.065049,0
3920,45.511111,322.998047,3.364359,0.064078,1
3921,45.522721,,1.522246,0.068364,0
3922,45.534331,,2.370896,0.064507,0
3923,45.545941,,2.222607,0.063372,0
3924,45.557551,,1.300409,0.062612,0
3925,45.569161,,1.513167,0.076983,0
3926,45.580771,,1.397375,0.086682,0
3927,45.592381,129.199219,3.168360,0.095911,1
3928,45.603991,129.199219,8.255106,0.100338,1
3929,45.615601,129.199219,11.565778,0.090076,1
3930,45.627211,107.666016,4.631992,0.082225,1
3931,45.638821,107.666016,4.378552,0.075579,1
3932,45.650431,,0.465724,0.071558,0
3933,45.662041,,1.947872,0.069553,0
3934,45.673651,129.199219,3.484993,0.069945,1
3935,45.685261,,1.946341,0.067485,0
3936,45.696871,,0.212025,0.063737,0
3937,45.708481,172.265625,4.576893,0.065585,1
3938,45.720091,,0.139845,0.062090,0
3939,45.731701,172.265625,3.980000,0.064154,1
3940,45.743311,172.265625,8.003564,0.065480,1
3941,45.754921,172.265625,6.152365,0.064152,1
3942,45.766531,,0.198265,0.066434,0
3943,45.778141,,2.128395,0.067055,0
3944,45.789751,,0.894141,0.074191,0
3945,45.801361,,1.346515,0.074710,0
3946,45.812971,,0.300170,0.079148,0
3947,45.824580,,0.799179,0.079615,0
3948,45.836190,,0.402795,0.081775,0
3949,45.847800,,0.457006,0.084454,0
3950,45.859410,107.666016,3.621676,0.081205,1
3951,45.871020,,0.719751,0.085010,0
3952,45.882630,,0.368340,0.080921,0
3953,45.894240,,0.193384,0.078378,0
3954,45.905850,,0.627166,0.075681,0
3955,45.917460,,0.276707,0.065995,0
3956,45.929070,,0.578899,0.057904,0
3957,45.940680,129.199219,3.227911,0.057089,1
3958,45.952290,,2.530815,0.056600,0
3959,45.963900,,0.180764,0.057633,0
3960,45.975510,,1.881357,0.059593,0
3961,45.987120,,1.799080,0.057905,0
3962,45.998730,,0.229925,0.060572,0
3963,46.010340,,1.614174,0.062932,0
3964,46.021950,150.732422,3.690022,0.063652,1
3965,46.033560,150.732422,3.273450,0.069262,1
3966,46.045170,,1.427070,0.069628,0
3967,46.056780,,1.981221,0.069292,0
3968,46.068390,,2.086720,0.071177,0
3969,46.080000,258.398438,6.709025,0.070716,1
3970,46.091610,,0.561315,0.074025,0
3971,46.103220,,0.337610,0.079995,0
3972,46.114830,,0.485966,0.082572,0
3973,46.126440,,2.765176,0.086971,0
3974,46.138050,,2.233207,0.091188,0
3975,46.149660,,0.279829,0.094633,0
3976,46.161270,,0.116966,0.096135,0
3977,46.172880,344.531250,4.539893,0.095532,1
3978,46.184490,,1.403290,0.098172,0
3979,46.196100,,0.243855,0.100357,0
3980,46.207710,,1.927170,0.118675,0
3981,46.219320,,0.152329,0.134465,0
3982,46.230930,925.927734,13.697957,0.151570,1
3983,46.242540,925.927734,21.289596,0.167723,1
3984,46.254150,925.927734,21.704426,0.164900,1
3985,46.265760,925.927734,20.622275,0.157647,1
3986,46.277370,925.927734,14.100833,0.138410,1
3987,46.288980,947.460938,13.100481,0.123324,1
3988,46.300590,,1.846395,0.121630,0
3989,46.312200,925.927734,16.438427,0.113986,1
3990,46.323810,925.927734,9.319943,0.120859,1
3991,46.335420,,0.381320,0.131810,0
3992,46.347029,925.927734,9.708295,0.124522,1
3993,46.358639,129.199219,5.429291,0.130202,1
3994,46.370249,925.927734,10.370240,0.135533,1
3995,46.381859,925.927734,18.564238,0.112870,1
3996,46.393469,925.927734,12.517051,0.107178,1
3997,46.405079,322.998047,4.627776,0.108593,1
3998,46.416689,322.998047,4.137012,0.105848,1
3999,46.428299,947.460938,21.716317,0.113518,1
4000,46.439909,947.460938,23.750204,0.123983,1
4001,46.451519,947.460938,18.135371,0.117717,1
4002,46.463129,322.998047,3.904892,0.104258,1
4003,46.474739,,2.644369,0.101869,0
4004,46.486349,129.199219,3.104380,0.102099,1
4005,46.497959,,1.000000,0.109292,0
4006,46.509569,968.994141,24.890734,0.114962,1
4007,46.521179,322.998047,6.646083,0.106020,1
4008,46.532789,,2.132100,0.094180,0
4009,46.544399,322.998047,4.062459,0.091088,1
4010,46.556009,322.998047,9.729648,0.094673,1
4011,46.567619,322.998047,8.494058,0.109004,1
4012,46.579229,322.998047,5.699464,0.110945,1
4013,46.590839,,2.551115,0.101123,0
4014,46.602449,,2.375369,0.094666,0
4015,46.614059,,2.578949,0.083332,0
4016,46.625669,129.199219,5.485189,0.087371,1
4017,46.637279,129.199219,6.542002,0.101493,1
4018,46.648889,129.199219,4.510325,0.117658,1
4019,46.660499,968.994141,15.936630,0.129211,1
4020,46.672109,968.994141,16.584455,0.129612,1
4021,46.683719,193.798828,3.506487,0.122933,1
4022,46.695329,,2.015932,0.113011,0
4023,46.706939,236.865234,6.937496,0.111073,1
4024,46.718549,968.994141,18.065714,0.113377,1
4025,46.730159,322.998047,6.689053,0.115142,1
4026,46.741769,,0.157634,0.115139,0
4027,46.753379,,0.141898,0.115930,0
4028,46.764989,193.798828,9.534361,0.114517,1
4029,46.776599,968.994141,15.411203,0.113018,1
4030,46.788209,,2.619835,0.104210,0
4031,46.799819,129.199219,3.775158,0.088485,1
4032,46.811429,,2.291190,0.084904,0
4033,46.823039,129.199219,3.807353,0.092582,1
4034,46.834649,193.798828,3.712344,0.097021,1
4035,46.846259,,2.070417,0.103489,0
4036,46.857868,172.265625,5.795621,0.104992,1
4037,46.869478,172.265625,10.633442,0.091804,1
4038,46.881088,,1.630428,0.091312,0
4039,46.892698,129.199219,8.463210,0.093733,1
4040,46.904308,129.199219,8.319211,0.092367,1
4041,46.915918,129.199219,4.802421,0.093206,1
4042,46.927528,968.994141,12.048585,0.092384,1
4043,46.939138,,2.757027,0.090945,0
4044,46.950748,990.527344,13.691422,0.087129,1
4045,46.962358,129.199219,3.319749,0.091768,1
4046,46.973968,,1.747477,0.097273,0
4047,46.985578,236.865234,11.530991,0.094235,1
4048,46.997188,,0.973966,0.090431,0
4049,47.008798,,0.741542,0.094571,0
4050,47.020408,,0.779676,0.089028,0
4051,47.032018,,0.294058,0.089488,0
4052,47.043628,,0.274303,0.087790,0
4053,47.055238,193.798828,3.538943,0.085188,1
4054,47.066848,193.798828,3.406196,0.086522,1
4055,47.078458,990.527344,13.550939,0.081218,1
4056,47.090068,,0.254021,0.080731,0
4057,47.101678,,0.351484,0.078390,0
4058,47.113288,,2.924297,0.081549,0
4059,47.124898,,1.172183,0.085593,0
4060,47.136508,129.199219,4.413579,0.090410,1
4061,47.148118,129.199219,6.225116,0.087477,1
4062,47.159728,129.199219,6.754676,0.080742,1
4063,47.171338,129.199219,6.008800,0.081647,1
4064,47.182948,990.527344,13.632486,0.080018,1
4065,47.194558,129.199219,5.590658,0.083045,1
4066,47.206168,129.199219,5.623717,0.082946,1
4067,47.217778,129.199219,5.027451,0.090737,1
4068,47.229388,,2.479820,0.097246,0
4069,47.240998,,0.282232,0.095559,0
4070,47.252608,129.199219,8.452828,0.098844,1
4071,47.264218,129.199219,9.780806,0.091246,1
4072,47.275828,129.199219,9.594200,0.087984,1
4073,47.287438,,0.764993,0.091601,0
4074,47.299048,129.199219,3.410918,0.090464,1
4075,47.310658,,1.510185,0.091754,0
4076,47.322268,,1.777985,0.091030,0
4077,47.333878,,1.075936,0.087175,0
4078,47.345488,,2.535172,0.085868,0
4079,47.357098,193.798828,5.373983,0.088181,1
4080,47.368707,,2.618744,0.085365,0
4081,47.380317,129.199219,4.370178,0.085642,1
4082,47.391927,86.132812,3.497214,0.082716,1
4083,47.403537,193.798828,3.639692,0.071383,1
4084,47.415147,,1.075330,0.072974,0
4085,47.426757,,2.021189,0.071395,0
4086,47.438367,258.398438,3.612411,0.069447,1
4087,47.449977,,1.198228,0.071289,0
4088,47.461587,,2.940361,0.067502,0
4089,47.473197,279.931641,6.158081,0.073503,1
4090,47.484807,,1.968195,0.074999,0
4091,47.496417,,1.988190,0.076077,0
4092,47.508027,,1.147338,0.085181,0
4093,47.519637,,1.000000,0.087069,0
4094,47.531247,,1.106003,0.094956,0
4095,47.542857,,2.409841,0.096110,0
4096,47.554467,,1.585398,0.097447,0
4097,47.566077,,0.847110,0.095086,0
4098,47.577687,,1.749148,0.088919,0
4099,47.589297,,1.000000,0.087326,0
4100,47.600907,,1.620792,0.079749,0
4101,47.612517,193.798828,4.256706,0.076175,1
4102,47.624127,,1.133953,0.079603,0
4103,47.635737,129.199219,3.085862,0.083946,1
4104,47.647347,,1.036885,0.092058,0
4105,47.658957,344.531250,3.364936,0.095487,1
4106,47.670567,,1.970649,0.098268,0
4107,47.682177,,2.996078,0.098428,0
4108,47.693787,,0.790589,0.110256,0
4109,47.705397,193.798828,8.777653,0.109307,1
4110,47.717007,,1.612560,0.116293,0
4111,47.728617,,1.306570,0.122817,0
4112,47.740227,,1.130625,0.112130,0
4113,47.751837,,1.348546,0.110484,0
4114,47.763447,,1.296552,0.097065,0
4115,47.775057,,1.252224,0.096576,0
4116,47.786667,,1.080837,0.096979,0
4117,47.798277,193.798828,6.561582,0.098524,1
4118,47.809887,,1.034729,0.098975,0
4119,47.821497,193.798828,8.609750,0.092993,1
4120,47.833107,,1.340798,0.088584,0
4121,47.844717,,1.561958,0.091789,0
4122,47.856327,,1.000000,0.094540,0
4123,47.867937,,1.235249,0.104950,0
4124,47.879546,925.927734,23.728100,0.117729,1
4125,47.891156,,0.981730,0.117836,0
4126,47.902766,904.394531,10.907140,0.123554,1
4127,47.914376,193.798828,4.815649,0.113174,1
4128,47.925986,129.199219,3.929268,0.096727,1
4129,47.937596,,2.501629,0.094807,0
4130,47.949206,,1.734910,0.081188,0
4131,47.960816,129.199219,5.133419,0.073654,1
4132,47.972426,129.199219,3.939722,0.067623,1
4133,47.984036,,2.692624,0.058746,0
4134,47.995646,,0.705344,0.057621,0
4135,48.007256,193.798828,3.417763,0.058365,1
4136,48.018866,193.798828,3.667688,0.057523,1
4137,48.030476,,0.392748,0.056518,0
4138,48.042086,,2.498827,0.055078,0
4139,48.053696,,0.604294,0.052441,0
4140,48.065306,,2.649378,0.052177,0
4141,48.076916,,2.765654,0.050870,0
4142,48.088526,,0.909135,0.049519,0
4143,48.100136,193.798828,4.872176,0.048915,1
4144,48.111746,172.265625,3.330830,0.048912,1
4145,48.123356,193.798828,3.209533,0.049785,1
4146,48.134966,,2.412656,0.051189,0
4147,48.146576,,0.721835,0.050879,0
4148,48.158186,,0.952338,0.050633,0
4149,48.169796,,1.163131,0.049123,0
4150,48.181406,193.798828,4.536589,0.048649,1
4151,48.193016,,1.063484,0.049887,0
4152,48.204626,,1.000000,0.052002,0
4153,48.216236,,1.045754,0.052931,0
4154,48.227846,,1.087614,0.052481,0
4155,48.239456,193.798828,5.744575,0.049549,1
4156,48.251066,,1.099906,0.046944,0
4157,48.262676,,1.149046,0.046450,0
4158,48.274286,279.931641,5.726491,0.047974,1
4159,48.285896,279.931641,4.476695,0.050642,1
4160,48.297506,,1.226297,0.050202,0
4161,48.309116,,1.107884,0.048563,0
4162,48.320726,,1.131530,0.043526,0
4163,48.332336,193.798828,3.337494,0.041876,1
4164,48.343946,,1.335569,0.041571,0
4165,48.355556,,1.341540,0.041103,0
4166,48.367166,,1.659431,0.042518,0
4167,48.378776,,1.162177,0.042326,0
4168,48.390385,193.798828,4.385135,0.040046,1
4169,48.401995,193.798828,3.737637,0.041750,1
4170,48.413605,,1.443756,0.040493,0
4171,48.425215,,1.458343,0.040607,0
4172,48.436825,,1.339623,0.048049,0
4173,48.448435,,0.627455,0.049157,0
4174,48.460045,,1.068418,0.052069,0
4175,48.471655,,2.024502,0.056014,0
4176,48.483265,,1.640818,0.053773,0
4177,48.494875,,1.679676,0.051266,0
4178,48.506485,,1.771665,0.050532,0
4179,48.518095,,1.991851,0.045937,0
4180,48.529705,,1.234464,0.044417,0
4181,48.541315,,1.235498,0.044709,0
4182,48.552925,,0.888598,0.043442,0
4183,48.564535,,0.721403,0.042640,0
4184,48.576145,,0.434446,0.042441,0
4185,48.587755,,0.716146,0.040229,0
4186,48.599365,,1.270571,0.042311,0
4187,48.610975,,1.453013,0.041825,0
4188,48.622585,,1.435843,0.043762,0
4189,48.634195,,1.149664,0.046666,0
4190,48.645805,,1.213272,0.045768,0
4191,48.657415,,1.302378,0.046524,0
4192,48.669025,,1.502016,0.044069,0
4193,48.680635,,1.704934,0.046656,0
4194,48.692245,,1.878805,0.047866,0
4195,48.703855,129.199219,3.880802,0.049255,1
4196,48.715465,129.199219,4.493692,0.050918,1
4197,48.727075,,2.509503,0.048427,0
4198,48.738685,,1.518099,0.044841,0
4199,48.750295,,2.805033,0.043772,0
4200,48.761905,,2.312767,0.041071,0
4201,48.773515,129.199219,3.838712,0.041641,1
4202,48.785125,129.199219,3.494901,0.043538,1
4203,48.796735,,1.895445,0.043215,0
4204,48.808345,,1.741848,0.043016,0
4205,48.819955,,2.553719,0.040138,0
4206,48.831565,129.199219,3.107631,0.038882,1
4207,48.843175,,2.423628,0.039630,0
4208,48.854785,,2.538416,0.039897,0
4209,48.866395,,1.000000,0.040280,0
4210,48.878005,,1.574532,0.039955,0
4211,48.889615,129.199219,3.048745,0.036897,1
4212,48.901224,,2.603235,0.034180,0
4213,48.912834,,2.149649,0.033429,0
4214,48.924444,,2.665079,0.032234,0
4215,48.936054,,2.248538,0.049481,0
4216,48.947664,,1.276907,0.068701,0
4217,48.959274,,1.072057,0.080598,0
4218,48.970884,,1.663773,0.092895,0
4219,48.982494,,1.359249,0.089852,0
4220,48.994104,129.199219,9.515632,0.084323,1
4221,49.005714,107.666016,4.239255,0.081909,1
4222,49.017324,107.666016,5.321951,0.073105,1
4223,49.028934,107.666016,4.377148,0.073467,1
4224,49.040544,322.998047,9.082921,0.074329,1
4225,49.052154,107.666016,3.076411,0.072918,1
4226,49.063764,107.666016,3.771035,0.074166,1
4227,49.075374,,2.708623,0.075475,0
4228,49.086984,,1.706003,0.068847,0
4229,49.098594,107.666016,4.329375,0.069074,1
4230,49.110204,107.666016,4.968726,0.067310,1
4231,49.121814,107.666016,3.430946,0.065332,1
4232,49.133424,107.666016,4.106306,0.064913,1
4233,49.145034,107.666016,4.356106,0.058671,1
4234,49.156644,107.666016,4.735816,0.054318,1
4235,49.168254,107.666016,5.320741,0.047767,1
4236,49.179864,107.666016,7.292091,0.046333,1
4237,49.191474,107.666016,5.795551,0.043492,1
4238,49.203084,107.666016,5.534732,0.044170,1
4239,49.214694,,2.167608,0.046163,0
4240,49.226304,129.199219,3.860041,0.055021,1
4241,49.237914,,2.009226,0.060275,0
4242,49.249524,,1.694588,0.068523,0
4243,49.261134,,1.000000,0.073771,0
4244,49.272744,,1.307846,0.072352,0
4245,49.284354,,2.238896,0.072750,0
4246,49.295964,,2.281820,0.068531,0
4247,49.307574,,2.488604,0.066953,0
4248,49.319184,,2.820409,0.066982,0
4249,49.330794,,2.705018,0.065625,0
4250,49.342404,,2.881946,0.064605,0
4251,49.354014,107.666016,3.485529,0.062514,1
4252,49.365624,,2.841259,0.059415,0
4253,49.377234,,2.514166,0.061773,0
4254,49.388844,,1.553422,0.060314,0
4255,49.400454,,1.679374,0.061817,0
4256,49.412063,,2.266431,0.063242,0
4257,49.423673,107.666016,4.263396,0.059098,1
4258,49.435283,107.666016,3.015037,0.059573,1
4259,49.446893,,2.745373,0.060345,0
4260,49.458503,,2.722522,0.057718,0
4261,49.470113,,2.670579,0.057864,0
4262,49.481723,107.666016,3.781348,0.064275,1
4263,49.493333,107.666016,3.729254,0.067063,1
4264,49.504943,107.666016,4.606699,0.069210,1
4265,49.516553,107.666016,6.220577,0.072905,1
4266,49.528163,,2.271635,0.070742,0
4267,49.539773,172.265625,3.547625,0.068701,1
4268,49.551383,107.666016,3.118542,0.072264,1
4269,49.562993,,2.733922,0.073152,0
4270,49.574603,,1.371020,0.072058,0
4271,49.586213,,2.000402,0.069015,0
4272,49.597823,,1.574790,0.067365,0
4273,49.609433,322.998047,8.519369,0.063217,1
4274,49.621043,322.998047,8.231857,0.060768,1
4275,49.632653,215.332031,4.289104,0.060341,1
4276,49.644263,215.332031,4.080592,0.057328,1
4277,49.655873,,2.197012,0.056090,0
4278,49.667483,322.998047,8.148668,0.055587,1
4279,49.679093,322.998047,7.955672,0.055112,1
4280,49.690703,,2.010762,0.057053,0
4281,49.702313,,2.001718,0.056017,0
4282,49.713923,,1.728864,0.057969,0
4283,49.725533,,2.082481,0.057220,0
4284,49.737143,,1.454904,0.053399,0
4285,49.748753,,2.127633,0.053415,0
4286,49.760363,,1.774204,0.048621,0
4287,49.771973,,2.882363,0.048492,0
4288,49.783583,322.998047,6.349840,0.044768,1
4289,49.795193,,2.700212,0.044616,0
4290,49.806803,107.666016,3.552584,0.045141,1
4291,49.818413,107.666016,3.166121,0.045492,1
4292,49.830023,,1.641463,0.047749,0
4293,49.841633,,0.952981,0.047823,0
4294,49.853243,,1.815604,0.049823,0
4295,49.864853,,2.190908,0.049401,0
4296,49.876463,,2.445729,0.051330,0
4297,49.888073,,2.550451,0.052200,0
4298,49.899683,,2.729629,0.052883,0
4299,49.911293,107.666016,3.283318,0.051464,1
4300,49.922902,,2.996162,0.049004,0
4301,49.934512,107.666016,3.304275,0.046652,1
4302,49.946122,107.666016,4.167461,0.042532,1
4303,49.957732,107.666016,3.784663,0.042727,1
4304,49.969342,107.666016,3.838051,0.042502,1
4305,49.980952,107.666016,3.906914,0.046658,1
4306,49.992562,107.666016,3.082235,0.076406,1
4307,50.004172,107.666016,3.818101,0.099859,1
4308,50.015782,107.666016,3.278518,0.106318,1
4309,50.027392,,2.407689,0.110332,0
4310,50.039002,107.666016,3.548418,0.096801,1
4311,50.050612,107.666016,5.259852,0.075768,1
4312,50.062222,107.666016,4.891703,0.071067,1
4313,50.073832,,2.945633,0.063348,0
4314,50.085442,,1.187209,0.061441,0
4315,50.097052,129.199219,3.308346,0.064533,1
4316,50.108662,129.199219,4.073052,0.062127,1
4317,50.120272,107.666016,3.567541,0.063742,1
4318,50.131882,,2.307941,0.065054,0
4319,50.143492,,2.995401,0.063717,0
4320,50.155102,,2.122805,0.064502,0
4321,50.166712,,2.656884,0.065105,0
4322,50.178322,107.666016,3.568375,0.064191,1
4323,50.189932,,2.348001,0.064068,0
4324,50.201542,215.332031,7.989127,0.062065,1
4325,50.213152,215.332031,6.845722,0.061718,1
4326,50.224762,107.666016,3.288602,0.058315,1
4327,50.236372,107.666016,4.077839,0.059766,1
4328,50.247982,107.666016,4.697358,0.062370,1
4329,50.259592,107.666016,3.511121,0.062203,1
4330,50.271202,,2.458043,0.062203,0
4331,50.282812,,1.451683,0.058135,0
4332,50.294422,,1.707665,0.058452,0
4333,50.306032,,1.627363,0.058871,0
4334,50.317642,,1.801517,0.058507,0
4335,50.329252,,1.856383,0.060267,0
4336,50.340862,,2.277868,0.055951,0
4337,50.352472,,2.255655,0.053582,0
4338,50.364082,107.666016,6.183302,0.055615,1
4339,50.375692,107.666016,5.489099,0.052856,1
4340,50.387302,107.666016,5.304942,0.054159,1
4341,50.398912,107.666016,6.634432,0.054394,1
4342,50.410522,107.666016,3.899521,0.057853,1
4343,50.422132,107.666016,3.305048,0.061873,1
4344,50.433741,107.666016,4.525398,0.061379,1
4345,50.445351,107.666016,3.672783,0.068233,1
4346,50.456961,107.666016,3.473224,0.068427,1
4347,50.468571,107.666016,3.578826,0.069029,1
4348,50.480181,236.865234,9.783710,0.074103,1
4349,50.491791,,0.914373,0.073544,0
4350,50.503401,,0.836043,0.078070,0
4351,50.515011,,1.804347,0.080933,0
4352,50.526621,,1.069070,0.083303,0
4353,50.538231,,0.779528,0.084160,0
4354,50.549841,,1.697246,0.080746,0
4355,50.561451,86.132812,3.121267,0.076229,1
4356,50.573061,,1.469001,0.069443,0
4357,50.584671,,0.570779,0.064077,0
4358,50.596281,,1.282809,0.061879,0
4359,50.607891,,2.488079,0.061857,0
4360,50.619501,,0.353616,0.063064,0
4361,50.631111,,0.288880,0.060210,0
4362,50.642721,,0.652657,0.055877,0
4363,50.654331,322.998047,5.404226,0.050570,1
4364,50.665941,322.998047,4.104902,0.048077,1
4365,50.677551,322.998047,4.710275,0.051235,1
4366,50.689161,322.998047,5.989629,0.055486,1
4367,50.700771,,1.933972,0.057670,0
4368,50.712381,,0.996679,0.060284,0
4369,50.723991,,1.546229,0.057955,0
4370,50.735601,,1.314784,0.057230,0
4371,50.747211,366.064453,3.274036,0.059555,1
4372,50.758821,366.064453,7.111942,0.060185,1
4373,50.770431,366.064453,4.783890,0.064566,1
4374,50.782041,366.064453,4.164533,0.064011,1
4375,50.793651,,1.908373,0.061416,0
4376,50.805261,,1.000521,0.057680,0
4377,50.816871,,2.910807,0.058638,0
4378,50.828481,,2.517009,0.055183,0
4379,50.840091,,0.922356,0.054402,0
4380,50.851701,,1.000000,0.057022,0
4381,50.863311,,0.938716,0.053613,0
4382,50.874921,,0.428895,0.055240,0
4383,50.886531,,0.948012,0.055033,0
4384,50.898141,,0.879825,0.050890,0
4385,50.909751,,0.833048,0.046264,0
4386,50.921361,,0.574597,0.044359,0
4387,50.932971,193.798828,4.561384,0.045154,1
4388,50.944580,,2.964633,0.045719,0
4389,50.956190,,0.462746,0.049674,0
4390,50.967800,,2.352889,0.050614,0
4391,50.979410,129.199219,3.276797,0.051867,1
4392,50.991020,129.199219,3.206678,0.052825,1
4393,51.002630,,0.735610,0.052231,0
4394,51.014240,,2.913457,0.058371,0
4395,51.025850,,1.973011,0.065676,0
4396,51.037460,,1.000000,0.093024,0
4397,51.049070,,0.274452,0.099276,0
4398,51.060680,,2.475582,0.102841,0
4399,51.072290,129.199219,9.737434,0.101053,1
4400,51.083900,129.199219,8.618105,0.077556,1
4401,51.095510,129.199219,5.402270,0.069474,1
4402,51.107120,129.199219,5.035326,0.058604,1
4403,51.118730,,2.130115,0.055440,0
4404,51.130340,,2.230300,0.054659,0
4405,51.141950,129.199219,3.308683,0.052655,1
4406,51.153560,,2.082113,0.052393,0
4407,51.165170,,2.238542,0.051801,0
4408,51.176780,,0.766186,0.052258,0
4409,51.188390,,1.466731,0.053101,0
4410,51.200000,,1.373542,0.056346,0
4411,51.211610,,0.471293,0.054690,0
4412,51.223220,,1.292726,0.053742,0
4413,51.234830,,0.420527,0.056894,0
4414,51.246440,,0.269501,0.056115,0
4415,51.258050,,0.380090,0.056945,0
4416,51.269660,,0.929372,0.058484,0
4417,51.281270,,0.263438,0.060359,0
4418,51.292880,,0.247884,0.059723,0
4419,51.304490,,0.341812,0.059551,0
4420,51.316100,,0.447816,0.062308,0
4421,51.327710,,0.343008,0.062595,0
4422,51.339320,,1.697503,0.065783,0
4423,51.350930,,0.691403,0.067633,0
4424,51.362540,,0.341819,0.066446,0
4425,51.374150,,0.849887,0.062564,0
4426,51.385760,,1.476475,0.058836,0
4427,51.397370,,0.893169,0.055386,0
4428,51.408980,,0.503565,0.052823,0
4429,51.420590,,1.000000,0.051093,0
4430,51.432200,,1.952177,0.049614,0
4431,51.443810,,0.372714,0.049660,0
4432,51.455420,,2.168379,0.049143,0
4433,51.467029,,2.601582,0.052034,0
4434,51.478639,,2.201937,0.051995,0
4435,51.490249,172.265625,4.416220,0.048806,1
4436,51.501859,,1.056267,0.050650,0
4437,51.513469,,0.496806,0.053341,0
4438,51.525079,,0.550224,0.062084,0
4439,51.536689,,0.253642,0.071939,0
4440,51.548299,,0.468002,0.074666,0
4441,51.559909,,0.437500,0.075664,0
4442,51.571519,,1.497566,0.077459,0
4443,51.583129,,1.913620,0.071454,0
4444,51.594739,,2.175602,0.072713,0
4445,51.606349,,1.356228,0.074157,0
4446,51.617959,279.931641,10.362704,0.070783,1
4447,51.629569,279.931641,11.599588,0.075117,1
4448,51.641179,,0.495886,0.076361,0
4449,51.652789,279.931641,12.300792,0.073933,1
4450,51.664399,,0.440430,0.073443,0
4451,51.676009,279.931641,14.533489,0.071064,1
4452,51.687619,279.931641,11.248318,0.067203,1
4453,51.699229,,0.278794,0.069177,0
4454,51.710839,193.798828,3.306907,0.068973,1
4455,51.722449,,0.511472,0.070519,0
4456,51.734059,193.798828,5.061332,0.073624,1
4457,51.745669,,1.369166,0.072453,0
4458,51.757279,,1.767884,0.071506,0
4459,51.768889,193.798828,6.318782,0.071803,1
4460,51.780499,,0.693680,0.068685,0
4461,51.792109,,0.973313,0.067695,0
4462,51.803719,,0.682880,0.065782,0
4463,51.815329,193.798828,3.817636,0.062632,1
4464,51.826939,,0.939783,0.059930,0
4465,51.838549,,1.666493,0.056356,0
4466,51.850159,193.798828,4.774385,0.054460,1
4467,51.861769,,0.951328,0.051081,0
4468,51.873379,,0.746873,0.048032,0
4469,51.884989,,1.161475,0.045566,0
4470,51.896599,,0.931872,0.042905,0
4471,51.908209,,1.000000,0.040633,0
4472,51.919819,,1.978036,0.040279,0
4473,51.931429,193.798828,6.085464,0.038616,1
4474,51.943039,,1.335877,0.037765,0
4475,51.954649,,1.420681,0.038433,0
4476,51.966259,193.798828,7.114439,0.037544,1
4477,51.977868,172.265625,7.891796,0.040072,1
4478,51.989478,193.798828,4.934205,0.043384,1
4479,52.001088,,1.830381,0.046863,0
4480,52.012698,193.798828,7.955854,0.052498,1
4481,52.024308,193.798828,7.102400,0.055949,1
4482,52.035918,,1.306473,0.056441,0
4483,52.047528,172.265625,6.473080,0.067735,1
4484,52.059138,,1.174809,0.078424,0
4485,52.070748,,0.793130,0.086479,0
4486,52.082358,,0.636447,0.099863,0
4487,52.093968,,0.585560,0.102283,0
4488,52.105578,,2.680616,0.107253,0
4489,52.117188,129.199219,5.845831,0.106470,1
4490,52.128798,,0.483446,0.101007,0
4491,52.140408,129.199219,7.072259,0.096946,1
4492,52.152018,,0.815057,0.085026,0
4493,52.163628,129.199219,3.034000,0.083447,1
4494,52.175238,,0.315407,0.079403,0
4495,52.186848,,1.510666,0.075540,0
4496,52.198458,,0.184159,0.079956,0
4497,52.210068,,0.184489,0.079443,0
4498,52.221678,,0.305227,0.085581,0
4499,52.233288,,0.440046,0.089813,0
4500,52.244898,,0.293100,0.094584,0
4501,52.256508,,0.345717,0.095149,0
4502,52.268118,,0.447093,0.092899,0
4503,52.279728,193.798828,4.728003,0.090344,1
4504,52.291338,,0.280713,0.082096,0
4505,52.302948,,0.403538,0.078533,0
4506,52.314558,172.265625,3.770392,0.073832,1
4507,52.326168,,0.476751,0.072618,0
4508,52.337778,193.798828,3.325511,0.069188,1
4509,52.349388,,0.444454,0.068225,0
4510,52.360998,193.798828,4.808135,0.065776,1
4511,52.372608,,0.406223,0.065509,0
4512,52.384218,,0.157897,0.065852,0
4513,52.395828,,0.138126,0.069445,0
4514,52.407438,,2.816043,0.068948,0
4515,52.419048,,0.138849,0.068687,0
4516,52.430658,193.798828,3.790272,0.066391,1
4517,52.442268,,0.266922,0.068396,0
4518,52.453878,,0.136656,0.072810,0
4519,52.465488,,2.690048,0.070172,0
4520,52.477098,,0.090645,0.072579,0
4521,52.488707,193.798828,3.821274,0.065150,1
4522,52.500317,,2.676815,0.061679,0
4523,52.511927,,0.138097,0.060496,0
4524,52.523537,,0.554316,0.058373,0
4525,52.535147,,0.297764,0.056360,0
4526,52.546757,,2.991344,0.054623,0
4527,52.558367,,2.983977,0.055274,0
4528,52.569977,,2.738011,0.055373,0
4529,52.581587,172.265625,3.205569,0.056033,1
4530,52.593197,,2.502942,0.053909,0
4531,52.604807,,0.613024,0.052080,0
4532,52.616417,,0.538138,0.052651,0
4533,52.628027,172.265625,4.529174,0.054941,1
4534,52.639637,,1.000000,0.052082,0
4535,52.651247,,2.003247,0.054317,0
4536,52.662857,,2.204610,0.053442,0
4537,52.674467,,0.947639,0.049655,0
4538,52.686077,172.265625,4.748844,0.050677,1
4539,52.697687,172.265625,4.313815,0.049101,1
4540,52.709297,172.265625,3.704034,0.046840,1
4541,52.720907,,0.684965,0.046937,0
4542,52.732517,172.265625,5.050128,0.047582,1
4543,52.744127,172.265625,5.137949,0.045117,1
4544,52.755737,172.265625,4.957979,0.043348,1
4545,52.767347,,2.836486,0.042099,0
4546,52.778957,172.265625,4.762983,0.040417,1
4547,52.790567,172.265625,5.306936,0.042017,1
4548,52.802177,172.265625,4.035897,0.044089,1
4549,52.813787,172.265625,3.459783,0.046366,1
4550,52.825397,172.265625,5.192349,0.048814,1
4551,52.837007,172.265625,6.013975,0.048186,1
4552,52.848617,279.931641,3.092930,0.047154,1
4553,52.860227,172.265625,4.409723,0.047752,1
4554,52.871837,,2.723565,0.048162,0
4555,52.883447,86.132812,3.770178,0.047548,1
4556,52.895057,,2.914824,0.046970,0
4557,52.906667,,1.357880,0.046905,0
4558,52.918277,,1.980334,0.048124,0
4559,52.929887,215.332031,4.666019,0.047990,1
4560,52.941497,,1.631132,0.050479,0
4561,52.953107,366.064453,5.491302,0.051168,1
4562,52.964717,,1.298690,0.050270,0
4563,52.976327,,0.865411,0.052067,0
4564,52.987937,172.265625,3.636498,0.050665,1
4565,52.999546,366.064453,8.836811,0.048202,1
4566,53.011156,,1.252960,0.047379,0
4567,53.022766,,0.917076,0.047884,0
4568,53.034376,,0.390881,0.048554,0
4569,53.045986,,0.633420,0.049796,0
4570,53.057596,,0.391087,0.050262,0
4571,53.069206,366.064453,9.900665,0.050987,1
4572,53.080816,,0.302208,0.050745,0
4573,53.092426,366.064453,7.556470,0.049377,1
4574,53.104036,,0.603479,0.050613,0
4575,53.115646,,0.923454,0.067890,0
4576,53.127256,,0.362421,0.083322,0
4577,53.138866,,0.472421,0.091536,0
4578,53.150476,,0.771836,0.101324,0
4579,53.162086,107.666016,3.952741,0.093662,1
4580,53.173696,107.666016,4.795254,0.087181,1
4581,53.185306,107.666016,4.637267,0.084970,1
4582,53.196916,107.666016,3.355894,0.082166,1
4583,53.208526,,2.956755,0.083004,0
4584,53.220136,,2.770531,0.080517,0
4585,53.231746,,1.953039,0.077124,0
4586,53.243356,,0.922512,0.071239,0
4587,53.254966,,0.804082,0.073118,0
4588,53.266576,,1.746493,0.074869,0
4589,53.278186,215.332031,4.737935,0.077331,1
4590,53.289796,,0.414509,0.080229,0
4591,53.301406,,1.845930,0.080049,0
4592,53.313016,,2.982770,0.080091,0
4593,53.324626,,1.181003,0.077836,0
4594,53.336236,,2.060441,0.073398,0
4595,53.347846,,1.878423,0.070725,0
4596,53.359456,301.464844,14.197182,0.066726,1
4597,53.371066,,2.384633,0.061326,0
4598,53.382676,,1.151861,0.057653,0
4599,53.394286,,2.771462,0.054625,0
4600,53.405896,,2.206869,0.055699,0
4601,53.417506,215.332031,5.805849,0.062141,1
4602,53.429116,215.332031,3.483427,0.065982,1
4603,53.440726,,1.479791,0.068607,0
4604,53.452336,215.332031,3.287202,0.069434,1
4605,53.463946,215.332031,4.574847,0.073012,1
4606,53.475556,215.332031,3.990501,0.075221,1
4607,53.487166,215.332031,5.199079,0.076324,1
4608,53.498776,,1.898952,0.078509,0
4609,53.510385,215.332031,3.143466,0.076739,1
4610,53.521995,129.199219,4.131630,0.076228,1
4611,53.533605,,2.114597,0.074290,0
4612,53.545215,,1.718346,0.074882,0
4613,53.556825,,0.789527,0.074834,0
4614,53.568435,,2.023085,0.075861,0
4615,53.580045,,1.456700,0.078144,0
4616,53.591655,,2.446736,0.076678,0
4617,53.603265,,2.745235,0.076058,0
4618,53.614875,,2.746310,0.072875,0
4619,53.626485,,2.088576,0.068988,0
4620,53.638095,,1.670297,0.065492,0
4621,53.649705,,2.022416,0.062745,0
4622,53.661315,,1.058856,0.060240,0
4623,53.672925,107.666016,5.613153,0.063668,1
4624,53.684535,107.666016,4.646172,0.062571,1
4625,53.696145,107.666016,4.459896,0.066033,1
4626,53.707755,,2.123269,0.067989,0
4627,53.719365,,2.625156,0.063694,0
4628,53.730975,322.998047,5.914852,0.063236,1
4629,53.742585,107.666016,3.067399,0.058396,1
4630,53.754195,,2.492510,0.056734,0
4631,53.765805,,2.268732,0.057344,0
4632,53.777415,,1.978679,0.057972,0
4633,53.789025,,2.207652,0.057656,0
4634,53.800635,,2.920242,0.055963,0
4635,53.812245,,2.942176,0.057101,0
4636,53.823855,107.666016,4.012451,0.055704,1
4637,53.835465,107.666016,5.159718,0.058142,1
4638,53.847075,107.666016,4.724270,0.061741,1
4639,53.858685,107.666016,5.920209,0.060926,1
4640,53.870295,107.666016,7.931498,0.062330,1
4641,53.881905,107.666016,8.059508,0.060631,1
4642,53.893515,107.666016,6.762813,0.058895,1
4643,53.905125,107.666016,8.500233,0.058741,1
4644,53.916735,107.666016,7.333929,0.056824,1
4645,53.928345,107.666016,5.292082,0.056795,1
4646,53.939955,107.666016,5.836404,0.058237,1
4647,53.951565,107.666016,4.678198,0.057797,1
4648,53.963175,107.666016,6.840608,0.058930,1
4649,53.974785,107.666016,5.469360,0.059736,1
4650,53.986395,107.666016,4.552709,0.056972,1
4651,53.998005,107.666016,4.532658,0.054446,1
4652,54.009615,107.666016,7.374587,0.054136,1
4653,54.021224,107.666016,6.072741,0.051780,1
4654,54.032834,107.666016,5.123692,0.051598,1
4655,54.044444,107.666016,8.664960,0.050255,1
4656,54.056054,107.666016,8.041674,0.049068,1
4657,54.067664,107.666016,8.431532,0.049260,1
4658,54.079274,107.666016,9.294828,0.048820,1
4659,54.090884,107.666016,7.890730,0.052442,1
4660,54.102494,107.666016,6.705556,0.052188,1
4661,54.114104,107.666016,7.322626,0.051390,1
4662,54.125714,107.666016,7.485185,0.051591,1
4663,54.137324,107.666016,6.326693,0.052107,1
4664,54.148934,107.666016,5.722858,0.055814,1
4665,54.160544,107.666016,4.494635,0.073752,1
4666,54.172154,215.332031,7.436759,0.096142,1
4667,54.183764,215.332031,6.602908,0.104245,1
4668,54.195374,215.332031,3.052168,0.111594,1
4669,54.206984,107.666016,5.076316,0.110598,1
4670,54.218594,129.199219,10.996993,0.098197,1
4671,54.230204,107.666016,5.624303,0.093282,1
4672,54.241814,129.199219,10.704359,0.083289,1
4673,54.253424,129.199219,8.566226,0.071343,1
4674,54.265034,129.199219,9.489088,0.063051,1
4675,54.276644,129.199219,5.862533,0.056632,1
4676,54.288254,107.666016,4.519160,0.054916,1
4677,54.299864,129.199219,6.495035,0.052596,1
4678,54.311474,129.199219,5.286935,0.051113,1
4679,54.323084,,2.994977,0.051876,0
4680,54.334694,129.199219,3.219080,0.054703,1
4681,54.346304,,2.352583,0.057921,0
4682,54.357914,,1.711426,0.062211,0
4683,54.369524,107.666016,4.177267,0.063055,1
4684,54.381134,107.666016,3.961704,0.061510,1
4685,54.392744,129.199219,5.637239,0.066370,1
4686,54.404354,129.199219,6.745540,0.064636,1
4687,54.415964,129.199219,8.233252,0.067898,1
4688,54.427574,129.199219,8.335638,0.072734,1
4689,54.439184,,2.009121,0.068381,0
4690,54.450794,,2.034793,0.067058,0
4691,54.462404,,2.339291,0.066125,0
4692,54.474014,,1.660077,0.060754,0
4693,54.485624,,1.171440,0.060008,0
4694,54.497234,,0.755757,0.061927,0
4695,54.508844,,0.686898,0.059204,0
4696,54.520454,,0.362197,0.061025,0
4697,54.532063,,0.565129,0.059936,0
4698,54.543673,,0.805453,0.055478,0
4699,54.555283,,0.699729,0.053126,0
4700,54.566893,,0.611785,0.051802,0
4701,54.578503,,1.402455,0.055365,0
4702,54.590113,215.332031,4.855028,0.063520,1
4703,54.601723,,1.084647,0.067590,0
4704,54.613333,,0.718028,0.069253,0
4705,54.624943,,0.618338,0.069023,0
4706,54.636553,,0.692662,0.066745,0
4707,54.648163,,0.874549,0.064074,0
4708,54.659773,,0.895664,0.064356,0
4709,54.671383,,0.412744,0.065516,0
4710,54.682993,,2.327395,0.069957,0
4711,54.694603,172.265625,3.751317,0.075535,1
4712,54.706213,172.265625,5.829409,0.075174,1
4713,54.717823,,1.285701,0.072354,0
4714,54.729433,,2.776613,0.066505,0
4715,54.741043,215.332031,6.565829,0.060491,1
4716,54.752653,215.332031,5.618458,0.058621,1
4717,54.764263,,0.410686,0.058671,0
4718,54.775873,,0.665595,0.059775,0
4719,54.787483,,0.681764,0.060381,0
4720,54.799093,,0.902674,0.071254,0
4721,54.810703,,1.213303,0.073142,0
4722,54.822313,,0.766268,0.078058,0
4723,54.833923,,0.946865,0.079254,0
4724,54.845533,,1.000000,0.069512,0
4725,54.857143,,1.000000,0.069502,0
4726,54.868753,322.998047,5.138586,0.064213,1
4727,54.880363,,0.687267,0.065710,0
4728,54.891973,,0.655987,0.066817,0
4729,54.903583,,0.705083,0.067427,0
4730,54.915193,172.265625,4.940034,0.071540,1
4731,54.926803,322.998047,7.659780,0.069713,1
4732,54.938413,322.998047,6.173120,0.077167,1
4733,54.950023,322.998047,5.124682,0.076890,1
4734,54.961633,,0.995516,0.076316,0
4735,54.973243,,0.904284,0.080573,0
4736,54.984853,322.998047,4.112704,0.077972,1
4737,54.996463,322.998047,6.387018,0.083261,1
4738,55.008073,,0.753115,0.088726,0
4739,55.019683,,0.569587,0.090875,0
4740,55.031293,,0.612657,0.093310,0
4741,55.042902,322.998047,3.810589,0.093045,1
4742,55.054512,,2.969260,0.090626,0
4743,55.066122,322.998047,4.101802,0.086383,1
4744,55.077732,258.398438,10.515371,0.083563,1
4745,55.089342,,0.930651,0.081663,0
4746,55.100952,,0.620889,0.077463,0
4747,55.112562,322.998047,3.079551,0.075328,1
4748,55.124172,,0.961253,0.073121,0
4749,55.135782,,0.556920,0.078640,0
4750,55.147392,,0.521062,0.084208,0
4751,55.159002,,0.552733,0.090135,0
4752,55.170612,258.398438,12.390781,0.090990,1
4753,55.182222,,1.019150,0.085592,0
4754,55.193832,,0.828598,0.084120,0
4755,55.205442,,1.501260,0.093958,0
4756,55.217052,,2.540508,0.098286,0
4757,55.228662,129.199219,5.996897,0.100566,1
4758,55.240272,129.199219,10.061991,0.097640,1
4759,55.251882,129.199219,8.952636,0.087038,1
4760,55.263492,129.199219,7.819718,0.081904,1
4761,55.275102,,0.967196,0.075765,0
4762,55.286712,129.199219,4.238942,0.072327,1
4763,55.298322,129.199219,4.276392,0.064713,1
4764,55.309932,,2.319184,0.059788,0
4765,55.321542,129.199219,3.468528,0.059180,1
4766,55.333152,129.199219,3.571997,0.060244,1
4767,55.344762,,1.350334,0.059849,0
4768,55.356372,,1.620923,0.060014,0
4769,55.367982,,1.297515,0.058021,0
4770,55.379592,322.998047,5.209814,0.060651,1
4771,55.391202,,0.804379,0.061884,0
4772,55.402812,,0.621341,0.060434,0
4773,55.414422,,0.453498,0.059676,0
4774,55.426032,,0.547373,0.050760,0
4775,55.437642,,2.355584,0.045969,0
4776,55.449252,,0.674205,0.043929,0
4777,55.460862,,0.992440,0.051042,0
4778,55.472472,215.332031,5.208680,0.062477,1
4779,55.484082,,0.207174,0.070876,0
4780,55.495692,,0.418178,0.078822,0
4781,55.507302,322.998047,5.440419,0.079289,1
4782,55.518912,,0.397277,0.072735,0
4783,55.530522,,2.299590,0.068194,0
4784,55.542132,344.531250,4.724684,0.064792,1
4785,55.553741,,0.324892,0.060971,0
4786,55.565351,,0.340562,0.060954,0
4787,55.576961,,1.716586,0.060285,0
4788,55.588571,,0.975750,0.060034,0
4789,55.600181,,2.994896,0.065635,0
4790,55.611791,,2.053521,0.072407,0
4791,55.623401,,0.494312,0.073746,0
4792,55.635011,,0.484198,0.071621,0
4793,55.646621,,0.736121,0.067254,0
4794,55.658231,667.529297,5.826023,0.067057,1
4795,55.669841,667.529297,5.772822,0.070926,1
4796,55.681451,129.199219,3.966428,0.078846,1
4797,55.693061,,2.899780,0.085818,0
4798,55.704671,667.529297,3.774109,0.087025,1
4799,55.716281,,0.663824,0.081549,0
4800,55.727891,,0.431512,0.084122,0
4801,55.739501,,1.042221,0.078507,0
4802,55.751111,,1.607390,0.079512,0
4803,55.762721,,2.620177,0.083902,0
4804,55.774331,,1.875353,0.077693,0
4805,55.785941,,2.187962,0.078309,0
4806,55.797551,,1.137540,0.074487,0
4807,55.809161,,1.070346,0.075405,0
4808,55.820771,,0.824411,0.074534,0
4809,55.832381,,0.574227,0.074362,0
4810,55.843991,366.064453,3.375568,0.071429,1
4811,55.855601,366.064453,3.220497,0.069840,1
4812,55.867211,193.798828,7.295150,0.069340,1
4813,55.878821,,0.393457,0.068575,0
4814,55.890431,,0.455505,0.069672,0
4815,55.902041,,0.480408,0.068818,0
4816,55.913651,193.798828,7.269583,0.068649,1
4817,55.925261,,0.470570,0.068631,0
4818,55.936871,,0.868283,0.068466,0
4819,55.948481,,0.992463,0.066425,0
4820,55.960091,,1.010027,0.062637,0
4821,55.971701,,1.346704,0.062414,0
4822,55.983311,,1.269271,0.062890,0
4823,55.994921,,0.775734,0.059416,0
4824,56.006531,172.265625,3.280511,0.060470,1
4825,56.018141,,0.519789,0.059768,0
4826,56.029751,,0.567279,0.060720,0
4827,56.041361,,1.000000,0.067268,0
4828,56.052971,172.265625,3.709827,0.069906,1
4829,56.064580,,1.116388,0.068996,0
4830,56.076190,,2.874357,0.064038,0
4831,56.087800,172.265625,4.157015,0.057905,1
4832,56.099410,,2.604230,0.052735,0
4833,56.111020,,2.775290,0.050632,0
4834,56.122630,322.998047,4.732450,0.053442,1
4835,56.134240,322.998047,3.997986,0.053792,1
4836,56.145850,172.265625,3.070333,0.054809,1
4837,56.157460,,1.611571,0.056633,0
4838,56.169070,,0.563290,0.056909,0
4839,56.180680,,1.917450,0.061423,0
4840,56.192290,,0.715305,0.065415,0
4841,56.203900,,0.561947,0.069057,0
4842,56.215510,,1.646268,0.071385,0
4843,56.227120,,1.390900,0.070901,0
4844,56.238730,,1.308542,0.071857,0
4845,56.250340,,0.170734,0.073042,0
4846,56.261950,,0.421632,0.105931,0
4847,56.273560,193.798828,8.489201,0.121664,1
4848,56.285170,,0.234359,0.125818,0
4849,56.296780,129.199219,4.648997,0.129313,1
4850,56.308390,129.199219,6.146198,0.109037,1
4851,56.320000,129.199219,7.707411,0.097686,1
4852,56.331610,129.199219,6.188182,0.097076,1
4853,56.343220,129.199219,6.261359,0.092269,1
4854,56.354830,,0.582822,0.088795,0
4855,56.366440,,2.095652,0.086518,0
4856,56.378050,,2.361054,0.083461,0
4857,56.389660,,2.420547,0.082122,0
4858,56.401270,,2.861492,0.078790,0
4859,56.412880,,2.173796,0.074276,0
4860,56.424490,,0.564947,0.073875,0
4861,56.436100,,0.658111,0.078816,0
4862,56.447710,,0.864186,0.083142,0
4863,56.459320,,0.837957,0.087650,0
4864,56.470930,,0.760911,0.084887,0
4865,56.482540,,0.840629,0.080791,0
4866,56.494150,,0.746279,0.079077,0
4867,56.505760,,0.723700,0.077472,0
4868,56.517370,,0.680995,0.079405,0
4869,56.528980,,0.817225,0.077618,0
4870,56.540590,,0.744298,0.075365,0
4871,56.552200,,0.946116,0.072190,0
4872,56.563810,,0.991985,0.068561,0
4873,56.575420,,1.011783,0.067550,0
4874,56.587029,,1.536216,0.067520,0
4875,56.598639,,0.854619,0.064650,0
4876,56.610249,,0.908286,0.063677,0
4877,56.621859,,0.880515,0.065926,0
4878,56.633469,,0.952716,0.063794,0
4879,56.645079,,0.722948,0.064415,0
4880,56.656689,,1.177013,0.063535,0
4881,56.668299,,1.365496,0.063380,0
4882,56.679909,,1.149462,0.061277,0
4883,56.691519,,0.891348,0.061781,0
4884,56.703129,,1.147179,0.061012,0
4885,56.714739,,1.161536,0.058265,0
4886,56.726349,,0.975901,0.060326,0
4887,56.737959,,1.049942,0.057690,0
4888,56.749569,,0.964455,0.060586,0
4889,56.761179,,1.212564,0.061381,0
4890,56.772789,,0.742945,0.063531,0
4891,56.784399,,1.005585,0.062983,0
4892,56.796009,,1.327250,0.062636,0
4893,56.807619,129.199219,3.394804,0.061006,1
4894,56.819229,129.199219,4.593550,0.056264,1
4895,56.830839,129.199219,3.821860,0.053899,1
4896,56.842449,,0.955511,0.055249,0
4897,56.854059,,1.667027,0.053468,0
4898,56.865669,193.798828,9.807342,0.055701,1
4899,56.877279,129.199219,3.185748,0.058253,1
4900,56.888889,,1.241681,0.054570,0
4901,56.900499,,1.229194,0.055037,0
4902,56.912109,,1.789590,0.052826,0
4903,56.923719,,1.581199,0.053152,0
4904,56.935329,,2.057594,0.051590,0
4905,56.946939,,1.562615,0.051037,0
4906,56.958549,,1.410592,0.051558,0
4907,56.970159,,0.801669,0.052408,0
4908,56.981769,,1.809638,0.054381,0
4909,56.993379,,1.091188,0.056012,0
4910,57.004989,,2.598857,0.057181,0
4911,57.016599,,1.582582,0.058785,0
4912,57.028209,,1.751125,0.057809,0
4913,57.039819,,1.082058,0.059918,0
4914,57.051429,193.798828,3.465827,0.063206,1
4915,57.063039,,0.968970,0.065464,0
4916,57.074649,129.199219,4.252398,0.069083,1
4917,57.086259,129.199219,5.009747,0.066302,1
4918,57.097868,279.931641,3.429430,0.063358,1
4919,57.109478,215.332031,3.438462,0.057172,1
4920,57.121088,215.332031,3.195828,0.054734,1
4921,57.132698,,0.545334,0.056282,0
4922,57.144308,,0.595761,0.058196,0
4923,57.155918,,2.662345,0.059270,0
4924,57.167528,,1.386647,0.059088,0
4925,57.179138,,1.108741,0.057298,0
4926,57.190748,193.798828,4.153872,0.053676,1
4927,57.202358,,0.914795,0.053198,0
4928,57.213968,,1.000000,0.053490,0
4929,57.225578,,0.378434,0.056569,0
4930,57.237188,129.199219,3.403999,0.058682,1
4931,57.248798,129.199219,3.515529,0.059011,1
4932,57.260408,,2.294375,0.057806,0
4933,57.272018,,0.769321,0.057371,0
4934,57.283628,172.265625,4.838916,0.058688,1
4935,57.295238,,1.018197,0.059195,0
4936,57.306848,,1.062468,0.070947,0
4937,57.318458,,0.688484,0.079390,0
4938,57.330068,,1.311600,0.080216,0
4939,57.341678,,2.230491,0.088702,0
4940,57.353288,,2.534705,0.085134,0
4941,57.364898,107.666016,5.328107,0.081203,1
4942,57.376508,107.666016,4.885193,0.081334,1
4943,57.388118,,2.679858,0.074786,0
4944,57.399728,,1.257351,0.075160,0
4945,57.411338,,2.228763,0.076340,0
4946,57.422948,,2.593356,0.078824,0
4947,57.434558,,1.800388,0.080134,0
4948,57.446168,,0.949127,0.077465,0
4949,57.457778,,2.009411,0.077326,0
4950,57.469388,,1.041058,0.079525,0
4951,57.480998,,2.341488,0.081174,0
4952,57.492608,,1.763402,0.084283,0
4953,57.504218,,1.880203,0.082599,0
4954,57.515828,,1.739390,0.079187,0
4955,57.527438,301.464844,9.967180,0.073821,1
4956,57.539048,,1.787083,0.065748,0
4957,57.550658,,1.142121,0.062354,0
4958,57.562268,,1.658914,0.057361,0
4959,57.573878,,2.057112,0.060157,0
4960,57.585488,,1.441424,0.064723,0
4961,57.597098,,0.748611,0.064965,0
4962,57.608707,215.332031,4.629019,0.067303,1
4963,57.620317,,2.830704,0.065900,0
4964,57.631927,,0.794680,0.062940,0
4965,57.643537,,2.537397,0.062696,0
4966,57.655147,107.666016,3.211332,0.060237,1
4967,57.666757,107.666016,3.850300,0.065312,1
4968,57.678367,,1.498138,0.067300,0
4969,57.689977,,2.873153,0.069642,0
4970,57.701587,107.666016,3.812964,0.073551,1
4971,57.713197,107.666016,3.270584,0.071703,1
4972,57.724807,107.666016,3.354580,0.073344,1
4973,57.736417,107.666016,3.798918,0.072656,1
4974,57.748027,107.666016,3.351037,0.072553,1
4975,57.759637,,1.222211,0.069798,0
4976,57.771247,,0.877040,0.069307,0
4977,57.782857,107.666016,3.674648,0.067521,1
4978,57.794467,107.666016,5.077737,0.064998,1
4979,57.806077,107.666016,4.991217,0.065717,1
4980,57.817687,107.666016,5.283194,0.064942,1
4981,57.829297,107.666016,5.277664,0.068660,1
4982,57.840907,,0.886117,0.073119,0
4983,57.852517,107.666016,5.584038,0.079889,1
4984,57.864127,,2.112123,0.081407,0
4985,57.875737,86.132812,3.125414,0.079655,1
4986,57.887347,215.332031,5.464436,0.073071,1
4987,57.898957,882.861328,8.167460,0.064794,1
4988,57.910567,215.332031,3.414113,0.062639,1
4989,57.922177,215.332031,5.109868,0.061800,1
4990,57.933787,107.666016,4.088712,0.065023,1
4991,57.945397,107.666016,3.707368,0.063918,1
4992,57.957007,107.666016,3.620596,0.061547,1
4993,57.968617,107.666016,3.042427,0.060072,1
4994,57.980227,107.666016,3.191419,0.057398,1
4995,57.991837,107.666016,3.351070,0.055707,1
4996,58.003447,107.666016,3.591189,0.053644,1
4997,58.015057,107.666016,3.958405,0.053100,1
4998,58.026667,107.666016,4.220482,0.056957,1
4999,58.038277,107.666016,6.077793,0.058269,1
5000,58.049887,107.666016,5.179093,0.058788,1
5001,58.061497,107.666016,5.839626,0.060466,1
5002,58.073107,107.666016,6.376542,0.058102,1
5003,58.084717,107.666016,5.964544,0.060427,1
5004,58.096327,107.666016,7.206274,0.064930,1
5005,58.107937,107.666016,7.039468,0.064239,1
5006,58.119546,215.332031,7.671381,0.064737,1
5007,58.131156,215.332031,6.198211,0.064414,1
5008,58.142766,107.666016,5.787602,0.064771,1
5009,58.154376,107.666016,5.817309,0.065720,1
5010,58.165986,193.798828,4.373634,0.069627,1
5011,58.177596,107.666016,6.466075,0.071876,1
5012,58.189206,107.666016,5.845593,0.072314,1
5013,58.200816,322.998047,5.633575,0.072274,1
5014,58.212426,107.666016,6.344605,0.071826,1
5015,58.224036,107.666016,4.461967,0.075647,1
5016,58.235646,107.666016,5.295304,0.078035,1
5017,58.247256,107.666016,4.662997,0.082954,1
5018,58.258866,107.666016,4.596190,0.081876,1
5019,58.270476,107.666016,5.129840,0.078361,1
5020,58.282086,107.666016,7.306024,0.076082,1
5021,58.293696,107.666016,6.041007,0.070413,1
5022,58.305306,107.666016,4.783408,0.073539,1
5023,58.316916,107.666016,5.665579,0.073420,1
5024,58.328526,107.666016,5.161512,0.075324,1
5025,58.340136,107.666016,4.626775,0.080715,1
5026,58.351746,107.666016,4.295333,0.093935,1
5027,58.363356,107.666016,5.116440,0.102158,1
5028,58.374966,,1.475980,0.102039,0
5029,58.386576,,1.032337,0.101514,0
5030,58.398186,129.199219,9.093366,0.086121,1
5031,58.409796,129.199219,11.046047,0.081433,1
5032,58.421406,,2.061315,0.081052,0
5033,58.433016,129.199219,5.598705,0.077976,1
5034,58.444626,215.332031,3.536194,0.078179,1
5035,58.456236,215.332031,3.811209,0.070836,1
5036,58.467846,,1.037401,0.064817,0
5037,58.479456,,2.239452,0.066691,0
5038,58.491066,,0.610753,0.068360,0
5039,58.502676,,0.678787,0.066652,0
5040,58.514286,172.265625,3.174203,0.066416,1
5041,58.525896,,1.900826,0.060830,0
5042,58.537506,172.265625,3.734210,0.064498,1
5043,58.549116,172.265625,3.710523,0.071417,1
5044,58.560726,,2.851231,0.073890,0
5045,58.572336,,0.700793,0.076477,0
5046,58.583946,,2.404584,0.071229,0
5047,58.595556,,1.755927,0.065643,0
5048,58.607166,,1.329164,0.062620,0
5049,58.618776,,1.313161,0.057607,0
5050,58.630385,129.199219,3.486877,0.055181,1
5051,58.641995,,2.173799,0.053676,0
5052,58.653605,215.332031,3.450271,0.052788,1
5053,58.665215,,2.869334,0.056691,0
5054,58.676825,107.666016,3.080797,0.057130,1
5055,58.688435,107.666016,4.057810,0.055423,1
5056,58.700045,107.666016,3.974264,0.054398,1
5057,58.711655,,1.706995,0.050386,0
5058,58.723265,107.666016,4.294433,0.049749,1
5059,58.734875,107.666016,4.597285,0.047963,1
5060,58.746485,107.666016,4.625762,0.046765,1
5061,58.758095,107.666016,5.382538,0.047467,1
5062,58.769705,107.666016,5.207911,0.044338,1
5063,58.781315,107.666016,4.838939,0.046289,1
5064,58.792925,,1.796723,0.047870,0
5065,58.804535,,2.371470,0.046618,0
5066,58.816145,107.666016,3.944681,0.047721,1
5067,58.827755,107.666016,3.651508,0.048918,1
5068,58.839365,107.666016,3.515826,0.054249,1
5069,58.850975,,2.046929,0.062220,0
5070,58.862585,,2.590298,0.067675,0
5071,58.874195,,0.488502,0.069531,0
5072,58.885805,,2.433455,0.069449,0
5073,58.897415,107.666016,3.191645,0.071157,1
5074,58.909025,107.666016,3.993093,0.069262,1
5075,58.920635,,2.578038,0.069792,0
5076,58.932245,215.332031,5.026232,0.067525,1
5077,58.943855,,0.895931,0.058309,0
5078,58.955465,,1.935860,0.055690,0
5079,58.967075,,1.908162,0.054218,0
5080,58.978685,,0.191913,0.058553,0
5081,58.990295,,0.303933,0.060003,0
5082,59.001905,,0.417357,0.060893,0
5083,59.013515,,1.704991,0.057981,0
5084,59.025125,322.998047,3.148758,0.053803,1
5085,59.036735,322.998047,3.179823,0.052850,1
5086,59.048345,322.998047,4.045541,0.054341,1
5087,59.059955,366.064453,3.699686,0.059693,1
5088,59.071565,,1.392410,0.062257,0
5089,59.083175,322.998047,3.082544,0.063821,1
5090,59.094785,,2.998956,0.061724,0
5091,59.106395,,2.297862,0.059312,0
5092,59.118005,,0.309183,0.056271,0
5093,59.129615,,2.162073,0.059663,0
5094,59.141224,,2.374722,0.061979,0
5095,59.152834,,2.895549,0.065793,0
5096,59.164444,,1.525346,0.070837,0
5097,59.176054,86.132812,3.082382,0.067700,1
5098,59.187664,86.132812,3.032846,0.064457,1
5099,59.199274,,1.088850,0.057794,0
5100,59.210884,,1.095817,0.050535,0
5101,59.222494,129.199219,4.497468,0.053253,1
5102,59.234104,129.199219,5.336849,0.055496,1
5103,59.245714,129.199219,4.183093,0.055829,1
5104,59.257324,129.199219,4.371370,0.054446,1
5105,59.268934,129.199219,4.141385,0.049760,1
5106,59.280544,129.199219,4.026535,0.046770,1
5107,59.292154,,2.918462,0.047791,0
5108,59.303764,129.199219,3.985356,0.047736,1
5109,59.315374,,2.960981,0.048084,0
5110,59.326984,129.199219,3.328984,0.049310,1
5111,59.338594,129.199219,3.821887,0.052539,1
5112,59.350204,129.199219,4.205764,0.058398,1
5113,59.361814,129.199219,3.557841,0.061984,1
5114,59.373424,129.199219,3.715391,0.066172,1
5115,59.385034,129.199219,3.561614,0.070520,1
5116,59.396644,129.199219,3.895001,0.089878,1
5117,59.408254,,0.778203,0.097579,0
5118,59.419864,107.666016,3.131011,0.100448,1
5119,59.431474,107.666016,4.108986,0.101789,1
5120,59.443084,107.666016,6.197202,0.087777,1
5121,59.454694,129.199219,14.348116,0.081751,1
5122,59.466304,129.199219,9.325306,0.079987,1
5123,59.477914,129.199219,8.210753,0.076726,1
5124,59.489524,129.199219,5.544610,0.079166,1
5125,59.501134,129.199219,6.676872,0.077578,1
5126,59.512744,129.199219,6.327647,0.076760,1
5127,59.524354,129.199219,5.499404,0.077958,1
5128,59.535964,129.199219,3.538999,0.076529,1
5129,59.547574,,0.750419,0.079801,0
5130,59.559184,,2.137333,0.083084,0
5131,59.570794,322.998047,5.614311,0.088683,1
5132,59.582404,,2.165401,0.091580,0
5133,59.594014,322.998047,7.473733,0.094342,1
5134,59.605624,322.998047,6.663288,0.094227,1
5135,59.617234,322.998047,8.754546,0.085610,1
5136,59.628844,322.998047,6.501583,0.075257,1
5137,59.640454,322.998047,5.310522,0.064677,1
5138,59.652063,,1.370464,0.057761,0
5139,59.663673,,0.657287,0.057183,0
5140,59.675283,,0.815905,0.060927,0
5141,59.686893,,1.043429,0.064361,0
5142,59.698503,215.332031,4.682522,0.066422,1
5143,59.710113,,2.041555,0.067000,0
5144,59.721723,215.332031,3.216448,0.066447,1
5145,59.733333,,2.543631,0.066257,0
5146,59.744943,,1.008570,0.063981,0
5147,59.756553,,1.579026,0.063691,0
5148,59.768163,,2.292496,0.061114,0
5149,59.779773,,2.800867,0.056496,0
5150,59.791383,,1.269436,0.053508,0
5151,59.802993,,1.827579,0.052130,0
5152,59.814603,322.998047,3.084493,0.056097,1
5153,59.826213,,1.472916,0.059880,0
5154,59.837823,,0.457355,0.062817,0
5155,59.849433,322.998047,5.257767,0.064774,1
5156,59.861043,322.998047,4.106487,0.064737,1
5157,59.872653,,2.640631,0.062076,0
5158,59.884263,,1.833022,0.060511,0
5159,59.895873,215.332031,4.320552,0.063714,1
5160,59.907483,,1.157911,0.065575,0
5161,59.919093,,2.339804,0.071206,0
5162,59.930703,129.199219,3.374328,0.073026,1
5163,59.942313,,1.491175,0.070929,0
5164,59.953923,129.199219,3.980490,0.069882,1
5165,59.965533,,1.807085,0.067807,0
5166,59.977143,,2.651448,0.066644,0
5167,59.988753,,2.742549,0.067851,0
5168,60.000363,,1.265177,0.066948,0
5169,60.011973,,0.954889,0.066276,0
5170,60.023583,,0.873926,0.066572,0
5171,60.035193,,1.000000,0.063394,0
5172,60.046803,366.064453,6.041299,0.061462,1
5173,60.058413,667.529297,5.821572,0.060661,1
5174,60.070023,667.529297,4.876468,0.058843,1
5175,60.081633,366.064453,7.683091,0.066524,1
5176,60.093243,366.064453,7.025327,0.067981,1
5177,60.104853,,0.952600,0.066113,0
5178,60.116463,,2.813630,0.065251,0
5179,60.128073,,1.335882,0.056217,0
5180,60.139683,366.064453,5.794222,0.052093,1
5181,60.151293,,1.761095,0.051034,0
5182,60.162902,,1.636394,0.050158,0
5183,60.174512,,1.659015,0.049721,0
5184,60.186122,,1.109300,0.051061,0
5185,60.197732,,1.000742,0.053170,0
5186,60.209342,366.064453,5.544370,0.056544,1
5187,60.220952,366.064453,7.551994,0.060890,1
5188,60.232562,366.064453,6.276608,0.060175,1
5189,60.244172,366.064453,5.093225,0.064294,1
5190,60.255782,366.064453,4.895423,0.064864,1
5191,60.267392,,1.286915,0.064054,0
5192,60.279002,,1.289638,0.067396,0
5193,60.290612,279.931641,6.273753,0.061171,1
5194,60.302222,,1.516074,0.056334,0
5195,60.313832,,1.559504,0.051939,0
5196,60.325442,,1.442823,0.046743,0
5197,60.337052,,1.298140,0.049056,0
5198,60.348662,,1.120480,0.052435,0
5199,60.360272,,1.201954,0.053218,0
5200,60.371882,,1.637516,0.057146,0
5201,60.383492,,1.732367,0.057445,0
5202,60.395102,,1.814537,0.056146,0
5203,60.406712,,1.424315,0.056394,0
5204,60.418322,,1.638183,0.057636,0
5205,60.429932,,2.046869,0.062767,0
5206,60.441542,689.062500,10.600556,0.085481,1
5207,60.453152,689.062500,9.149986,0.100304,1
5208,60.464762,689.062500,7.319799,0.107873,1
5209,60.476372,,2.216146,0.108827,0
5210,60.487982,,2.284666,0.094699,0
5211,60.499592,,2.974839,0.080692,0
5212,60.511202,,2.679325,0.067416,0
5213,60.522812,,2.736804,0.059180,0
5214,60.534422,,1.074208,0.055202,0
5215,60.546032,,1.407330,0.049764,0
5216,60.557642,129.199219,3.834507,0.047655,1
5217,60.569252,,1.809627,0.046570,0
5218,60.580862,,1.516402,0.046313,0
5219,60.592472,,2.156281,0.052198,0
5220,60.604082,,2.245761,0.056501,0
5221,60.615692,366.064453,3.901381,0.070610,1
5222,60.627302,,2.979310,0.073996,0
5223,60.638912,,1.043009,0.075114,0
5224,60.650522,,1.000000,0.074419,0
5225,60.662132,,1.000000,0.064274,0
5226,60.673741,,1.207382,0.062105,0
5227,60.685351,,0.937293,0.060075,0
5228,60.696961,,0.856319,0.062422,0
5229,60.708571,,1.000000,0.065364,0
5230,60.720181,,1.000000,0.069252,0
5231,60.731791,,0.869083,0.072193,0
5232,60.743401,,0.370300,0.076433,0
5233,60.755011,,0.252215,0.081800,0
5234,60.766621,,1.330137,0.086663,0
5235,60.778231,,0.152045,0.089746,0
5236,60.789841,710.595703,10.906124,0.090046,1
5237,60.801451,129.199219,4.090954,0.085728,1
5238,60.813061,,0.228582,0.082017,0
5239,60.824671,129.199219,3.624747,0.077938,1
5240,60.836281,129.199219,3.673248,0.076523,1
5241,60.847891,,2.221138,0.076069,0
5242,60.859501,129.199219,4.386165,0.077363,1
5243,60.871111,129.199219,4.267523,0.077885,1
5244,60.882721,129.199219,4.212631,0.076179,1
5245,60.894331,129.199219,4.735806,0.077773,1
5246,60.905941,129.199219,4.180128,0.077628,1
5247,60.917551,129.199219,3.668677,0.079819,1
5248,60.929161,279.931641,12.139702,0.087637,1
5249,60.940771,129.199219,3.513976,0.097805,1
5250,60.952381,,1.422441,0.103832,0
5251,60.963991,,2.743210,0.107704,0
5252,60.975601,,2.625814,0.100780,0
5253,60.987211,,0.330631,0.088892,0
5254,60.998821,,1.000000,0.077308,0
5255,61.010431,,1.787532,0.067519,0
5256,61.022041,107.666016,3.653725,0.063627,1
5257,61.033651,,1.215934,0.062842,0
5258,61.045261,,0.699688,0.063810,0
5259,61.056871,,1.102254,0.065785,0
5260,61.068481,,0.634046,0.068391,0
5261,61.080091,,0.663214,0.074215,0
5262,61.091701,,0.468649,0.078521,0
5263,61.103311,,1.193781,0.081905,0
5264,61.114921,689.062500,15.252299,0.088888,1
5265,61.126531,689.062500,17.058803,0.092392,1
5266,61.138141,689.062500,15.008856,0.091992,1
5267,61.149751,710.595703,13.169919,0.085870,1
5268,61.161361,,1.395525,0.079619,0
5269,61.172971,,1.514640,0.067706,0
5270,61.184580,,0.471390,0.062289,0
5271,61.196190,,0.448214,0.065573,0
5272,61.207800,732.128906,9.071189,0.069066,1
5273,61.219410,732.128906,10.843610,0.070814,1
5274,61.231020,732.128906,11.377574,0.070887,1
5275,61.242630,732.128906,7.703518,0.072643,1
5276,61.254240,,1.717786,0.069897,0
5277,61.265850,689.062500,7.230882,0.069562,1
5278,61.277460,,2.556628,0.066437,0
5279,61.289070,,1.824585,0.058753,0
5280,61.300680,,1.198819,0.051019,0
5281,61.312290,,1.240449,0.048456,0
5282,61.323900,,1.424793,0.048152,0
5283,61.335510,,2.749086,0.051017,0
5284,61.347120,,2.536297,0.054392,0
5285,61.358730,,0.773654,0.055820,0
5286,61.370340,172.265625,3.112462,0.059896,1
5287,61.381950,,2.190816,0.058507,0
5288,61.393560,,0.406021,0.056842,0
5289,61.405170,172.265625,3.997515,0.054408,1
5290,61.416780,,0.674739,0.053628,0
5291,61.428390,,0.821146,0.055506,0
5292,61.440000,,0.642861,0.053302,0
5293,61.451610,,1.295954,0.054282,0
5294,61.463220,,1.165600,0.050425,0
5295,61.474830,,1.111283,0.047522,0
5296,61.486440,,0.806082,0.052313,0
5297,61.498050,,0.602819,0.066169,0
5298,61.509660,,0.385980,0.084050,0
5299,61.521270,,0.683415,0.093087,0
5300,61.532880,,1.000000,0.102136,0
5301,61.544490,107.666016,4.174897,0.095736,1
5302,61.556100,129.199219,7.276292,0.084522,1
5303,61.567710,,2.532604,0.079712,0
5304,61.579320,,2.120112,0.075603,0
5305,61.590930,107.666016,3.495170,0.075737,1
5306,61.602540,,1.773748,0.073980,0
5307,61.614150,,1.886001,0.073866,0
5308,61.625760,,1.124199,0.067617,0
5309,61.637370,215.332031,4.570057,0.064445,1
5310,61.648980,,1.953286,0.065551,0
5311,61.660590,,0.999778,0.066448,0
5312,61.672200,,1.534637,0.070819,0
5313,61.683810,,2.952138,0.073393,0
5314,61.695420,,0.913745,0.072539,0
5315,61.707029,,0.964413,0.073349,0
5316,61.718639,,1.381833,0.066674,0
5317,61.730249,,1.177727,0.063965,0
5318,61.741859,322.998047,3.537426,0.066303,1
5319,61.753469,,0.918784,0.060787,0
5320,61.765079,,0.721718,0.062098,0
5321,61.776689,172.265625,3.153557,0.068269,1
5322,61.788299,215.332031,4.015079,0.067216,1
5323,61.799909,,0.799130,0.073233,0
5324,61.811519,172.265625,3.933969,0.072192,1
5325,61.823129,,1.156460,0.068389,0
5326,61.834739,,1.912958,0.071198,0
5327,61.846349,,1.872135,0.068422,0
5328,61.857959,,1.369818,0.069927,0
5329,61.869569,172.265625,4.739793,0.069624,1
5330,61.881179,,1.000000,0.064276,0
5331,61.892789,,0.639363,0.060964,0
5332,61.904399,,2.233675,0.059678,0
5333,61.916009,,0.554658,0.059647,0
5334,61.927619,,0.345341,0.058932,0
5335,61.939229,,2.762808,0.062027,0
5336,61.950839,,2.711683,0.063499,0
5337,61.962449,,0.783419,0.073273,0
5338,61.974059,,1.042532,0.074233,0
5339,61.985669,,0.539794,0.074756,0
5340,61.997279,,0.196463,0.082461,0
5341,62.008889,,1.741154,0.076656,0
5342,62.020499,,1.728270,0.082710,0
5343,62.032109,,2.080039,0.086972,0
5344,62.043719,172.265625,3.611465,0.079698,1
5345,62.055329,107.666016,3.696088,0.076052,1
5346,62.066939,107.666016,4.671783,0.071682,1
5347,62.078549,107.666016,4.283882,0.063830,1
5348,62.090159,,1.767000,0.061920,0
5349,62.101769,,2.319658,0.063838,0
5350,62.113379,,1.000000,0.072364,0
5351,62.124989,,1.791006,0.075660,0
5352,62.136599,,1.000000,0.086554,0
5353,62.148209,,1.000000,0.098763,0
5354,62.159819,,0.925210,0.095198,0
5355,62.171429,,1.425054,0.092233,0
5356,62.183039,,1.801390,0.088814,0
5357,62.194649,,2.216999,0.074289,0
5358,62.206259,,2.372443,0.073225,0
5359,62.217868,,1.954064,0.071952,0
5360,62.229478,,2.953503,0.073537,0
5361,62.241088,,1.296849,0.076782,0
5362,62.252698,,1.437495,0.078104,0
5363,62.264308,,1.664548,0.083231,0
5364,62.275918,,1.474834,0.078022,0
5365,62.287528,107.666016,3.407112,0.076115,1
5366,62.299138,,2.226955,0.075954,0
5367,62.310748,,1.576146,0.074200,0
5368,62.322358,107.666016,3.210087,0.075422,1
5369,62.333968,,1.369186,0.075989,0
5370,62.345578,107.666016,3.356633,0.074303,1
5371,62.357188,107.666016,3.177890,0.069794,1
5372,62.368798,107.666016,3.255148,0.067357,1
5373,62.380408,,1.399074,0.068205,0
5374,62.392018,215.332031,6.395592,0.067300,1
5375,62.403628,,2.340566,0.069969,0
5376,62.415238,215.332031,3.281434,0.067521,1
5377,62.426848,,1.958398,0.064021,0
5378,62.438458,215.332031,3.460646,0.061867,1
5379,62.450068,,1.844189,0.058506,0
5380,62.461678,,2.820700,0.059115,0
5381,62.473288,215.332031,3.651718,0.060931,1
5382,62.484898,107.666016,4.577523,0.065382,1
5383,62.496508,107.666016,5.249386,0.072318,1
5384,62.508118,,1.433208,0.072820,0
5385,62.519728,107.666016,3.349945,0.081292,1
5386,62.531338,107.666016,3.999239,0.082459,1
5387,62.542948,172.265625,7.118069,0.085116,1
5388,62.554558,193.798828,7.183990,0.088750,1
5389,62.566168,,2.317877,0.090530,0
5390,62.577778,,0.398364,0.094443,0
5391,62.589388,107.666016,3.806965,0.090840,1
5392,62.600998,172.265625,8.718121,0.091819,1
5393,62.612608,172.265625,8.262301,0.084764,1
5394,62.624218,172.265625,5.932878,0.075333,1
5395,62.635828,107.666016,3.572312,0.074164,1
5396,62.647438,172.265625,6.503923,0.071083,1
5397,62.659048,215.332031,6.381604,0.069042,1
5398,62.670658,,0.721462,0.073057,0
5399,62.682268,215.332031,4.069516,0.073023,1
5400,62.693878,,1.318839,0.072884,0
5401,62.705488,,0.418882,0.078376,0
5402,62.717098,215.332031,7.164804,0.074238,1
5403,62.728707,172.265625,6.511333,0.079436,1
5404,62.740317,172.265625,8.103507,0.077003,1
5405,62.751927,,1.000000,0.070535,0
5406,62.763537,172.265625,7.747317,0.071659,1
5407,62.775147,,2.578889,0.061939,0
5408,62.786757,,0.187589,0.066941,0
5409,62.798367,172.265625,7.830113,0.066567,1
5410,62.809977,172.265625,9.029189,0.066956,1
5411,62.821587,172.265625,8.529253,0.068940,1
5412,62.833197,172.265625,5.756424,0.065106,1
5413,62.844807,,1.866895,0.067158,0
5414,62.856417,,1.513639,0.066642,0
5415,62.868027,172.265625,7.781930,0.065531,1
5416,62.879637,,0.497528,0.066401,0
5417,62.891247,,0.591728,0.062683,0
5418,62.902857,,0.660733,0.063274,0
5419,62.914467,,0.562858,0.065754,0
5420,62.926077,,0.439654,0.062653,0
5421,62.937687,172.265625,7.854883,0.063012,1
5422,62.949297,,1.285463,0.062314,0
5423,62.960907,172.265625,3.182847,0.064122,1
5424,62.972517,172.265625,3.660413,0.066491,1
5425,62.984127,,0.309866,0.066986,0
5426,62.995737,,0.215276,0.063191,0
5427,63.007347,172.265625,8.421354,0.058460,1
5428,63.018957,172.265625,10.796631,0.053456,1
5429,63.030567,172.265625,6.587602,0.060974,1
5430,63.042177,,2.076221,0.063936,0
5431,63.053787,,1.650913,0.067365,0
5432,63.065397,,1.346360,0.074300,0
5433,63.077007,,2.094371,0.073229,0
5434,63.088617,107.666016,3.203935,0.075866,1
5435,63.100227,,2.803285,0.079247,0
5436,63.111837,,2.158149,0.074800,0
5437,63.123447,,0.742620,0.072322,0
5438,63.135057,,0.242132,0.070538,0
5439,63.146667,,0.360906,0.068631,0
5440,63.158277,,2.280553,0.072353,0
5441,63.169887,,1.344053,0.070112,0
5442,63.181497,,1.020115,0.067242,0
5443,63.193107,,1.305853,0.061530,0
5444,63.204717,322.998047,7.676044,0.057747,1
5445,63.216327,,0.769047,0.055546,0
5446,63.227937,,2.185154,0.057800,0
5447,63.239546,322.998047,6.035618,0.058704,1
5448,63.251156,322.998047,5.789311,0.058910,1
5449,63.262766,,2.750047,0.059177,0
5450,63.274376,,1.783218,0.057650,0
5451,63.285986,,2.337284,0.057336,0
5452,63.297596,215.332031,4.718109,0.062298,1
5453,63.309206,,2.018332,0.080291,0
5454,63.320816,,2.474040,0.101572,0
5455,63.332426,236.865234,11.377506,0.112313,1
5456,63.344036,,1.490640,0.119798,0
5457,63.355646,,0.958021,0.114026,0
5458,63.367256,,0.907904,0.100086,0
5459,63.378866,,1.000000,0.092738,0
5460,63.390476,129.199219,14.007842,0.081471,1
5461,63.402086,,0.673402,0.083279,0
5462,63.413696,,1.419592,0.081594,0
5463,63.425306,129.199219,6.582446,0.077466,1
5464,63.436916,107.666016,4.027726,0.077821,1
5465,63.448526,107.666016,3.213601,0.071943,1
5466,63.460136,,2.871058,0.069258,0
5467,63.471746,107.666016,3.476040,0.068815,1
5468,63.483356,107.666016,4.220956,0.071580,1
5469,63.494966,107.666016,5.726935,0.068885,1
5470,63.506576,107.666016,6.023418,0.067290,1
5471,63.518186,107.666016,4.476824,0.067663,1
5472,63.529796,107.666016,4.580627,0.059823,1
5473,63.541406,,1.353370,0.059525,0
5474,63.553016,,1.087806,0.057732,0
5475,63.564626,,1.891028,0.060755,0
5476,63.576236,107.666016,3.540791,0.064290,1
5477,63.587846,107.666016,4.689724,0.065653,1
5478,63.599456,129.199219,4.304585,0.070964,1
5479,63.611066,,1.405009,0.069580,0
5480,63.622676,,1.231734,0.069933,0
5481,63.634286,,1.489053,0.072527,0
5482,63.645896,,2.220313,0.071391,0
5483,63.657506,,2.380324,0.069316,0
5484,63.669116,,2.047866,0.068722,0
5485,63.680726,,2.020258,0.071406,0
5486,63.692336,129.199219,4.843304,0.085044,1
5487,63.703946,,1.213197,0.090186,0
5488,63.715556,,0.645785,0.095774,0
5489,63.727166,,0.260569,0.095426,0
5490,63.738776,129.199219,7.797813,0.082712,1
5491,63.750385,,1.263279,0.080851,0
5492,63.761995,,1.704926,0.072916,0
5493,63.773605,,1.008117,0.065097,0
5494,63.785215,,1.351976,0.068216,0
5495,63.796825,,1.545466,0.064304,0
5496,63.808435,,1.083548,0.066400,0
5497,63.820045,,0.730834,0.076197,0
5498,63.831655,129.199219,3.454741,0.086194,1
5499,63.843265,129.199219,4.528642,0.089539,1
5500,63.854875,172.265625,6.302855,0.091103,1
5501,63.866485,129.199219,9.264766,0.085690,1
5502,63.878095,172.265625,6.840938,0.073490,1
5503,63.889705,172.265625,6.467307,0.067898,1
5504,63.901315,172.265625,4.977868,0.066425,1
5505,63.912925,172.265625,4.288527,0.066313,1
5506,63.924535,,2.883536,0.065105,0
5507,63.936145,,2.169338,0.065842,0
5508,63.947755,,1.012064,0.062402,0
5509,63.959365,,2.699198,0.061773,0
5510,63.970975,172.265625,4.359470,0.065841,1
5511,63.982585,,0.784262,0.065984,0
5512,63.994195,,0.866570,0.067996,0
5513,64.005805,,0.705555,0.069540,0
5514,64.017415,,0.478551,0.066453,0
5515,64.029025,,0.593652,0.073714,0
5516,64.040635,,0.510884,0.074217,0
5517,64.052245,,0.623960,0.075898,0
5518,64.063855,925.927734,7.213804,0.078073,1
5519,64.075465,129.199219,3.391391,0.073521,1
5520,64.087075,,1.734088,0.076968,0
5521,64.098685,,1.942171,0.079258,0
5522,64.110295,,2.682192,0.076840,0
5523,64.121905,925.927734,6.733432,0.077417,1
5524,64.133515,925.927734,7.378115,0.073357,1
5525,64.145125,925.927734,5.548527,0.068993,1
5526,64.156735,,0.694034,0.072300,0
5527,64.168345,,0.852821,0.072882,0
5528,64.179955,925.927734,12.214716,0.073472,1
5529,64.191565,925.927734,13.225387,0.071240,1
5530,64.203175,193.798828,4.829080,0.067263,1
5531,64.214785,193.798828,5.748579,0.060394,1
5532,64.226395,193.798828,5.960610,0.054897,1
5533,64.238005,,1.228479,0.052175,0
5534,64.249615,,1.901199,0.049811,0
5535,64.261224,,0.243485,0.052701,0
5536,64.272834,,0.357730,0.053902,0
5537,64.284444,,0.451440,0.057179,0
5538,64.296054,,0.898789,0.063544,0
5539,64.307664,,1.000000,0.066446,0
5540,64.319274,,0.932961,0.068219,0
5541,64.330884,,0.495642,0.068803,0
5542,64.342494,193.798828,6.356282,0.064371,1
5543,64.354104,193.798828,6.906550,0.059821,1
5544,64.365714,193.798828,6.242182,0.059130,1
5545,64.377324,193.798828,5.840629,0.060264,1
5546,64.388934,193.798828,5.696359,0.063045,1
5547,64.400544,193.798828,7.434983,0.070159,1
5548,64.412154,193.798828,9.197566,0.077936,1
5549,64.423764,193.798828,8.779984,0.084141,1
5550,64.435374,193.798828,8.260469,0.092952,1
5551,64.446984,193.798828,7.905139,0.099969,1
5552,64.458594,,2.887433,0.104579,0
5553,64.470204,279.931641,5.194644,0.109413,1
5554,64.481814,279.931641,4.324759,0.110706,1
5555,64.493424,279.931641,5.111390,0.110060,1
5556,64.505034,,1.414771,0.109659,0
5557,64.516644,538.330078,14.485717,0.102029,1
5558,64.528254,258.398438,5.900289,0.095176,1
5559,64.539864,193.798828,15.093981,0.087070,1
5560,64.551474,193.798828,17.912477,0.072783,1
5561,64.563084,193.798828,10.126986,0.068609,1
5562,64.574694,193.798828,7.616518,0.063480,1
5563,64.586304,193.798828,9.862053,0.059425,1
5564,64.597914,,1.022946,0.075966,0
5565,64.609524,,0.606864,0.084386,0
5566,64.621134,,0.418312,0.085143,0
5567,64.632744,,0.589495,0.098088,0
5568,64.644354,129.199219,9.620492,0.091684,1
5569,64.655964,129.199219,9.107557,0.090325,1
5570,64.667574,107.666016,4.266720,0.091980,1
5571,64.679184,,0.456088,0.085458,0
5572,64.690794,,2.575373,0.083284,0
5573,64.702404,,0.518946,0.080339,0
5574,64.714014,,2.047688,0.083708,0
5575,64.725624,,1.606075,0.080634,0
5576,64.737234,,2.345134,0.083567,0
5577,64.748844,129.199219,3.628159,0.081459,1
5578,64.760454,,2.513986,0.073128,0
5579,64.772063,,1.884850,0.066690,0
5580,64.783673,,1.969980,0.056752,0
5581,64.795283,,1.402102,0.049940,0
5582,64.806893,193.798828,4.368167,0.048184,1
5583,64.818503,193.798828,5.408802,0.049772,1
5584,64.830113,258.398438,3.672904,0.050921,1
5585,64.841723,193.798828,5.339861,0.053603,1
5586,64.853333,,1.164153,0.055876,0
5587,64.864943,172.265625,5.319621,0.055347,1
5588,64.876553,172.265625,6.796147,0.052849,1
5589,64.888163,172.265625,6.104310,0.049933,1
5590,64.899773,258.398438,3.945160,0.049199,1
5591,64.911383,,1.022004,0.052549,0
5592,64.922993,258.398438,4.292957,0.054492,1
5593,64.934603,129.199219,4.307212,0.059918,1
5594,64.946213,129.199219,3.483569,0.058934,1
5595,64.957823,193.798828,10.083291,0.059102,1
5596,64.969433,193.798828,11.260054,0.058055,1
5597,64.981043,193.798828,9.517487,0.051467,1
5598,64.992653,193.798828,8.499604,0.052102,1
5599,65.004263,193.798828,12.357209,0.045647,1
5600,65.015873,193.798828,8.014504,0.047228,1
5601,65.027483,193.798828,10.204178,0.047219,1
5602,65.039093,193.798828,6.129121,0.043323,1
5603,65.050703,129.199219,3.718929,0.043207,1
5604,65.062313,172.265625,4.182457,0.041216,1
5605,65.073923,172.265625,5.788670,0.045749,1
5606,65.085533,193.798828,9.043754,0.050757,1
5607,65.097143,172.265625,9.090000,0.060084,1
5608,65.108753,172.265625,10.386073,0.069381,1
5609,65.120363,172.265625,10.138537,0.072518,1
5610,65.131973,172.265625,9.947806,0.074791,1
5611,65.143583,172.265625,8.976804,0.071409,1
5612,65.155193,193.798828,7.598817,0.071951,1
5613,65.166803,193.798828,6.898753,0.073304,1
5614,65.178413,559.863281,12.664843,0.074098,1
5615,65.190023,193.798828,10.057339,0.078374,1
5616,65.201633,193.798828,8.077614,0.078205,1
5617,65.213243,193.798828,6.648833,0.078939,1
5618,65.224853,559.863281,12.092289,0.079171,1
5619,65.236463,559.863281,14.451449,0.077175,1
5620,65.248073,279.931641,5.498637,0.075012,1
5621,65.259683,172.265625,3.473668,0.076745,1
5622,65.271293,172.265625,4.110719,0.078461,1
5623,65.282902,172.265625,4.663019,0.073907,1
5624,65.294512,193.798828,6.125775,0.070117,1
5625,65.306122,,0.595977,0.068407,0
5626,65.317732,,0.769412,0.079527,0
5627,65.329342,,1.148248,0.097280,0
5628,65.340952,,1.135243,0.112484,0
5629,65.352562,,1.325440,0.121483,0
5630,65.364172,258.398438,24.329546,0.123166,1
5631,65.375782,258.398438,28.078137,0.122864,1
5632,65.387392,,0.859528,0.120953,0
5633,65.399002,,1.102516,0.113744,0
5634,65.410612,193.798828,6.789707,0.102924,1
5635,65.422222,,1.318531,0.087654,0
5636,65.433832,193.798828,9.905149,0.071492,1
5637,65.445442,193.798828,10.565727,0.063601,1
5638,65.457052,258.398438,9.597079,0.062882,1
5639,65.468662,258.398438,9.288165,0.066066,1
5640,65.480272,193.798828,8.384564,0.069557,1
5641,65.491882,193.798828,9.256171,0.073279,1
5642,65.503492,258.398438,8.718032,0.075237,1
5643,65.515102,258.398438,10.460229,0.078520,1
5644,65.526712,193.798828,8.915372,0.086968,1
5645,65.538322,193.798828,10.714714,0.091903,1
5646,65.549932,193.798828,11.102120,0.092073,1
5647,65.561542,193.798828,11.594136,0.092540,1
5648,65.573152,193.798828,10.758828,0.089211,1
5649,65.584762,193.798828,13.396194,0.083800,1
5650,65.596372,193.798828,10.973123,0.088234,1
5651,65.607982,258.398438,8.708064,0.090913,1
5652,65.619592,193.798828,10.154223,0.087292,1
5653,65.631202,193.798828,10.934930,0.088649,1
5654,65.642812,193.798828,8.277367,0.101933,1
5655,65.654422,258.398438,10.910410,0.107788,1
5656,65.666032,,2.795881,0.116497,0
5657,65.677642,129.199219,4.758431,0.112851,1
5658,65.689252,,2.782985,0.095512,0
5659,65.700862,107.666016,3.259512,0.083222,1
5660,65.712472,107.666016,4.491278,0.063009,1
5661,65.724082,193.798828,14.805741,0.063653,1
5662,65.735692,193.798828,17.774451,0.064928,1
5663,65.747302,193.798828,18.396054,0.063839,1
5664,65.758912,,0.526651,0.063960,0
5665,65.770522,193.798828,13.448433,0.063488,1
5666,65.782132,193.798828,12.872377,0.058165,1
5667,65.793741,193.798828,15.668586,0.054638,1
5668,65.805351,193.798828,18.207302,0.054837,1
5669,65.816961,193.798828,17.328768,0.052942,1
5670,65.828571,193.798828,11.857086,0.057269,1
5671,65.840181,172.265625,8.980981,0.062510,1
5672,65.851791,193.798828,11.892651,0.072995,1
5673,65.863401,193.798828,14.391162,0.078602,1
5674,65.875011,193.798828,12.721233,0.083610,1
5675,65.886621,193.798828,12.560073,0.087924,1
5676,65.898231,193.798828,16.248962,0.088612,1
5677,65.909841,172.265625,17.323392,0.087912,1
5678,65.921451,258.398438,9.229808,0.087043,1
5679,65.933061,172.265625,11.473964,0.085827,1
5680,65.944671,172.265625,10.878418,0.086413,1
5681,65.956281,,1.132292,0.086044,0
5682,65.967891,172.265625,8.617567,0.084019,1
5683,65.979501,172.265625,7.258277,0.084643,1
5684,65.991111,172.265625,8.886734,0.080973,1
5685,66.002721,,0.619553,0.078098,0
5686,66.014331,,1.093838,0.078987,0
5687,66.025941,,0.941711,0.076715,0
5688,66.037551,,1.538893,0.072711,0
5689,66.049161,,2.611931,0.073804,0
5690,66.060771,258.398438,21.507042,0.069627,1
5691,66.072381,279.931641,20.481141,0.064170,1
5692,66.083991,172.265625,9.539612,0.064013,1
5693,66.095601,,2.193043,0.062992,0
5694,66.107211,258.398438,12.374914,0.066492,1
5695,66.118821,172.265625,16.994413,0.074896,1
5696,66.130431,172.265625,9.309900,0.086209,1
5697,66.142041,172.265625,7.954374,0.092775,1
5698,66.153651,193.798828,9.555735,0.092530,1
5699,66.165261,193.798828,10.191045,0.087856,1
5700,66.176871,193.798828,11.745251,0.077661,1
5701,66.188481,753.662109,11.165037,0.077471,1
5702,66.200091,753.662109,11.528923,0.081808,1
5703,66.211701,753.662109,11.426262,0.082721,1
5704,66.223311,753.662109,11.887667,0.082936,1
5705,66.234921,753.662109,14.485930,0.076754,1
5706,66.246531,236.865234,4.339634,0.069189,1
5707,66.258141,236.865234,3.901184,0.064795,1
5708,66.269751,732.128906,6.848556,0.062205,1
5709,66.281361,172.265625,3.221123,0.062126,1
5710,66.292971,495.263672,3.116648,0.068503,1
5711,66.304580,495.263672,4.739075,0.076264,1
5712,66.316190,495.263672,6.873384,0.080642,1
5713,66.327800,,1.513026,0.079688,0
5714,66.339410,,1.592811,0.075927,0
5715,66.351020,,2.171336,0.071572,0
5716,66.362630,,2.107679,0.064567,0
5717,66.374240,,2.477737,0.063541,0
5718,66.385850,,2.938510,0.063199,0
5719,66.397460,,2.679117,0.066721,0
5720,66.409070,,2.396576,0.072312,0
5721,66.420680,129.199219,3.184343,0.077497,1
5722,66.432290,172.265625,5.257678,0.076818,1
5723,66.443900,,1.661023,0.069568,0
5724,66.455510,,2.106658,0.065159,0
5725,66.467120,129.199219,3.526515,0.059004,1
5726,66.478730,,2.764103,0.058500,0
5727,66.490340,,2.548443,0.062688,0
5728,66.501950,,2.543777,0.063020,0
5729,66.513560,,2.499506,0.066279,0
5730,66.525170,,2.446534,0.064624,0
5731,66.536780,,2.006759,0.057662,0
5732,66.548390,,2.246437,0.055690,0
5733,66.560000,172.265625,6.682050,0.050855,1
5734,66.571610,172.265625,11.823666,0.047980,1
5735,66.583220,172.265625,9.967787,0.049395,1
5736,66.594830,193.798828,12.764932,0.048097,1
5737,66.606440,193.798828,15.561051,0.047618,1
5738,66.618050,129.199219,4.632718,0.050568,1
5739,66.629660,86.132812,4.125074,0.049819,1
5740,66.641270,129.199219,6.296004,0.052693,1
5741,66.652880,129.199219,6.251246,0.053565,1
5742,66.664490,86.132812,4.503452,0.051100,1
5743,66.676100,,2.747536,0.065193,0
5744,66.687710,,2.615670,0.088690,0
5745,66.699320,,1.192625,0.098135,0
5746,66.710930,172.265625,11.053709,0.107573,1
5747,66.722540,,1.000000,0.102337,0
5748,66.734150,,1.386516,0.088617,0
5749,66.745760,107.666016,9.155119,0.079685,1
5750,66.757370,,1.339868,0.069743,0
5751,66.768980,,1.124227,0.064710,0
5752,66.780590,,1.184605,0.059662,0
5753,66.792200,,1.691285,0.058384,0
5754,66.803810,107.666016,9.726816,0.054246,1
5755,66.815420,,2.060669,0.054396,0
5756,66.827029,,1.961793,0.049001,0
5757,66.838639,,2.636533,0.045010,0
5758,66.850249,,2.472847,0.043001,0
5759,66.861859,86.132812,3.441784,0.048749,1
5760,66.873469,86.132812,3.127032,0.047173,1
5761,66.885079,86.132812,4.543283,0.044987,1
5762,66.896689,86.132812,3.558464,0.045010,1
5763,66.908299,86.132812,3.466533,0.037668,1
5764,66.919909,,2.767536,0.035021,0
5765,66.931519,86.132812,3.433224,0.036124,1
5766,66.943129,193.798828,13.653856,0.034508,1
5767,66.954739,86.132812,3.610053,0.035522,1
5768,66.966349,86.132812,3.227028,0.038983,1
5769,66.977959,86.132812,3.646594,0.040569,1
5770,66.989569,,1.717119,0.044517,0
5771,67.001179,,2.914230,0.048773,0
5772,67.012789,86.132812,4.602856,0.049967,1
5773,67.024399,172.265625,13.570614,0.053348,1
5774,67.036009,86.132812,6.191796,0.052246,1
5775,67.047619,172.265625,18.268867,0.049296,1
5776,67.059229,193.798828,22.983317,0.047068,1
5777,67.070839,86.132812,6.942643,0.042890,1
5778,67.082449,86.132812,5.321438,0.041211,1
5779,67.094059,86.132812,4.237987,0.040631,1
5780,67.105669,732.128906,14.060867,0.039981,1
5781,67.117279,86.132812,5.527538,0.040850,1
5782,67.128889,86.132812,3.739857,0.042229,1
5783,67.140499,882.861328,10.231402,0.041870,1
5784,67.152109,882.861328,9.596098,0.067199,1
5785,67.163719,,2.522945,0.129393,0
5786,67.175329,301.464844,31.512862,0.160560,1
5787,67.186939,301.464844,53.888310,0.181816,1
5788,67.198549,301.464844,43.695931,0.184513,1
5789,67.210159,581.396484,4.311866,0.152681,1
5790,67.221769,279.931641,21.061332,0.122648,1
5791,67.233379,107.666016,3.942604,0.102198,1
5792,67.244989,,2.818997,0.091181,0
5793,67.256599,,0.945762,0.083603,0
5794,67.268209,,0.939126,0.079510,0
5795,67.279819,,0.997890,0.060666,0
5796,67.291429,,1.139995,0.046025,0
5797,67.303039,301.464844,7.865313,0.040837,1
5798,67.314649,,2.236904,0.035289,0
5799,67.326259,,1.575745,0.032309,0
5800,67.337868,,0.430596,0.028190,0
5801,67.349478,193.798828,3.696581,0.031515,1
5802,67.361088,,0.305409,0.038881,0
5803,67.372698,,1.001767,0.044089,0
5804,67.384308,172.265625,7.635424,0.048801,1
5805,67.395918,172.265625,11.780710,0.049439,1
5806,67.407528,,1.064367,0.045341,0
5807,67.419138,215.332031,3.209765,0.042427,1
5808,67.430748,,0.764020,0.039645,0
5809,67.442358,,0.601770,0.036474,0
5810,67.453968,,0.674289,0.035349,0
5811,67.465578,,1.444601,0.039248,0
5812,67.477188,,2.225650,0.047296,0
5813,67.488798,129.199219,5.420605,0.060850,1
5814,67.500408,86.132812,5.075366,0.070156,1
5815,67.512018,236.865234,30.313722,0.071991,1
5816,67.523628,129.199219,4.877104,0.072765,1
5817,67.535238,,1.094055,0.075751,0
5818,67.546848,236.865234,28.689772,0.076852,1
5819,67.558458,236.865234,24.865382,0.080313,1
5820,67.570068,129.199219,5.873397,0.085356,1
5821,67.581678,129.199219,4.031904,0.077424,1
5822,67.593288,236.865234,18.708606,0.080969,1
5823,67.604898,236.865234,19.593931,0.078455,1
5824,67.616508,236.865234,14.244812,0.075423,1
5825,67.628118,,2.191351,0.075657,0
5826,67.639728,,2.198199,0.077460,0
5827,67.651338,236.865234,14.954560,0.085790,1
5828,67.662948,107.666016,3.137518,0.093414,1
5829,67.674558,129.199219,4.766341,0.097364,1
5830,67.686168,107.666016,5.161399,0.092065,1
5831,67.697778,107.666016,3.928659,0.087860,1
5832,67.709388,215.332031,12.659922,0.080742,1
5833,67.720998,215.332031,11.573908,0.096377,1
5834,67.732608,215.332031,11.711010,0.100323,1
5835,67.744218,,0.488752,0.104497,0
5836,67.755828,,0.639585,0.104939,0
5837,67.767438,107.666016,4.269656,0.086793,1
5838,67.779048,107.666016,4.237051,0.079677,1
5839,67.790658,107.666016,5.013590,0.068093,1
5840,67.802268,236.865234,9.046084,0.059065,1
5841,67.813878,129.199219,7.546913,0.057589,1
5842,67.825488,129.199219,7.465084,0.057907,1
5843,67.837098,129.199219,6.235860,0.063374,1
5844,67.848707,129.199219,5.646679,0.076396,1
5845,67.860317,129.199219,6.101985,0.084934,1
5846,67.871927,129.199219,3.713433,0.092171,1
5847,67.883537,,1.502664,0.095595,0
5848,67.895147,236.865234,27.323764,0.097932,1
5849,67.906757,,2.779076,0.103863,0
5850,67.918367,236.865234,22.995689,0.106117,1
5851,67.929977,,1.260573,0.109554,0
5852,67.941587,,2.448154,0.111158,0
5853,67.953197,129.199219,3.431028,0.113699,1
5854,67.964807,,2.101689,0.116075,0
5855,67.976417,236.865234,34.952433,0.116377,1
5856,67.988027,236.865234,29.164410,0.115334,1
5857,67.999637,,1.571246,0.112420,0
5858,68.011247,236.865234,30.744362,0.111568,1
5859,68.022857,236.865234,30.336533,0.113029,1
5860,68.034467,236.865234,23.601924,0.113254,1
5861,68.046077,236.865234,31.899261,0.112069,1
5862,68.057687,236.865234,27.384483,0.111289,1
5863,68.069297,236.865234,33.829425,0.111292,1
5864,68.080907,236.865234,24.369359,0.106767,1
5865,68.092517,236.865234,23.316049,0.099873,1
5866,68.104127,236.865234,14.876243,0.093660,1
5867,68.115737,236.865234,12.958714,0.090845,1
5868,68.127347,236.865234,13.251367,0.094387,1
5869,68.138957,,1.192167,0.103041,0
5870,68.150567,,1.115356,0.108367,0
5871,68.162177,215.332031,23.086676,0.114684,1
5872,68.173787,172.265625,5.517211,0.119262,1
5873,68.185397,236.865234,21.746836,0.119715,1
5874,68.197007,215.332031,26.247369,0.121514,1
5875,68.208617,215.332031,27.388365,0.109509,1
5876,68.220227,215.332031,18.189282,0.104169,1
5877,68.231837,215.332031,20.668824,0.100850,1
5878,68.243447,215.332031,18.010635,0.096468,1
5879,68.255057,215.332031,14.910578,0.107352,1
5880,68.266667,,0.552132,0.103297,0
5881,68.278277,,2.876407,0.099003,0
5882,68.289887,,2.426609,0.099593,0
5883,68.301497,193.798828,10.187355,0.099252,1
5884,68.313107,193.798828,11.877421,0.103593,1
5885,68.324717,193.798828,11.944810,0.100349,1
5886,68.336327,193.798828,10.829142,0.092093,1
5887,68.347937,193.798828,10.394620,0.080194,1
5888,68.359546,193.798828,9.713829,0.072470,1
5889,68.371156,193.798828,13.297480,0.071125,1
5890,68.382766,193.798828,12.329540,0.071534,1
5891,68.394376,193.798828,14.554409,0.072016,1
5892,68.405986,193.798828,20.878013,0.073125,1
5893,68.417596,193.798828,16.612558,0.074525,1
5894,68.429206,193.798828,15.428276,0.073579,1
5895,68.440816,193.798828,10.395744,0.066582,1
5896,68.452426,193.798828,7.198275,0.058821,1
5897,68.464036,,1.313423,0.056849,0
5898,68.475646,,1.600963,0.057497,0
5899,68.487256,,1.413081,0.065415,0
5900,68.498866,,1.397433,0.068052,0
5901,68.510476,193.798828,14.363026,0.069700,1
5902,68.522086,,1.284763,0.072895,0
5903,68.533696,172.265625,10.884689,0.074900,1
5904,68.545306,193.798828,18.165923,0.084482,1
5905,68.556916,193.798828,24.567625,0.093053,1
5906,68.568526,172.265625,21.728308,0.104889,1
5907,68.580136,,2.347823,0.111142,0
5908,68.591746,,2.003506,0.106560,0
5909,68.603356,,1.710383,0.098986,0
5910,68.614966,172.265625,12.858693,0.081158,1
5911,68.626576,732.128906,10.757297,0.062347,1
5912,68.638186,,1.598332,0.052378,0
5913,68.649796,,1.837434,0.043111,0
5914,68.661406,,1.813372,0.039168,0
5915,68.673016,,1.992086,0.038566,0
5916,68.684626,,1.915887,0.038525,0
5917,68.696236,,1.993294,0.039685,0
5918,68.707846,,1.794877,0.038931,0
5919,68.719456,,2.369637,0.036864,0
5920,68.731066,,2.544223,0.034849,0
5921,68.742676,193.798828,4.277881,0.038069,1
5922,68.754286,,2.283359,0.047670,0
5923,68.765896,,1.131950,0.070780,0
5924,68.777506,,0.731492,0.087711,0
5925,68.789116,,0.795450,0.095590,0
5926,68.800726,193.798828,4.280214,0.101216,1
5927,68.812336,107.666016,5.477033,0.099321,1
5928,68.823946,107.666016,6.248820,0.095025,1
5929,68.835556,107.666016,3.491385,0.096931,1
5930,68.847166,107.666016,3.003163,0.097233,1
5931,68.858776,,1.070982,0.095037,0
5932,68.870385,,0.778830,0.091549,0
5933,68.881995,,0.617632,0.090062,0
5934,68.893605,193.798828,10.393888,0.093759,1
5935,68.905215,193.798828,12.844021,0.093474,1
5936,68.916825,193.798828,21.547619,0.102056,1
5937,68.928435,193.798828,16.673297,0.111123,1
5938,68.940045,193.798828,19.852235,0.113841,1
5939,68.951655,193.798828,27.575699,0.122817,1
5940,68.963265,193.798828,32.044328,0.125443,1
5941,68.974875,193.798828,24.815368,0.119496,1
5942,68.986485,193.798828,24.774964,0.116561,1
5943,68.998095,193.798828,23.905163,0.108025,1
5944,69.009705,193.798828,21.756407,0.100844,1
5945,69.021315,193.798828,18.316250,0.097901,1
5946,69.032925,193.798828,19.139308,0.093526,1
5947,69.044535,193.798828,24.294001,0.092541,1
5948,69.056145,193.798828,29.743390,0.092863,1
5949,69.067755,193.798828,41.665710,0.095529,1
5950,69.079365,193.798828,34.109367,0.102106,1
5951,69.090975,193.798828,29.628337,0.107063,1
5952,69.102585,193.798828,29.136234,0.110517,1
5953,69.114195,,1.675761,0.109075,0
5954,69.125805,,1.558821,0.110248,0
5955,69.137415,193.798828,32.978188,0.108482,1
5956,69.149025,193.798828,28.133781,0.108955,1
5957,69.160635,193.798828,35.248785,0.109799,1
5958,69.172245,193.798828,35.808146,0.101203,1
5959,69.183855,193.798828,22.172993,0.097162,1
5960,69.195465,193.798828,29.951445,0.090134,1
5961,69.207075,193.798828,32.494717,0.087963,1
5962,69.218685,193.798828,24.351831,0.083704,1
5963,69.230295,193.798828,19.246742,0.081750,1
5964,69.241905,193.798828,21.488324,0.075908,1
5965,69.253515,193.798828,17.372677,0.070383,1
5966,69.265125,193.798828,26.319409,0.069641,1
5967,69.276735,193.798828,24.334482,0.064573,1
5968,69.288345,193.798828,19.160250,0.063961,1
5969,69.299955,193.798828,10.619409,0.063335,1
5970,69.311565,193.798828,5.507992,0.067401,1
5971,69.323175,193.798828,6.722150,0.068989,1
5972,69.334785,107.666016,4.953646,0.069841,1
5973,69.346395,193.798828,4.289176,0.066385,1
5974,69.358005,882.861328,5.156082,0.059765,1
5975,69.369615,882.861328,7.177727,0.052491,1
5976,69.381224,,1.659549,0.044894,0
5977,69.392834,193.798828,14.667395,0.039691,1
5978,69.404444,,1.920048,0.033656,0
5979,69.416054,,1.259797,0.028165,0
5980,69.427664,193.798828,5.189590,0.023193,1
5981,69.439274,279.931641,3.844182,0.019826,1
5982,69.450884,732.128906,6.007935,0.019790,1
5983,69.462494,,1.372856,0.020871,0
5984,69.474104,,1.349854,0.023090,0
5985,69.485714,882.861328,7.873152,0.026636,1
5986,69.497324,882.861328,11.909876,0.033166,1
5987,69.508934,882.861328,9.749040,0.038422,1
5988,69.520544,882.861328,13.677863,0.041408,1
5989,69.532154,732.128906,8.897548,0.041608,1
5990,69.543764,,2.340377,0.038368,0
5991,69.555374,,2.305565,0.039739,0
5992,69.566984,,1.742493,0.045145,0
5993,69.578594,882.861328,5.197521,0.049825,1
5994,69.590204,,1.739931,0.055873,0
5995,69.601814,753.662109,5.626449,0.057550,1
5996,69.613424,,2.455102,0.055753,0
5997,69.625034,732.128906,8.618158,0.053157,1
5998,69.636644,732.128906,14.336680,0.048277,1
5999,69.648254,732.128906,9.265483,0.042319,1
6000,69.659864,732.128906,9.738931,0.038208,1
6001,69.671474,732.128906,9.276740,0.034128,1
6002,69.683084,732.128906,9.993767,0.030635,1
6003,69.694694,,1.000000,0.029029,0
6004,69.706304,,1.011221,0.027750,0
6005,69.717914,,1.183088,0.030616,0
6006,69.729524,882.861328,10.323530,0.033722,1
6007,69.741134,882.861328,20.193270,0.038533,1
6008,69.752744,882.861328,19.539171,0.042317,1
6009,69.764354,732.128906,14.270694,0.044745,1
6010,69.775964,732.128906,18.858786,0.048202,1
6011,69.787574,732.128906,20.019464,0.048690,1
6012,69.799184,732.128906,21.569997,0.049403,1
6013,69.810794,732.128906,19.162581,0.073069,1
6014,69.822404,193.798828,5.334922,0.085394,1
6015,69.834014,,0.661018,0.094379,0
6016,69.845624,129.199219,8.860439,0.103039,1
6017,69.857234,129.199219,12.653841,0.092178,1
6018,69.868844,129.199219,13.916562,0.082680,1
6019,69.880454,150.732422,5.049522,0.073390,1
6020,69.892063,129.199219,9.015410,0.060171,1
6021,69.903673,732.128906,9.293473,0.054315,1
6022,69.915283,107.666016,4.696027,0.048845,1
6023,69.926893,107.666016,7.094685,0.044749,1
6024,69.938503,732.128906,13.152063,0.046258,1
6025,69.950113,732.128906,15.780771,0.042481,1
6026,69.961723,86.132812,3.847416,0.041087,1
6027,69.973333,732.128906,13.343834,0.040097,1
6028,69.984943,,2.647896,0.033100,0
6029,69.996553,,2.652824,0.034121,0
6030,70.008163,,2.444909,0.034192,0
6031,70.019773,,2.726690,0.034302,0
6032,70.031383,,2.846944,0.036246,0
6033,70.042993,193.798828,8.609233,0.036627,1
6034,70.054603,172.265625,12.365298,0.038057,1
6035,70.066213,172.265625,11.496595,0.039402,1
6036,70.077823,882.861328,13.640850,0.039102,1
6037,70.089433,86.132812,3.034850,0.037692,1
6038,70.101043,172.265625,6.860301,0.035842,1
6039,70.112653,172.265625,4.096567,0.035448,1
6040,70.124263,172.265625,4.866252,0.033701,1
6041,70.135873,,1.391985,0.032478,0
6042,70.147483,172.265625,6.859969,0.034942,1
6043,70.159093,,2.608860,0.035017,0
6044,70.170703,732.128906,11.191860,0.041339,1
6045,70.182313,732.128906,10.927364,0.046477,1
6046,70.193923,,2.196007,0.047904,0
6047,70.205533,882.861328,13.622739,0.053968,1
6048,70.217143,882.861328,11.930155,0.054600,1
6049,70.228753,882.861328,11.617039,0.052812,1
6050,70.240363,172.265625,3.788367,0.051723,1
6051,70.251973,882.861328,16.590358,0.044411,1
6052,70.263583,882.861328,11.113374,0.037720,1
6053,70.275193,882.861328,7.544118,0.035612,1
6054,70.286803,732.128906,7.207795,0.033323,1
6055,70.298413,732.128906,6.309893,0.034443,1
6056,70.310023,732.128906,7.607263,0.034390,1
6057,70.321633,732.128906,8.161040,0.034351,1
6058,70.333243,,1.663886,0.035835,0
6059,70.344853,882.861328,6.488317,0.041453,1
6060,70.356463,215.332031,6.022682,0.049524,1
6061,70.368073,107.666016,4.712939,0.059669,1
6062,70.379683,107.666016,6.290436,0.069981,1
6063,70.391293,86.132812,4.431009,0.076462,1
6064,70.402902,86.132812,3.142897,0.073015,1
6065,70.414512,,1.587694,0.064289,0
6066,70.426122,,2.459783,0.050446,0
6067,70.437732,107.666016,3.643710,0.031748,1
6068,70.449342,,2.357664,0.030191,0
6069,70.460952,882.861328,5.765362,0.032550,1
6070,70.472562,882.861328,7.689136,0.036573,1
6071,70.484172,882.861328,12.228622,0.043472,1
6072,70.495782,882.861328,13.943491,0.046628,1
6073,70.507392,882.861328,18.307819,0.050872,1
6074,70.519002,882.861328,14.360426,0.051549,1
6075,70.530612,882.861328,17.952704,0.049037,1
6076,70.542222,882.861328,10.432586,0.046183,1
6077,70.553832,882.861328,9.743296,0.040397,1
6078,70.565442,882.861328,6.939892,0.038950,1
6079,70.577052,107.666016,6.466461,0.038143,1
6080,70.588662,107.666016,6.541760,0.040231,1
6081,70.600272,107.666016,7.354796,0.045248,1
6082,70.611882,732.128906,7.957611,0.048830,1
6083,70.623492,882.861328,7.979904,0.054640,1
6084,70.635102,882.861328,10.893141,0.058201,1
6085,70.646712,882.861328,9.009821,0.059099,1
6086,70.658322,882.861328,8.111810,0.058664,1
6087,70.669932,882.861328,8.019963,0.053748,1
6088,70.681542,882.861328,9.933775,0.048159,1
6089,70.693152,882.861328,6.901256,0.042236,1
6090,70.704762,107.666016,5.863893,0.037003,1
6091,70.716372,107.666016,7.594123,0.032708,1
6092,70.727982,129.199219,5.073203,0.032352,1
6093,70.739592,107.666016,9.091480,0.033035,1
6094,70.751202,107.666016,8.535366,0.039584,1
6095,70.762812,732.128906,7.384579,0.045999,1
6096,70.774422,732.128906,9.619114,0.050863,1
6097,70.786032,732.128906,12.481597,0.056469,1
6098,70.797642,732.128906,12.667091,0.056417,1
6099,70.809252,732.128906,14.602445,0.057659,1
6100,70.820862,732.128906,13.326510,0.055840,1
6101,70.832472,732.128906,10.302972,0.051703,1
6102,70.844082,732.128906,11.750730,0.047678,1
6103,70.855692,732.128906,8.000111,0.040316,1
6104,70.867302,,1.275095,0.057935,0
6105,70.878912,,1.047538,0.091498,0
6106,70.890522,,0.642846,0.100069,0
6107,70.902132,,0.647247,0.109959,0
6108,70.913741,129.199219,11.122602,0.109653,1
6109,70.925351,150.732422,9.838393,0.093676,1
6110,70.936961,129.199219,11.638181,0.090259,1
6111,70.948571,,1.596295,0.081266,0
6112,70.960181,,2.991782,0.072104,0
6113,70.971791,107.666016,7.052199,0.058077,1
6114,70.983401,,0.899964,0.048892,0
6115,70.995011,107.666016,8.369813,0.044818,1
6116,71.006621,107.666016,5.235078,0.038920,1
6117,71.018231,107.666016,4.501084,0.039701,1
6118,71.029841,,2.760461,0.041909,0
6119,71.041451,172.265625,3.932465,0.045414,1
6120,71.053061,172.265625,4.183629,0.050627,1
6121,71.064671,732.128906,18.064369,0.056207,1
6122,71.076281,732.128906,12.809995,0.059543,1
6123,71.087891,732.128906,17.173523,0.062400,1
6124,71.099501,732.128906,19.847881,0.062825,1
6125,71.111111,732.128906,21.351393,0.059656,1
6126,71.122721,732.128906,26.742380,0.055072,1
6127,71.134331,732.128906,18.707009,0.050547,1
6128,71.145941,732.128906,13.000629,0.044005,1
6129,71.157551,732.128906,8.401554,0.040950,1
6130,71.169161,732.128906,10.434639,0.042101,1
6131,71.180771,732.128906,18.522379,0.042767,1
6132,71.192381,732.128906,18.548918,0.046684,1
6133,71.203991,732.128906,19.499198,0.048462,1
6134,71.215601,732.128906,18.398407,0.047991,1
6135,71.227211,732.128906,18.548293,0.046489,1
6136,71.238821,732.128906,17.867124,0.043030,1
6137,71.250431,732.128906,14.775586,0.040477,1
6138,71.262041,732.128906,11.584049,0.038292,1
6139,71.273651,732.128906,10.481809,0.034187,1
6140,71.285261,732.128906,12.170584,0.031671,1
6141,71.296871,732.128906,12.353430,0.027439,1
6142,71.308481,107.666016,3.304451,0.025633,1
6143,71.320091,129.199219,9.971983,0.025235,1
6144,71.331701,129.199219,10.478908,0.027054,1
6145,71.343311,129.199219,13.589994,0.030350,1
6146,71.354921,732.128906,12.377048,0.034629,1
6147,71.366531,732.128906,8.280179,0.047614,1
6148,71.378141,322.998047,3.184556,0.058097,1
6149,71.389751,,1.725879,0.066594,0
6150,71.401361,,2.381664,0.077096,0
6151,71.412971,,1.094112,0.080012,0
6152,71.424580,,2.046060,0.080264,0
6153,71.436190,107.666016,3.748137,0.079181,1
6154,71.447800,322.998047,6.668185,0.070338,1
6155,71.459410,322.998047,3.926229,0.065931,1
6156,71.471020,129.199219,3.417837,0.063656,1
6157,71.482630,322.998047,3.848973,0.064311,1
6158,71.494240,322.998047,4.087042,0.067891,1
6159,71.505850,322.998047,4.457828,0.066701,1
6160,71.517460,667.529297,4.851912,0.067362,1
6161,71.529070,,0.773745,0.065406,0
6162,71.540680,645.996094,4.106760,0.063019,1
6163,71.552290,322.998047,4.894232,0.061556,1
6164,71.563900,322.998047,4.509197,0.057296,1
6165,71.575510,,0.461934,0.053859,0
6166,71.587120,,0.366716,0.052938,0
6167,71.598730,,1.003936,0.052854,0
6168,71.610340,322.998047,6.011736,0.056794,1
6169,71.621950,,1.363297,0.065663,0
6170,71.633560,,2.562464,0.074983,0
6171,71.645170,,2.567920,0.076048,0
6172,71.656780,,2.813505,0.073901,0
6173,71.668390,,0.679441,0.068954,0
6174,71.680000,,1.361505,0.060068,0
6175,71.691610,,0.709861,0.059755,0
6176,71.703220,,0.802128,0.061915,0
6177,71.714830,,0.612440,0.059890,0
6178,71.726440,,0.602410,0.060420,0
6179,71.738050,,0.617149,0.060791,0
6180,71.749660,,0.368876,0.057476,0
6181,71.761270,,0.680326,0.060903,0
6182,71.772880,,0.824675,0.060589,0
6183,71.784490,,0.856138,0.058775,0
6184,71.796100,,1.243921,0.062617,0
6185,71.807710,,1.121427,0.062236,0
6186,71.819320,,0.639759,0.060850,0
6187,71.830930,,2.226070,0.065465,0
6188,71.842540,,0.786575,0.060360,0
6189,71.854150,,1.329747,0.056876,0
6190,71.865760,,1.337225,0.054711,0
6191,71.877370,,0.594934,0.048665,0
6192,71.888980,,0.831985,0.049552,0
6193,71.900590,,2.828913,0.046291,0
6194,71.912200,,0.291995,0.065915,0
6195,71.923810,,0.489422,0.088042,0
6196,71.935420,,0.700155,0.098122,0
6197,71.947029,,0.652704,0.111342,0
6198,71.958639,215.332031,3.103857,0.106202,1
6199,71.970249,129.199219,8.610239,0.095730,1
6200,71.981859,129.199219,7.277282,0.087546,1
6201,71.993469,129.199219,5.685471,0.073164,1
6202,72.005079,,2.205227,0.071371,0
6203,72.016689,129.199219,3.029416,0.062963,1
6204,72.028299,,2.915233,0.062871,0
6205,72.039909,,2.006983,0.060489,0
6206,72.051519,,1.892193,0.060248,0
6207,72.063129,,1.051999,0.058236,0
6208,72.074739,,1.308010,0.057580,0
6209,72.086349,,2.115265,0.059539,0
6210,72.097959,818.261719,7.043595,0.055200,1
6211,72.109569,,1.336452,0.059507,0
6212,72.121179,129.199219,4.211248,0.058421,1
6213,72.132789,129.199219,4.274044,0.057249,1
6214,72.144399,,2.427657,0.058101,0
6215,72.156009,,0.724638,0.055550,0
6216,72.167619,,0.833182,0.053592,0
6217,72.179229,,1.251693,0.051921,0
6218,72.190839,,1.160727,0.051292,0
6219,72.202449,,1.050875,0.047133,0
6220,72.214059,129.199219,4.271950,0.045018,1
6221,72.225669,,1.000000,0.050467,0
6222,72.237279,129.199219,4.654646,0.054754,1
6223,72.248889,129.199219,3.759004,0.057989,1
6224,72.260499,129.199219,5.103862,0.062498,1
6225,72.272109,129.199219,4.707445,0.065417,1
6226,72.283719,129.199219,3.657485,0.065252,1
6227,72.295329,129.199219,4.276381,0.066742,1
6228,72.306939,129.199219,4.692283,0.065813,1
6229,72.318549,129.199219,4.700254,0.062154,1
6230,72.330159,150.732422,4.655934,0.060263,1
6231,72.341769,150.732422,8.055788,0.060456,1
6232,72.353379,129.199219,7.053090,0.062023,1
6233,72.364989,279.931641,12.796906,0.063796,1
6234,72.376599,129.199219,5.888755,0.066327,1
6235,72.388209,129.199219,5.911638,0.069114,1
6236,72.399819,129.199219,5.607040,0.071506,1
6237,72.411429,129.199219,6.151127,0.071507,1
6238,72.423039,,1.775214,0.068369,0
6239,72.434649,,2.316134,0.066723,0
6240,72.446259,,0.730845,0.062793,0
6241,72.457868,193.798828,4.544900,0.069907,1
6242,72.469478,,1.533053,0.074680,0
6243,72.481088,,2.890472,0.083406,0
6244,72.492698,,2.969145,0.087752,0
6245,72.504308,,2.547297,0.081826,0
6246,72.515918,,0.938187,0.075484,0
6247,72.527528,,0.960933,0.063053,0
6248,72.539138,,1.000000,0.056208,0
6249,72.550748,,1.331132,0.052613,0
6250,72.562358,,1.203372,0.053838,0
6251,72.573968,,1.416405,0.051944,0
6252,72.585578,279.931641,8.800389,0.050964,1
6253,72.597188,,2.027909,0.049160,0
6254,72.608798,279.931641,10.628514,0.047120,1
6255,72.620408,279.931641,10.805946,0.047200,1
6256,72.632018,,2.551505,0.049885,0
6257,72.643628,,2.156944,0.063501,0
6258,72.655238,215.332031,15.955744,0.087946,1
6259,72.666848,215.332031,19.020426,0.104328,1
6260,72.678458,,1.722751,0.115821,0
6261,72.690068,,1.985250,0.125975,0
6262,72.701678,,1.972813,0.128315,0
6263,72.713288,279.931641,24.407291,0.126606,1
6264,72.724898,279.931641,28.528758,0.124374,1
6265,72.736508,,1.399872,0.117613,0
6266,72.748118,,1.941822,0.106906,0
6267,72.759728,,1.804781,0.105473,0
6268,72.771338,,1.569516,0.104682,0
6269,72.782948,,2.383030,0.101651,0
6270,72.794558,,1.431987,0.101643,0
6271,72.806168,,1.973116,0.100837,0
6272,72.817778,258.398438,23.850453,0.102857,1
6273,72.829388,,1.761956,0.101369,0
6274,72.840998,279.931641,20.864322,0.100875,1
6275,72.852608,279.931641,10.285361,0.099537,1
6276,72.864218,581.396484,14.059932,0.101194,1
6277,72.875828,,1.105413,0.109423,0
6278,72.887438,,0.767435,0.117647,0
6279,72.899048,279.931641,8.687699,0.125445,1
6280,72.910658,279.931641,5.069638,0.128114,1
6281,72.922268,559.863281,35.815277,0.126844,1
6282,72.933878,193.798828,5.664469,0.122284,1
6283,72.945488,279.931641,8.217932,0.114663,1
6284,72.957098,279.931641,7.774386,0.107305,1
6285,72.968707,279.931641,6.447548,0.110882,1
6286,72.980317,,0.712261,0.110472,0
6287,72.991927,129.199219,3.444484,0.114730,1
6288,73.003537,129.199219,8.750276,0.115557,1
6289,73.015147,129.199219,10.987325,0.104538,1
6290,73.026757,129.199219,11.997326,0.095620,1
6291,73.038367,107.666016,6.044104,0.078828,1
6292,73.049977,258.398438,3.061743,0.065586,1
6293,73.061587,258.398438,3.573606,0.055013,1
6294,73.073197,,1.195484,0.047156,0
6295,73.084807,236.865234,3.231139,0.046604,1
6296,73.096417,172.265625,3.721578,0.046496,1
6297,73.108027,,2.718299,0.050871,0
6298,73.119637,236.865234,3.533956,0.053283,1
6299,73.131247,236.865234,9.783773,0.055198,1
6300,73.142857,,2.178899,0.052243,0
6301,73.154467,107.666016,3.399582,0.049881,1
6302,73.166077,,1.722558,0.049305,0
6303,73.177687,,1.663356,0.047827,0
6304,73.189297,,1.633272,0.046834,0
6305,73.200907,,1.960455,0.043929,0
6306,73.212517,86.132812,3.567117,0.041593,1
6307,73.224127,,2.632871,0.038789,0
6308,73.235737,,2.504104,0.041554,0
6309,73.247347,,2.403160,0.044028,0
6310,73.258957,,1.460253,0.048421,0
6311,73.270567,,2.991307,0.052075,0
6312,73.282177,193.798828,3.075409,0.050870,1
6313,73.293787,,2.922978,0.049659,0
6314,73.305397,,1.000000,0.048384,0
6315,73.317007,,2.534280,0.052237,0
6316,73.328617,,2.450535,0.057389,0
6317,73.340227,129.199219,3.153091,0.059978,1
6318,73.351837,129.199219,4.013474,0.058717,1
6319,73.363447,129.199219,3.660465,0.052630,1
6320,73.375057,129.199219,3.607053,0.047010,1
6321,73.386667,129.199219,5.267882,0.043605,1
6322,73.398277,882.861328,9.180539,0.044952,1
6323,73.409887,129.199219,4.823749,0.049625,1
6324,73.421497,129.199219,4.715469,0.054326,1
6325,73.433107,129.199219,4.800128,0.057069,1
6326,73.444717,129.199219,5.210740,0.061975,1
6327,73.456327,279.931641,8.234957,0.067246,1
6328,73.467937,129.199219,5.913659,0.074036,1
6329,73.479546,129.199219,5.307149,0.079787,1
6330,73.491156,129.199219,5.230287,0.083660,1
6331,73.502766,129.199219,6.615804,0.082111,1
6332,73.514376,,0.576937,0.084830,0
6333,73.525986,,1.270447,0.083507,0
6334,73.537596,,2.474854,0.080358,0
6335,73.549206,86.132812,3.684786,0.080872,1
6336,73.560816,,0.752859,0.070709,0
6337,73.572426,150.732422,9.122948,0.070685,1
6338,73.584036,,2.800696,0.072894,0
6339,73.595646,150.732422,3.562901,0.070085,1
6340,73.607256,279.931641,14.055886,0.070200,1
6341,73.618866,279.931641,21.032381,0.066004,1
6342,73.630476,279.931641,19.450027,0.066070,1
6343,73.642086,,0.723419,0.067453,0
6344,73.653696,258.398438,40.391861,0.072790,1
6345,73.665306,258.398438,39.682294,0.074645,1
6346,73.676916,258.398438,28.604376,0.070769,1
6347,73.688526,258.398438,23.045436,0.073222,1
6348,73.700136,258.398438,18.627746,0.075263,1
6349,73.711746,258.398438,28.401040,0.078374,1
6350,73.723356,258.398438,25.905874,0.073320,1
6351,73.734966,,1.850216,0.068087,0
6352,73.746576,215.332031,12.659585,0.058173,1
6353,73.758186,,1.655408,0.045390,0
6354,73.769796,,2.409345,0.049063,0
6355,73.781406,129.199219,4.895772,0.046483,1
6356,73.793016,129.199219,4.864124,0.051110,1
6357,73.804626,86.132812,3.739635,0.052963,1
6358,73.816236,,1.544052,0.051334,0
6359,73.827846,172.265625,7.127952,0.052463,1
6360,73.839456,172.265625,5.244853,0.050236,1
6361,73.851066,,1.541839,0.074861,0
6362,73.862676,172.265625,6.618106,0.097089,1
6363,73.874286,,0.392931,0.111618,0
6364,73.885896,,0.515345,0.123642,0
6365,73.897506,301.464844,38.293633,0.119230,1
6366,73.909116,172.265625,7.653240,0.107331,1
6367,73.920726,,1.294618,0.094209,0
6368,73.932336,,1.903928,0.079824,0
6369,73.943946,279.931641,14.243303,0.075336,1
6370,73.955556,279.931641,17.155171,0.078900,1
6371,73.967166,279.931641,13.846799,0.088671,1
6372,73.978776,279.931641,11.440792,0.098224,1
6373,73.990385,279.931641,18.026230,0.107006,1
6374,74.001995,279.931641,20.617116,0.106441,1
6375,74.013605,,0.947724,0.103227,0
6376,74.025215,172.265625,5.866925,0.116143,1
6377,74.036825,,0.455380,0.109010,0
6378,74.048435,,0.938922,0.120050,0
6379,74.060045,129.199219,13.202041,0.120802,1
6380,74.071655,129.199219,14.856255,0.101748,1
6381,74.083265,129.199219,9.301766,0.101269,1
6382,74.094875,129.199219,7.757626,0.082623,1
6383,74.106485,129.199219,6.553823,0.075815,1
6384,74.118095,107.666016,7.063691,0.070192,1
6385,74.129705,150.732422,3.650180,0.065753,1
6386,74.141315,129.199219,5.208886,0.067555,1
6387,74.152925,279.931641,9.955796,0.070681,1
6388,74.164535,279.931641,7.446708,0.075695,1
6389,74.176145,279.931641,4.598924,0.072333,1
6390,74.187755,193.798828,6.781925,0.068704,1
6391,74.199365,258.398438,10.944292,0.064215,1
6392,74.210975,258.398438,15.841386,0.064842,1
6393,74.222585,,0.839886,0.070622,0
6394,74.234195,,1.054801,0.077548,0
6395,74.245805,753.662109,19.360398,0.088881,1
6396,74.257415,753.662109,25.574931,0.099436,1
6397,74.269025,193.798828,4.765284,0.118886,1
6398,74.280635,193.798828,4.730905,0.133258,1
6399,74.292245,172.265625,3.653535,0.135731,1
6400,74.303855,172.265625,3.327149,0.129661,1
6401,74.315465,710.595703,17.827184,0.111093,1
6402,74.327075,710.595703,11.291861,0.085992,1
6403,74.338685,172.265625,3.972074,0.066968,1
6404,74.350295,215.332031,5.209494,0.056585,1
6405,74.361905,215.332031,7.096643,0.049345,1
6406,74.373515,172.265625,5.674750,0.045959,1
6407,74.385125,172.265625,5.964771,0.043059,1
6408,74.396735,882.861328,6.886960,0.042877,1
6409,74.408345,172.265625,3.960946,0.041902,1
6410,74.419955,172.265625,3.615570,0.044731,1
6411,74.431565,,2.230933,0.049008,0
6412,74.443175,,2.226134,0.070095,0
6413,74.454785,,2.641050,0.085778,0
6414,74.466395,,2.290732,0.094152,0
6415,74.478005,,2.715367,0.100536,0
6416,74.489615,301.464844,13.937576,0.093389,1
6417,74.501224,301.464844,11.831688,0.086199,1
6418,74.512834,301.464844,8.094823,0.085064,1
6419,74.524444,279.931641,3.659582,0.083996,1
6420,74.536054,,1.205026,0.085308,0
6421,74.547664,861.328125,15.015614,0.092539,1
6422,74.559274,861.328125,18.064977,0.104328,1
6423,74.570884,861.328125,14.165567,0.110461,1
6424,74.582494,861.328125,15.715692,0.118559,1
6425,74.594104,861.328125,21.555164,0.121000,1
6426,74.605714,861.328125,19.480746,0.112508,1
6427,74.617324,861.328125,16.383683,0.107926,1
6428,74.628934,,2.195611,0.099080,0
6429,74.640544,,2.055712,0.085517,0
6430,74.652154,818.261719,13.273742,0.078809,1
6431,74.663764,818.261719,10.122408,0.069819,1
6432,74.675374,,2.078862,0.060301,0
6433,74.686984,279.931641,3.132798,0.057022,1
6434,74.698594,279.931641,5.347843,0.051780,1
6435,74.710204,279.931641,4.069271,0.047259,1
6436,74.721814,279.931641,4.437795,0.044394,1
6437,74.733424,279.931641,6.124391,0.047979,1
6438,74.745034,279.931641,8.365294,0.059857,1
6439,74.756644,279.931641,6.563284,0.067597,1
6440,74.768254,279.931641,6.390276,0.075440,1
6441,74.779864,279.931641,5.860872,0.078584,1
6442,74.791474,279.931641,7.096916,0.076664,1
6443,74.803084,559.863281,22.607539,0.076294,1
6444,74.814694,559.863281,27.724581,0.075748,1
6445,74.826304,559.863281,20.356007,0.076131,1
6446,74.837914,279.931641,3.575202,0.075369,1
6447,74.849524,279.931641,5.549071,0.073286,1
6448,74.861134,559.863281,15.040781,0.066485,1
6449,74.872744,279.931641,3.101753,0.059140,1
6450,74.884354,,0.600394,0.053217,0
6451,74.895964,172.265625,3.515173,0.047269,1
6452,74.907574,,2.894128,0.044978,0
6453,74.919184,129.199219,3.094321,0.041676,1
6454,74.930794,279.931641,4.136216,0.037225,1
6455,74.942404,279.931641,3.704047,0.035982,1
6456,74.954014,193.798828,3.656060,0.034684,1
6457,74.965624,,2.881459,0.035365,0
6458,74.977234,279.931641,3.647381,0.034328,1
6459,74.988844,,2.841766,0.034572,0
6460,75.000454,,2.672341,0.036732,0
6461,75.012063,,2.752291,0.037001,0
6462,75.023673,,2.272734,0.037881,0
6463,75.035283,129.199219,4.708613,0.047171,1
6464,75.046893,,2.314408,0.060870,0
6465,75.058503,129.199219,3.309140,0.068815,1
6466,75.070113,107.666016,6.136666,0.090811,1
6467,75.081723,,1.000000,0.097878,0
6468,75.093333,,0.786469,0.099223,0
6469,75.104943,,0.545718,0.103689,0
6470,75.116553,129.199219,11.860434,0.092045,1
6471,75.128163,129.199219,14.846932,0.088135,1
6472,75.139773,129.199219,9.150299,0.081336,1
6473,75.151383,129.199219,12.426760,0.072563,1
6474,75.162993,129.199219,7.241648,0.069159,1
6475,75.174603,129.199219,4.905928,0.068058,1
6476,75.186213,129.199219,4.267317,0.072168,1
6477,75.197823,279.931641,22.341803,0.071864,1
6478,75.209433,279.931641,16.867799,0.067791,1
6479,75.221043,107.666016,4.877252,0.057738,1
6480,75.232653,,2.078080,0.046457,0
6481,75.244263,559.863281,7.515126,0.039836,1
6482,75.255873,559.863281,4.061448,0.048619,1
6483,75.267483,,2.506788,0.062982,0
6484,75.279093,279.931641,19.441604,0.070024,1
6485,75.290703,279.931641,32.400035,0.076877,1
6486,75.302313,279.931641,19.452611,0.077012,1
6487,75.313923,279.931641,17.306320,0.068244,1
6488,75.325533,236.865234,12.046119,0.072081,1
6489,75.337143,215.332031,13.921320,0.072279,1
6490,75.348753,215.332031,5.354055,0.081707,1
6491,75.360363,,1.000000,0.097138,0
6492,75.371973,258.398438,29.245429,0.099328,1
6493,75.383583,258.398438,36.667705,0.107096,1
6494,75.395193,258.398438,39.353151,0.106078,1
6495,75.406803,258.398438,52.979170,0.095576,1
6496,75.418413,258.398438,32.806825,0.088761,1
6497,75.430023,258.398438,30.731744,0.078088,1
6498,75.441633,258.398438,26.688628,0.065313,1
6499,75.453243,258.398438,23.766104,0.063243,1
6500,75.464853,129.199219,3.448788,0.066136,1
6501,75.476463,279.931641,21.575808,0.063719,1
6502,75.488073,279.931641,21.239686,0.067716,1
6503,75.499683,301.464844,15.610875,0.064470,1
6504,75.511293,301.464844,12.423845,0.066442,1
6505,75.522902,301.464844,8.784119,0.071699,1
6506,75.534512,301.464844,10.648275,0.079354,1
6507,75.546122,279.931641,5.441698,0.091831,1
6508,75.557732,,1.675991,0.093066,0
6509,75.569342,279.931641,3.367001,0.095349,1
6510,75.580952,279.931641,5.742875,0.094932,1
6511,75.592562,279.931641,6.158357,0.092628,1
6512,75.604172,,2.268083,0.093469,0
6513,75.615782,,1.268319,0.095163,0
6514,75.627392,,1.689637,0.091984,0
6515,75.639002,,2.116380,0.087591,0
6516,75.650612,172.265625,3.777639,0.081373,1
6517,75.662222,,1.624320,0.073517,0
6518,75.673832,,2.888767,0.069143,0
6519,75.685442,,1.865740,0.066221,0
6520,75.697052,,0.755750,0.063805,0
6521,75.708662,,1.120201,0.061800,0
6522,75.720272,258.398438,3.188012,0.057382,1
6523,75.731882,,0.990717,0.053273,0
6524,75.743492,258.398438,9.154306,0.052188,1
6525,75.755102,258.398438,12.768707,0.049483,1
6526,75.766712,258.398438,9.980299,0.050085,1
6527,75.778322,,0.308620,0.048097,0
6528,75.789932,,0.942372,0.044708,0
6529,75.801542,,1.910821,0.041958,0
6530,75.813152,258.398438,11.037073,0.038995,1
6531,75.824762,129.199219,3.224251,0.041937,1
6532,75.836372,,1.963593,0.048466,0
6533,75.847982,,1.652519,0.054706,0
6534,75.859592,,1.506122,0.057086,0
6535,75.871202,,1.533743,0.060623,0
6536,75.882812,129.199219,4.162948,0.063071,1
6537,75.894422,,2.018348,0.065476,0
6538,75.906032,,1.455455,0.063483,0
6539,75.917642,,1.782767,0.064273,0
6540,75.929252,129.199219,3.500577,0.066661,1
6541,75.940862,129.199219,4.498573,0.072991,1
6542,75.952472,129.199219,5.877036,0.083444,1
6543,75.964082,129.199219,7.361848,0.086000,1
6544,75.975692,129.199219,4.360284,0.086248,1
6545,75.987302,129.199219,4.513431,0.081534,1
6546,75.998912,129.199219,4.138409,0.078213,1
6547,76.010522,129.199219,4.387552,0.075067,1
6548,76.022132,129.199219,4.056632,0.071157,1
6549,76.033741,129.199219,5.189218,0.069487,1
6550,76.045351,129.199219,4.454410,0.067544,1
6551,76.056961,129.199219,3.404787,0.069888,1
6552,76.068571,129.199219,3.366853,0.070626,1
6553,76.080181,129.199219,4.359093,0.067312,1
6554,76.091791,129.199219,5.001614,0.063352,1
6555,76.103401,129.199219,3.990930,0.066983,1
6556,76.115011,129.199219,4.110092,0.082140,1
6557,76.126621,129.199219,4.970734,0.091406,1
6558,76.138231,129.199219,5.621985,0.103111,1
6559,76.149841,129.199219,9.480997,0.097740,1
6560,76.161451,129.199219,8.948653,0.087128,1
6561,76.173061,129.199219,8.561115,0.078377,1
6562,76.184671,129.199219,7.798671,0.060856,1
6563,76.196281,236.865234,6.159735,0.062090,1
6564,76.207891,236.865234,6.245488,0.058942,1
6565,76.219501,236.865234,4.475660,0.057804,1
6566,76.231111,236.865234,6.418750,0.058426,1
6567,76.242721,236.865234,6.301965,0.054041,1
6568,76.254331,129.199219,3.552992,0.047949,1
6569,76.265941,,2.493376,0.047377,0
6570,76.277551,215.332031,13.407715,0.045197,1
6571,76.289161,,0.917522,0.042216,0
6572,76.300771,,1.000000,0.041321,0
6573,76.312381,,0.622284,0.037282,0
6574,76.323991,,1.383611,0.036802,0
6575,76.335601,236.865234,9.140998,0.038194,1
6576,76.347211,990.527344,12.538099,0.042086,1
6577,76.358821,990.527344,10.852347,0.042258,1
6578,76.370431,193.798828,7.036201,0.053465,1
6579,76.382041,,0.923997,0.057713,0
6580,76.393651,,1.421741,0.059882,0
6581,76.405261,215.332031,21.064924,0.067520,1
6582,76.416871,215.332031,21.196982,0.062211,1
6583,76.428481,,0.817972,0.064120,0
6584,76.440091,,1.000000,0.068927,0
6585,76.451701,236.865234,20.850724,0.071255,1
6586,76.463311,236.865234,17.560119,0.076722,1
6587,76.474921,236.865234,20.082795,0.078732,1
6588,76.486531,236.865234,15.008860,0.074680,1
6589,76.498141,,0.693947,0.069198,0
6590,76.509751,,1.064860,0.062712,0
6591,76.521361,,2.465073,0.063096,0
6592,76.532971,258.398438,19.047567,0.067452,1
6593,76.544580,,0.703729,0.070562,0
6594,76.556190,,1.457139,0.080526,0
6595,76.567800,,1.641715,0.080676,0
6596,76.579410,172.265625,3.932360,0.079867,1
6597,76.591020,538.330078,29.464613,0.080136,1
6598,76.602630,538.330078,18.256561,0.075795,1
6599,76.614240,538.330078,13.368066,0.077952,1
6600,76.625850,279.931641,5.582676,0.076614,1
6601,76.637460,258.398438,4.849011,0.072082,1
6602,76.649070,193.798828,4.359802,0.070374,1
6603,76.660680,193.798828,5.931659,0.073580,1
6604,76.672290,,2.366390,0.081847,0
6605,76.683900,,2.446144,0.090167,0
6606,76.695510,,1.493967,0.092511,0
6607,76.707120,,1.000000,0.085579,0
6608,76.718730,215.332031,4.080426,0.080856,1
6609,76.730340,215.332031,4.258751,0.085034,1
6610,76.741950,,0.479241,0.086560,0
6611,76.753560,172.265625,5.256665,0.088101,1
6612,76.765170,172.265625,6.576705,0.087110,1
6613,76.776780,172.265625,7.129509,0.081663,1
6614,76.788390,172.265625,9.048066,0.079754,1
6615,76.800000,172.265625,9.527053,0.083176,1
6616,76.811610,172.265625,12.644837,0.086028,1
6617,76.823220,172.265625,17.007066,0.091099,1
6618,76.834830,172.265625,22.245966,0.101424,1
6619,76.846440,172.265625,21.986013,0.103940,1
6620,76.858050,,1.509901,0.106586,0
6621,76.869660,,1.362686,0.103190,0
6622,76.881270,,2.071297,0.095036,0
6623,76.892880,,1.484043,0.091660,0
6624,76.904490,193.798828,21.122512,0.088482,1
6625,76.916100,172.265625,15.392018,0.087235,1
6626,76.927710,,1.362772,0.087459,0
6627,76.939320,172.265625,18.296314,0.088381,1
6628,76.950930,,1.230064,0.088498,0
6629,76.962540,172.265625,20.164548,0.086299,1
6630,76.974150,172.265625,16.553709,0.077222,1
6631,76.985760,279.931641,4.015514,0.068408,1
6632,76.997370,172.265625,16.986402,0.059307,1
6633,77.008980,172.265625,16.845387,0.053095,1
6634,77.020590,172.265625,18.275323,0.054697,1
6635,77.032200,172.265625,20.071386,0.055394,1
6636,77.043810,172.265625,18.723210,0.056895,1
6637,77.055420,,1.467228,0.056474,0
6638,77.067029,,1.509929,0.056013,0
6639,77.078639,172.265625,12.307864,0.055669,1
6640,77.090249,172.265625,11.241810,0.053889,1
6641,77.101859,172.265625,11.007875,0.051469,1
6642,77.113469,,1.642715,0.048096,0
6643,77.125079,,1.482797,0.047385,0
6644,77.136689,,1.934087,0.048947,0
6645,77.148299,,2.141432,0.054439,0
6646,77.159909,,1.822277,0.092577,0
6647,77.171519,,0.912123,0.105193,0
6648,77.183129,,0.792228,0.120401,0
6649,77.194739,,0.468453,0.133136,0
6650,77.206349,172.265625,13.066818,0.121720,1
6651,77.217959,172.265625,13.099984,0.118551,1
6652,77.229569,172.265625,11.940946,0.109413,1
6653,77.241179,172.265625,12.907890,0.094248,1
6654,77.252789,,1.125503,0.089209,0
6655,77.264399,172.265625,15.753412,0.087011,1
6656,77.276009,129.199219,6.149134,0.085382,1
6657,77.287619,,1.156704,0.093424,0
6658,77.299229,,1.100091,0.093133,0
6659,77.310839,193.798828,21.517723,0.095435,1
6660,77.322449,,1.863054,0.093775,0
6661,77.334059,172.265625,27.682327,0.087545,1
6662,77.345669,,2.468055,0.087393,0
6663,77.357279,172.265625,19.001135,0.088285,1
6664,77.368889,,1.379119,0.096751,0
6665,77.380499,,1.967194,0.105840,0
6666,77.392109,,1.999466,0.113725,0
6667,77.403719,,2.180048,0.115084,0
6668,77.415329,,2.423806,0.113819,0
6669,77.426939,,2.353315,0.108443,0
6670,77.438549,,1.857071,0.098248,0
6671,77.450159,,1.570763,0.089517,0
6672,77.461769,,1.111343,0.080895,0
6673,77.473379,172.265625,13.079807,0.073167,1
6674,77.484989,172.265625,9.111736,0.066307,1
6675,77.496599,172.265625,7.854327,0.064032,1
6676,77.508209,172.265625,7.541997,0.060344,1
6677,77.519819,172.265625,7.300020,0.058008,1
6678,77.531429,172.265625,8.654064,0.055402,1
6679,77.543039,172.265625,8.514340,0.048434,1
6680,77.554649,172.265625,7.557531,0.042937,1
6681,77.566259,,0.542271,0.037276,0
6682,77.577868,172.265625,4.760327,0.036040,1
6683,77.589478,172.265625,6.846984,0.036012,1
6684,77.601088,129.199219,7.862846,0.032902,1
6685,77.612698,279.931641,4.740679,0.036634,1
6686,77.624308,279.931641,4.198305,0.037781,1
6687,77.635918,129.199219,5.458192,0.041535,1
6688,77.647528,279.931641,3.184713,0.043075,1
6689,77.659138,279.931641,4.624898,0.041984,1
6690,77.670748,279.931641,3.387889,0.039961,1
6691,77.682358,279.931641,4.855869,0.043814,1
6692,77.693968,279.931641,5.085950,0.050756,1
6693,77.705578,279.931641,4.537600,0.057828,1
6694,77.717188,107.666016,4.465670,0.062888,1
6695,77.728798,86.132812,3.510333,0.067178,1
6696,77.740408,,2.357542,0.065956,0
6697,77.752018,,1.000000,0.064259,0
6698,77.763628,215.332031,4.633914,0.065919,1
6699,77.775238,215.332031,4.266360,0.065017,1
6700,77.786848,,0.816421,0.067380,0
6701,77.798458,279.931641,6.026862,0.068920,1
6702,77.810068,,1.000000,0.066927,0
6703,77.821678,279.931641,5.140423,0.061269,1
6704,77.833288,279.931641,5.253723,0.055870,1
6705,77.844898,279.931641,4.882295,0.049382,1
6706,77.856508,279.931641,4.917457,0.044398,1
6707,77.868118,279.931641,5.092973,0.042771,1
6708,77.879728,279.931641,6.174439,0.041596,1
6709,77.891338,279.931641,4.557484,0.041819,1
6710,77.902948,,1.693850,0.044285,0
6711,77.914558,,1.569937,0.046290,0
6712,77.926168,215.332031,3.516559,0.046768,1
6713,77.937778,172.265625,4.295168,0.048508,1
6714,77.949388,,2.524572,0.057649,0
6715,77.960998,172.265625,3.806553,0.062167,1
6716,77.972608,172.265625,3.749809,0.067066,1
6717,77.984218,,1.087450,0.068023,0
6718,77.995828,,1.378433,0.062528,0
6719,78.007438,,1.000000,0.061874,0
6720,78.019048,,1.163354,0.062454,0
6721,78.030658,172.265625,4.562911,0.069488,1
6722,78.042268,322.998047,12.337562,0.071329,1
6723,78.053878,,1.797186,0.074940,0
6724,78.065488,,2.033800,0.078750,0
6725,78.077098,,2.035244,0.078873,0
6726,78.088707,172.265625,3.456852,0.085859,1
6727,78.100317,,2.780839,0.086072,0
6728,78.111927,,2.180183,0.087519,0
6729,78.123537,172.265625,3.989958,0.087278,1
6730,78.135147,172.265625,5.857607,0.085329,1
6731,78.146757,495.263672,3.093043,0.085225,1
6732,78.158367,495.263672,3.613146,0.084147,1
6733,78.169977,,2.240528,0.083483,0
6734,78.181587,,2.549863,0.078171,0
6735,78.193197,,1.625893,0.081353,0
6736,78.204807,172.265625,3.396209,0.097783,1
6737,78.216417,,0.498973,0.110165,0
6738,78.228027,172.265625,7.412244,0.122348,1
6739,78.239637,172.265625,4.421573,0.127865,1
6740,78.251247,129.199219,3.682457,0.127589,1
6741,78.262857,,2.881225,0.127480,0
6742,78.274467,107.666016,3.496408,0.121835,1
6743,78.286077,,1.001948,0.114424,0
6744,78.297687,,0.754358,0.106333,0
6745,78.309297,,0.796295,0.102148,0
6746,78.320907,193.798828,13.673776,0.104169,1
6747,78.332517,193.798828,16.557046,0.109793,1
6748,78.344127,193.798828,19.948212,0.110721,1
6749,78.355737,193.798828,14.179844,0.110051,1
6750,78.367347,172.265625,13.133887,0.110048,1
6751,78.378957,193.798828,14.294987,0.111594,1
6752,78.390567,193.798828,17.547634,0.112038,1
6753,78.402177,193.798828,23.858473,0.112340,1
6754,78.413787,172.265625,20.914241,0.107641,1
6755,78.425397,,0.723633,0.094040,0
6756,78.437007,,0.799508,0.081847,0
6757,78.448617,172.265625,5.522428,0.073569,1
6758,78.460227,215.332031,3.535367,0.077568,1
6759,78.471837,215.332031,3.032997,0.092936,1
6760,78.483447,215.332031,8.332040,0.101496,1
6761,78.495057,215.332031,11.171587,0.111457,1
6762,78.506667,215.332031,13.400785,0.116678,1
6763,78.518277,215.332031,14.323419,0.125021,1
6764,78.529887,215.332031,13.311788,0.128097,1
6765,78.541497,215.332031,17.425839,0.130223,1
6766,78.553107,215.332031,20.337455,0.131107,1
6767,78.564717,215.332031,20.156319,0.123314,1
6768,78.576327,215.332031,21.912201,0.118571,1
6769,78.587937,215.332031,24.951657,0.111823,1
6770,78.599546,215.332031,24.741574,0.105493,1
6771,78.611156,215.332031,18.501337,0.100442,1
6772,78.622766,215.332031,17.189221,0.102137,1
6773,78.634376,215.332031,16.791000,0.093204,1
6774,78.645986,,0.439401,0.082510,0
6775,78.657596,215.332031,7.220588,0.073441,1
6776,78.669206,,1.164528,0.058259,0
6777,78.680816,,0.578650,0.051596,0
6778,78.692426,322.998047,5.570484,0.053545,1
6779,78.704036,,2.715363,0.056641,0
6780,78.715646,,1.871941,0.059492,0
6781,78.727256,322.998047,3.811276,0.069529,1
6782,78.738866,,0.792421,0.079058,0
6783,78.750476,,1.762879,0.077343,0
6784,78.762086,129.199219,5.431729,0.082451,1
6785,78.773696,,2.797150,0.086182,0
6786,78.785306,,2.633688,0.081502,0
6787,78.796916,,1.613046,0.083605,0
6788,78.808526,,0.774683,0.081737,0
6789,78.820136,,2.101475,0.073723,0
6790,78.831746,215.332031,5.399356,0.072603,1
6791,78.843356,,1.887056,0.077007,0
6792,78.854966,258.398438,16.502923,0.075243,1
6793,78.866576,258.398438,17.427761,0.075958,1
6794,78.878186,667.529297,3.189478,0.072077,1
6795,78.889796,,1.080452,0.066203,0
6796,78.901406,258.398438,5.377324,0.066914,1
6797,78.913016,258.398438,10.167673,0.072759,1
6798,78.924626,258.398438,16.225542,0.075275,1
6799,78.936236,,2.839307,0.077084,0
6800,78.947846,129.199219,4.224143,0.081163,1
6801,78.959456,107.666016,8.599453,0.077808,1
6802,78.971066,129.199219,5.273492,0.079865,1
6803,78.982676,129.199219,3.771515,0.081032,1
6804,78.994286,129.199219,3.414655,0.074714,1
6805,79.005896,258.398438,12.717661,0.075144,1
6806,79.017506,129.199219,3.623541,0.083925,1
6807,79.029116,258.398438,21.687614,0.086932,1
6808,79.040726,86.132812,3.128158,0.090340,1
6809,79.052336,129.199219,4.655810,0.101735,1
6810,79.063946,129.199219,4.135155,0.102507,1
6811,79.075556,129.199219,3.867764,0.105691,1
6812,79.087166,236.865234,20.812261,0.113918,1
6813,79.098776,236.865234,28.200703,0.108736,1
6814,79.110385,258.398438,33.849025,0.107979,1
6815,79.121995,129.199219,4.959449,0.107616,1
6816,79.133605,129.199219,5.792324,0.101449,1
6817,79.145215,,2.567839,0.099696,0
6818,79.156825,129.199219,3.471359,0.097055,1
6819,79.168435,129.199219,4.465261,0.099006,1
6820,79.180045,129.199219,4.174549,0.100085,1
6821,79.191655,129.199219,5.203039,0.097740,1
6822,79.203265,,2.121081,0.095543,0
6823,79.214875,129.199219,4.183624,0.087545,1
6824,79.226485,,1.170564,0.084410,0
6825,79.238095,107.666016,6.153927,0.092541,1
6826,79.249705,107.666016,5.324150,0.125701,1
6827,79.261315,,2.436824,0.127649,0
6828,79.272925,129.199219,4.894308,0.138077,1
6829,79.284535,107.666016,4.855916,0.139287,1
6830,79.296145,107.666016,7.567714,0.111004,1
6831,79.307755,107.666016,5.561535,0.113844,1
6832,79.319365,215.332031,17.041347,0.108518,1
6833,79.330975,215.332031,25.002477,0.099439,1
6834,79.342585,215.332031,23.743605,0.101156,1
6835,79.354195,215.332031,24.091068,0.099309,1
6836,79.365805,215.332031,27.199199,0.090803,1
6837,79.377415,215.332031,28.231626,0.092800,1
6838,79.389025,107.666016,3.787022,0.090480,1
6839,79.400635,107.666016,3.933001,0.090654,1
6840,79.412245,107.666016,3.758036,0.094240,1
6841,79.423855,215.332031,30.331541,0.100426,1
6842,79.435465,215.332031,41.577303,0.102230,1
6843,79.447075,215.332031,44.543639,0.100052,1
6844,79.458685,215.332031,34.262269,0.102868,1
6845,79.470295,215.332031,38.668321,0.097754,1
6846,79.481905,215.332031,29.311822,0.098129,1
6847,79.493515,215.332031,14.644470,0.095019,1
6848,79.505125,215.332031,7.947825,0.083493,1
6849,79.516735,,2.800952,0.081788,0
6850,79.528345,,0.961844,0.073361,0
6851,79.539955,,0.790121,0.073647,0
6852,79.551565,129.199219,7.238569,0.075333,1
6853,79.563175,129.199219,7.601117,0.070719,1
6854,79.574785,129.199219,5.317598,0.073277,1
6855,79.586395,129.199219,7.140321,0.072056,1
6856,79.598005,,1.658970,0.072115,0
6857,79.609615,129.199219,6.478097,0.075934,1
6858,79.621224,129.199219,8.307981,0.074779,1
6859,79.632834,129.199219,6.468210,0.077397,1
6860,79.644444,129.199219,8.180860,0.076708,1
6861,79.656054,129.199219,7.715035,0.069217,1
6862,79.667664,129.199219,7.993764,0.065323,1
6863,79.679274,129.199219,7.124523,0.058802,1
6864,79.690884,129.199219,7.093201,0.054452,1
6865,79.702494,495.263672,3.234049,0.058334,1
6866,79.714104,129.199219,6.077406,0.061350,1
6867,79.725714,129.199219,8.238051,0.062609,1
6868,79.737324,129.199219,8.154498,0.066597,1
6869,79.748934,129.199219,6.123902,0.068683,1
6870,79.760544,129.199219,8.421643,0.093232,1
6871,79.772154,129.199219,3.313424,0.109694,1
6872,79.783764,129.199219,4.487610,0.114673,1
6873,79.795374,,2.736411,0.117177,0
6874,79.806984,129.199219,8.988857,0.104147,1
6875,79.818594,129.199219,9.529997,0.094515,1
6876,79.830204,129.199219,6.650683,0.098449,1
6877,79.841814,129.199219,5.619448,0.101184,1
6878,79.853424,,1.734326,0.100570,0
6879,79.865034,,2.850085,0.100798,0
6880,79.876644,129.199219,4.397029,0.097493,1
6881,79.888254,,1.395962,0.094176,0
6882,79.899864,,2.056379,0.095972,0
6883,79.911474,,2.300019,0.092683,0
6884,79.923084,,2.851417,0.088865,0
6885,79.934694,,2.176008,0.085530,0
6886,79.946304,129.199219,3.885686,0.077807,1
6887,79.957914,258.398438,16.391817,0.073310,1
6888,79.969524,,2.988051,0.070548,0
6889,79.981134,258.398438,14.992493,0.070302,1
6890,79.992744,258.398438,17.904368,0.073367,1
6891,80.004354,258.398438,20.615075,0.076175,1
6892,80.015964,,2.450847,0.077079,0
6893,80.027574,258.398438,18.738824,0.073938,1
6894,80.039184,258.398438,12.534693,0.070800,1
6895,80.050794,,0.372882,0.067779,0
6896,80.062404,,0.746323,0.063400,0
6897,80.074014,,2.272673,0.065494,0
6898,80.085624,,1.731239,0.068166,0
6899,80.097234,,1.206742,0.068245,0
6900,80.108844,258.398438,13.299803,0.069380,1
6901,80.120454,,1.277916,0.067085,0
6902,80.132063,258.398438,10.394229,0.065089,1
6903,80.143673,258.398438,16.956077,0.073164,1
6904,80.155283,258.398438,17.321460,0.102074,1
6905,80.166893,129.199219,3.181876,0.116959,1
6906,80.178503,129.199219,8.396653,0.126483,1
6907,80.190113,129.199219,13.795515,0.122660,1
6908,80.201723,129.199219,10.856977,0.099688,1
6909,80.213333,129.199219,8.399067,0.081103,1
6910,80.224943,129.199219,6.554946,0.060729,1
6911,80.236553,129.199219,3.979820,0.055584,1
6912,80.248163,129.199219,5.023250,0.055682,1
6913,80.259773,129.199219,4.430403,0.062893,1
6914,80.271383,,2.404841,0.075712,0
6915,80.282993,,0.134217,0.083688,0
6916,80.294603,,2.852480,0.090496,0
6917,80.306213,129.199219,5.292081,0.098586,1
6918,80.317823,258.398438,10.070810,0.094376,1
6919,80.329433,129.199219,8.655272,0.091666,1
6920,80.341043,129.199219,7.447315,0.084569,1
6921,80.352653,,0.652408,0.070631,0
6922,80.364263,,2.659245,0.062217,0
6923,80.375873,,2.690863,0.055604,0
6924,80.387483,193.798828,3.465718,0.051469,1
6925,80.399093,,2.759590,0.049415,0
6926,80.410703,,1.989531,0.055357,0
6927,80.422313,258.398438,3.327539,0.056915,1
6928,80.433923,990.527344,9.711811,0.058133,1
6929,80.445533,968.994141,7.841476,0.059875,1
6930,80.457143,193.798828,7.321219,0.054343,1
6931,80.468753,,2.008078,0.054131,0
6932,80.480363,,1.000000,0.053594,0
6933,80.491973,,1.233892,0.053193,0
6934,80.503583,,2.694408,0.053427,0
6935,80.515193,,1.996614,0.052200,0
6936,80.526803,,2.261252,0.051409,0
6937,80.538413,,2.139123,0.060221,0
6938,80.550023,,2.632208,0.073992,0
6939,80.561633,,0.590831,0.082760,0
6940,80.573243,129.199219,9.040950,0.090744,1
6941,80.584853,107.666016,5.160909,0.086182,1
6942,80.596463,193.798828,4.594508,0.079261,1
6943,80.608073,,0.746139,0.071391,0
6944,80.619683,,1.000000,0.064622,0
6945,80.631293,193.798828,4.035750,0.063599,1
6946,80.642902,,2.780491,0.057265,0
6947,80.654512,,0.709880,0.067988,0
6948,80.666122,193.798828,3.762882,0.075076,1
6949,80.677732,,0.634027,0.085432,0
6950,80.689342,107.666016,4.442997,0.091381,1
6951,80.700952,129.199219,12.393350,0.084979,1
6952,80.712562,,2.732011,0.078855,0
6953,80.724172,107.666016,4.013707,0.063820,1
6954,80.735782,107.666016,6.084296,0.058988,1
6955,80.747392,193.798828,3.255358,0.054384,1
6956,80.759002,107.666016,3.539169,0.049911,1
6957,80.770612,,2.389690,0.050654,0
6958,80.782222,193.798828,5.335245,0.046699,1
6959,80.793832,,2.458375,0.051079,0
6960,80.805442,107.666016,3.206415,0.058216,1
6961,80.817052,107.666016,5.789394,0.065049,1
6962,80.828662,,2.798969,0.066667,0
6963,80.840272,,1.458600,0.064995,0
6964,80.851882,215.332031,3.758365,0.061086,1
6965,80.863492,215.332031,3.402325,0.056169,1
6966,80.875102,215.332031,4.708831,0.055754,1
6967,80.886712,215.332031,5.906426,0.055157,1
6968,80.898322,215.332031,4.587614,0.051453,1
6969,80.909932,,1.837011,0.048066,0
6970,80.921542,,1.397369,0.044504,0
6971,80.933152,,2.026890,0.042413,0
6972,80.944762,,1.922141,0.045812,0
6973,80.956372,,2.486770,0.045767,0
6974,80.967982,150.732422,3.369083,0.047277,1
6975,80.979592,150.732422,3.419438,0.046941,1
6976,80.991202,,2.954932,0.045824,0
6977,81.002812,150.732422,3.655519,0.046338,1
6978,81.014422,150.732422,5.854461,0.046145,1
6979,81.026032,150.732422,7.238114,0.046526,1
6980,81.037642,150.732422,5.038075,0.046326,1
6981,81.049252,150.732422,5.162862,0.045477,1
6982,81.060862,150.732422,4.470352,0.047185,1
6983,81.072472,150.732422,4.003545,0.047516,1
6984,81.084082,150.732422,4.426490,0.048108,1
6985,81.095692,215.332031,5.372224,0.050161,1
6986,81.107302,215.332031,5.424007,0.048746,1
6987,81.118912,215.332031,4.750307,0.051643,1
6988,81.130522,215.332031,4.846160,0.053132,1
6989,81.142132,215.332031,4.059160,0.053797,1
6990,81.153741,215.332031,4.060984,0.052896,1
6991,81.165351,215.332031,3.278117,0.052189,1
6992,81.176961,215.332031,3.724071,0.053135,1
6993,81.188571,215.332031,3.509077,0.053284,1
6994,81.200181,236.865234,3.686605,0.056950,1
6995,81.211791,,1.336273,0.056748,0
6996,81.223401,215.332031,4.442017,0.053854,1
6997,81.235011,215.332031,5.009409,0.053640,1
6998,81.246621,215.332031,4.688055,0.050886,1
6999,81.258231,215.332031,4.540177,0.049422,1
7000,81.269841,215.332031,3.667585,0.048445,1
7001,81.281451,215.332031,4.655740,0.046021,1
7002,81.293061,215.332031,5.389635,0.044760,1
7003,81.304671,,2.066895,0.043905,0
7004,81.316281,,1.626681,0.069587,0
7005,81.327891,129.199219,3.609412,0.086163,1
7006,81.339501,129.199219,7.554481,0.099962,1
7007,81.351111,129.199219,13.401614,0.103253,1
7008,81.362721,129.199219,15.102233,0.088816,1
7009,81.374331,107.666016,8.097490,0.073588,1
7010,81.385941,107.666016,5.802341,0.055407,1
7011,81.397551,107.666016,3.467622,0.049954,1
7012,81.409161,215.332031,4.811578,0.047596,1
7013,81.420771,215.332031,3.785022,0.045887,1
7014,81.432381,107.666016,3.359078,0.044305,1
7015,81.443991,129.199219,4.283581,0.043578,1
7016,81.455601,129.199219,5.125951,0.047107,1
7017,81.467211,,1.667028,0.046968,0
7018,81.478821,,1.788529,0.047246,0
7019,81.490431,215.332031,4.056027,0.047110,1
7020,81.502041,215.332031,4.162416,0.043881,1
7021,81.513651,215.332031,5.267899,0.044630,1
7022,81.525261,,1.181174,0.043833,0
7023,81.536871,,2.771482,0.043726,0
7024,81.548481,,2.507450,0.044352,0
7025,81.560091,,2.215467,0.042659,0
7026,81.571701,,1.320049,0.041808,0
7027,81.583311,,1.508582,0.041446,0
7028,81.594921,,1.783594,0.041857,0
7029,81.606531,215.332031,3.552525,0.044214,1
7030,81.618141,,2.852977,0.043905,0
7031,81.629751,,2.927242,0.044864,0
7032,81.641361,150.732422,3.418962,0.045079,1
7033,81.652971,150.732422,4.810912,0.045483,1
7034,81.664580,150.732422,5.779617,0.046806,1
7035,81.676190,150.732422,3.309081,0.045847,1
7036,81.687800,150.732422,3.718920,0.046902,1
7037,81.699410,150.732422,3.650755,0.046062,1
7038,81.711020,150.732422,4.701593,0.047227,1
7039,81.722630,150.732422,5.562346,0.048199,1
7040,81.734240,150.732422,5.018067,0.047378,1
7041,81.745850,150.732422,5.573584,0.047491,1
7042,81.757460,150.732422,6.057842,0.047084,1
7043,81.769070,150.732422,8.327579,0.047370,1
7044,81.780680,215.332031,3.210458,0.045941,1
7045,81.792290,,2.350117,0.044309,0
7046,81.803900,150.732422,6.798560,0.044110,1
7047,81.815510,,2.097669,0.045591,0
7048,81.827120,,2.157226,0.047070,0
7049,81.838730,150.732422,3.978084,0.054078,1
7050,81.850340,150.732422,4.677357,0.058220,1
7051,81.861950,150.732422,4.104291,0.066578,1
7052,81.873560,,1.812958,0.071139,0
7053,81.885170,,2.254882,0.069937,0
7054,81.896780,193.798828,13.628818,0.067082,1
7055,81.908390,193.798828,4.646916,0.057248,1
7056,81.920000,,0.930793,0.050858,0
7057,81.931610,,0.957777,0.044514,0
7058,81.943220,215.332031,3.486138,0.042513,1
7059,81.954830,,2.944828,0.040370,0
7060,81.966440,,2.167707,0.038515,0
7061,81.978050,,1.779542,0.037928,0
7062,81.989660,,2.115130,0.036839,0
7063,82.001270,,2.701237,0.035360,0
7064,82.012880,215.332031,3.421198,0.034132,1
7065,82.024490,215.332031,4.318525,0.033617,1
7066,82.036100,,1.061792,0.032672,0
7067,82.047710,215.332031,3.840807,0.034642,1
7068,82.059320,215.332031,6.278430,0.037832,1
7069,82.070930,,0.576628,0.045044,0
7070,82.082540,387.597656,5.006154,0.053261,1
7071,82.094150,387.597656,4.898210,0.061801,1
7072,82.105760,,2.939819,0.067053,0
7073,82.117370,193.798828,3.902502,0.067865,1
7074,82.128980,193.798828,3.052327,0.067125,1
7075,82.140590,,1.499763,0.067609,0
7076,82.152200,,2.546918,0.075424,0
7077,82.163810,366.064453,3.314296,0.084763,1
7078,82.175420,,2.635277,0.091839,0
7079,82.187029,,1.969112,0.093162,0
7080,82.198639,,2.306424,0.087950,0
7081,82.210249,,2.121275,0.081155,0
7082,82.221859,732.128906,17.591593,0.076413,1
7083,82.233469,366.064453,3.731453,0.075175,1
7084,82.245079,366.064453,3.802542,0.075527,1
7085,82.256689,366.064453,3.819816,0.073050,1
7086,82.268299,366.064453,4.608556,0.068385,1
7087,82.279909,366.064453,3.337981,0.063881,1
7088,82.291519,366.064453,4.263661,0.057517,1
7089,82.303129,215.332031,6.321728,0.054645,1
7090,82.314739,215.332031,7.082491,0.052790,1
7091,82.326349,215.332031,7.815709,0.050977,1
7092,82.337959,,2.159045,0.053549,0
7093,82.349569,387.597656,6.939923,0.070577,1
7094,82.361179,387.597656,5.215776,0.086518,1
7095,82.372789,,0.644733,0.092246,0
7096,82.384399,129.199219,11.713892,0.096682,1
7097,82.396009,129.199219,16.525223,0.087284,1
7098,82.407619,,1.993481,0.072307,0
7099,82.419229,,2.181357,0.065123,0
7100,82.430839,,1.844447,0.056376,0
7101,82.442449,,2.368690,0.053812,0
7102,82.454059,366.064453,3.359319,0.050367,1
7103,82.465669,,2.753016,0.049467,0
7104,82.477279,366.064453,3.136324,0.050812,1
7105,82.488889,,2.432686,0.048065,0
7106,82.500499,,1.441331,0.048642,0
7107,82.512109,,1.533483,0.047685,0
7108,82.523719,,2.849150,0.045191,0
7109,82.535329,,2.586528,0.047511,0
7110,82.546939,,2.296857,0.047539,0
7111,82.558549,,1.169590,0.047329,0
7112,82.570159,366.064453,3.958481,0.046650,1
7113,82.581769,366.064453,5.002809,0.044140,1
7114,82.593379,366.064453,3.438144,0.046537,1
7115,82.604989,366.064453,3.309406,0.047290,1
7116,82.616599,,2.853718,0.049611,0
7117,82.628209,,2.996605,0.052933,0
7118,82.639819,366.064453,3.971465,0.053430,1
7119,82.651429,366.064453,5.260807,0.053393,1
7120,82.663039,150.732422,4.481032,0.054091,1
7121,82.674649,150.732422,4.146359,0.050850,1
7122,82.686259,150.732422,5.142754,0.047089,1
7123,82.697868,150.732422,4.928439,0.045514,1
7124,82.709478,150.732422,6.416398,0.041752,1
7125,82.721088,150.732422,7.347829,0.040836,1
7126,82.732698,150.732422,5.111804,0.040648,1
7127,82.744308,150.732422,4.626222,0.040085,1
7128,82.755918,129.199219,4.179296,0.040126,1
7129,82.767528,150.732422,8.196350,0.041248,1
7130,82.779138,129.199219,3.319138,0.041407,1
7131,82.790748,129.199219,5.440074,0.042574,1
7132,82.802358,150.732422,5.426417,0.042461,1
7133,82.813968,150.732422,6.387048,0.039895,1
7134,82.825578,150.732422,4.956628,0.041004,1
7135,82.837188,,2.585159,0.045883,0
7136,82.848798,,1.867911,0.053867,0
7137,82.860408,,2.914260,0.060367,0
7138,82.872018,753.662109,9.345097,0.067025,1
7139,82.883628,150.732422,4.578917,0.072608,1
7140,82.895238,193.798828,9.657794,0.074584,1
7141,82.906848,107.666016,5.420394,0.080422,1
7142,82.918458,215.332031,8.343204,0.079772,1
7143,82.930068,,0.596480,0.076957,0
7144,82.941678,,1.310523,0.073714,0
7145,82.953288,,0.928431,0.068039,0
7146,82.964898,,1.303163,0.068198,0
7147,82.976508,,1.486426,0.068668,0
7148,82.988118,,1.623241,0.068597,0
7149,82.999728,,1.456040,0.068589,0
7150,83.011338,,1.776452,0.066457,0
7151,83.022948,,1.515903,0.061509,0
7152,83.034558,,1.823529,0.059082,0
7153,83.046168,,2.451628,0.058997,0
7154,83.057778,,2.622803,0.060646,0
7155,83.069388,366.064453,3.237524,0.063965,1
7156,83.080998,366.064453,3.432109,0.065878,1
7157,83.092608,,2.828887,0.064323,0
7158,83.104218,,2.694288,0.064059,0
7159,83.115828,366.064453,4.252785,0.065539,1
7160,83.127438,366.064453,4.585643,0.068756,1
7161,83.139048,366.064453,4.802780,0.071945,1
7162,83.150658,366.064453,5.572751,0.072899,1
7163,83.162268,366.064453,8.055403,0.073530,1
7164,83.173878,150.732422,3.274713,0.072783,1
7165,83.185488,366.064453,4.222588,0.072181,1
7166,83.197098,366.064453,4.869432,0.072554,1
7167,83.208707,150.732422,3.371344,0.071726,1
7168,83.220317,150.732422,3.465739,0.070324,1
7169,83.231927,366.064453,3.869877,0.068512,1
7170,83.243537,150.732422,3.919690,0.064579,1
7171,83.255147,150.732422,4.154579,0.061359,1
7172,83.266757,150.732422,3.870882,0.062509,1
7173,83.278367,,2.342377,0.064982,0
7174,83.289977,150.732422,3.561850,0.070109,1
7175,83.301587,,2.491313,0.075416,0
7176,83.313197,366.064453,3.167159,0.074527,1
7177,83.324807,366.064453,4.416853,0.072839,1
7178,83.336417,366.064453,5.261302,0.068378,1
7179,83.348027,150.732422,4.854730,0.061741,1
7180,83.359637,366.064453,6.264037,0.058228,1
7181,83.371247,366.064453,4.615539,0.056129,1
7182,83.382857,366.064453,4.487008,0.070566,1
7183,83.394467,215.332031,8.785480,0.080196,1
7184,83.406077,,0.834922,0.083971,0
7185,83.417687,,0.684526,0.091202,0
7186,83.429297,107.666016,5.290078,0.081097,1
7187,83.440907,107.666016,4.617378,0.071916,1
7188,83.452517,107.666016,5.419832,0.066159,1
7189,83.464127,129.199219,5.881282,0.052606,1
7190,83.475737,107.666016,4.066795,0.048129,1
7191,83.487347,215.332031,5.091749,0.044664,1
7192,83.498957,,2.443329,0.043792,0
7193,83.510567,,1.447824,0.043659,0
7194,83.522177,,2.458914,0.043209,0
7195,83.533787,215.332031,5.402747,0.041218,1
7196,83.545397,215.332031,4.770289,0.041216,1
7197,83.557007,215.332031,5.418385,0.038682,1
7198,83.568617,,1.808964,0.037530,0
7199,83.580227,,2.489969,0.035905,0
7200,83.591837,,2.120830,0.035283,0
7201,83.603447,215.332031,9.129315,0.034609,1
7202,83.615057,215.332031,6.295721,0.035526,1
7203,83.626667,215.332031,4.251083,0.041058,1
7204,83.638277,215.332031,4.593373,0.045234,1
7205,83.649887,215.332031,5.157744,0.052843,1
7206,83.661497,215.332031,6.241870,0.055137,1
7207,83.673107,215.332031,5.610039,0.054592,1
7208,83.684717,215.332031,4.854837,0.052348,1
7209,83.696327,193.798828,3.254759,0.050215,1
7210,83.707937,215.332031,5.090535,0.047887,1
7211,83.719546,,0.671130,0.050085,0
7212,83.731156,366.064453,3.887792,0.049925,1
7213,83.742766,366.064453,3.494153,0.046853,1
7214,83.754376,366.064453,4.162947,0.048258,1
7215,83.765986,732.128906,6.091046,0.045788,1
7216,83.777596,732.128906,5.927470,0.049775,1
7217,83.789206,366.064453,3.272438,0.051131,1
7218,83.800816,366.064453,3.737170,0.052796,1
7219,83.812426,366.064453,5.290249,0.055276,1
7220,83.824036,366.064453,4.412213,0.054776,1
7221,83.835646,366.064453,4.397778,0.056604,1
7222,83.847256,366.064453,4.179838,0.057434,1
7223,83.858866,,0.689208,0.057790,0
7224,83.870476,193.798828,4.270727,0.058282,1
7225,83.882086,,1.099139,0.059619,0
7226,83.893696,215.332031,5.714763,0.058158,1
7227,83.905306,,2.614291,0.059218,0
7228,83.916916,,1.003925,0.065843,0
7229,83.928526,107.666016,3.007680,0.071650,1
7230,83.940136,129.199219,5.619822,0.073912,1
7231,83.951746,86.132812,3.649866,0.074971,1
7232,83.963356,,1.744501,0.069157,0
7233,83.974966,,1.707430,0.062153,0
7234,83.986576,,2.098384,0.061576,0
7235,83.998186,129.199219,3.509938,0.058430,1
7236,84.009796,215.332031,3.054483,0.061250,1
7237,84.021406,,2.587359,0.062442,0
7238,84.033016,215.332031,3.751384,0.061068,1
7239,84.044626,,2.170150,0.060403,0
7240,84.056236,,2.952864,0.056539,0
7241,84.067846,,2.592703,0.053026,0
7242,84.079456,,2.735964,0.050262,0
7243,84.091066,,2.975363,0.047987,0
7244,84.102676,150.732422,3.269728,0.044770,1
7245,84.114286,150.732422,3.656799,0.043942,1
7246,84.125896,150.732422,3.648363,0.044220,1
7247,84.137506,366.064453,7.865896,0.044498,1
7248,84.149116,366.064453,9.559536,0.052001,1
7249,84.160726,366.064453,8.423392,0.077222,1
7250,84.172336,,0.172558,0.084452,0
7251,84.183946,,0.681018,0.094936,0
7252,84.195556,129.199219,15.229781,0.097140,1
7253,84.207166,129.199219,19.268763,0.081539,1
7254,84.218776,129.199219,15.793916,0.078181,1
7255,84.230385,129.199219,16.077578,0.068329,1
7256,84.241995,129.199219,12.757790,0.059920,1
7257,84.253605,129.199219,7.487469,0.056164,1
7258,84.265215,107.666016,7.415129,0.053363,1
7259,84.276825,129.199219,14.820451,0.050286,1
7260,84.288435,107.666016,6.112579,0.049172,1
7261,84.300045,129.199219,8.988535,0.048729,1
7262,84.311655,107.666016,5.512600,0.044857,1
7263,84.323265,107.666016,4.224104,0.042734,1
7264,84.334875,107.666016,3.988518,0.041800,1
7265,84.346485,150.732422,6.532817,0.042298,1
7266,84.358095,150.732422,5.598031,0.041968,1
7267,84.369705,150.732422,6.120184,0.041835,1
7268,84.381315,150.732422,5.583824,0.042002,1
7269,84.392925,150.732422,5.621808,0.044658,1
7270,84.404535,150.732422,4.434950,0.051463,1
7271,84.416145,,0.863257,0.066731,0
7272,84.427755,,2.387655,0.086792,0
7273,84.439365,,0.752699,0.098099,0
7274,84.450975,,1.007937,0.109303,0
7275,84.462585,107.666016,3.507921,0.108177,1
7276,84.474195,107.666016,4.054177,0.096198,1
7277,84.485805,107.666016,3.905197,0.085787,1
7278,84.497415,,1.905573,0.071150,0
7279,84.509025,,1.288731,0.066633,0
7280,84.520635,,0.930392,0.069910,0
7281,84.532245,,2.977099,0.071510,0
7282,84.543855,882.861328,3.112971,0.071149,1
7283,84.555465,,0.737916,0.071965,0
7284,84.567075,,0.556752,0.076358,0
7285,84.578685,,0.796785,0.078231,0
7286,84.590295,,2.907014,0.080673,0
7287,84.601905,107.666016,4.580456,0.084278,1
7288,84.613515,,1.416889,0.076613,0
7289,84.625125,,1.652083,0.083362,0
7290,84.636735,107.666016,4.863204,0.080640,1
7291,84.648345,,1.820621,0.079174,0
7292,84.659955,,1.151173,0.084949,0
7293,84.671565,,1.000254,0.085442,0
7294,84.683175,,1.046943,0.097945,0
7295,84.694785,,0.640067,0.104969,0
7296,84.706395,,0.495805,0.106829,0
7297,84.718005,,0.462775,0.104945,0
7298,84.729615,107.666016,6.873306,0.093640,1
7299,84.741224,,1.000000,0.080010,0
7300,84.752834,,1.273754,0.073262,0
7301,84.764444,,2.453183,0.065483,0
7302,84.776054,366.064453,3.626887,0.066441,1
7303,84.787664,366.064453,6.805569,0.072252,1
7304,84.799274,366.064453,4.844232,0.079439,1
7305,84.810884,,0.545644,0.086702,0
7306,84.822494,,0.446247,0.088359,0
7307,84.834104,107.666016,4.428837,0.093372,1
7308,84.845714,,0.543328,0.087762,0
7309,84.857324,107.666016,7.912608,0.077771,1
7310,84.868934,,0.876275,0.073410,0
7311,84.880544,107.666016,5.518899,0.058232,1
7312,84.892154,107.666016,3.849192,0.051750,1
7313,84.903764,107.666016,4.011216,0.049147,1
7314,84.915374,107.666016,4.404520,0.053446,1
7315,84.926984,,0.492222,0.054992,0
7316,84.938594,107.666016,3.533758,0.060455,1
7317,84.950204,,2.291392,0.064079,0
7318,84.961814,,2.547433,0.061669,0
7319,84.973424,,1.340777,0.060887,0
7320,84.985034,193.798828,3.379993,0.057367,1
7321,84.996644,,2.018342,0.052711,0
7322,85.008254,,2.123066,0.048253,0
7323,85.019864,,2.825272,0.048348,0
7324,85.031474,,1.121919,0.045209,0
7325,85.043084,,1.244938,0.046707,0
7326,85.054694,,1.189517,0.047153,0
7327,85.066304,,2.270935,0.048332,0
7328,85.077914,,1.298266,0.053697,0
7329,85.089524,,1.354305,0.060447,0
7330,85.101134,,1.321675,0.065313,0
7331,85.112744,193.798828,3.587313,0.070087,1
7332,85.124354,193.798828,3.947065,0.074909,1
7333,85.135964,,2.687277,0.075671,0
7334,85.147574,193.798828,4.445038,0.076113,1
7335,85.159184,193.798828,3.623403,0.075909,1
7336,85.170794,193.798828,3.662960,0.074411,1
7337,85.182404,193.798828,3.983901,0.070505,1
7338,85.194014,732.128906,4.758574,0.070751,1
7339,85.205624,,2.683596,0.068656,0
7340,85.217234,,2.516377,0.066725,0
7341,85.228844,,2.814987,0.070228,0
7342,85.240454,732.128906,7.967472,0.069966,1
7343,85.252063,732.128906,8.537075,0.070073,1
7344,85.263673,732.128906,9.264884,0.069010,1
7345,85.275283,732.128906,8.487585,0.067915,1
7346,85.286893,732.128906,9.905172,0.064523,1
7347,85.298503,732.128906,9.083970,0.060817,1
7348,85.310113,107.666016,5.040586,0.057268,1
7349,85.321723,107.666016,5.988618,0.053237,1
7350,85.333333,107.666016,7.081633,0.050631,1
7351,85.344943,129.199219,7.918116,0.051589,1
7352,85.356553,129.199219,7.868221,0.051907,1
7353,85.368163,129.199219,7.025003,0.051247,1
7354,85.379773,129.199219,5.330680,0.053515,1
7355,85.391383,129.199219,6.103651,0.052059,1
7356,85.402993,129.199219,4.672167,0.055056,1
7357,85.414603,129.199219,4.951737,0.055307,1
7358,85.426213,129.199219,7.811914,0.056165,1
7359,85.437823,129.199219,5.827429,0.055928,1
7360,85.449433,193.798828,3.952632,0.081709,1
7361,85.461043,129.199219,4.038473,0.099061,1
7362,85.472653,,2.472719,0.107045,0
7363,85.484263,,0.484659,0.115149,0
7364,85.495873,129.199219,7.388905,0.108552,1
7365,85.507483,129.199219,6.736505,0.101018,1
7366,85.519093,129.199219,6.472582,0.099378,1
7367,85.530703,366.064453,4.564699,0.099545,1
7368,85.542313,366.064453,5.178568,0.095927,1
7369,85.553923,366.064453,5.604894,0.090211,1
7370,85.565533,236.865234,5.968552,0.086118,1
7371,85.577143,193.798828,4.606490,0.079206,1
7372,85.588753,366.064453,4.935748,0.071217,1
7373,85.600363,366.064453,3.601792,0.075185,1
7374,85.611973,,2.955548,0.073987,0
7375,85.623583,366.064453,3.046849,0.069985,1
7376,85.635193,,0.249037,0.067628,0
7377,85.646803,,0.201908,0.061735,0
7378,85.658413,193.798828,6.475131,0.055879,1
7379,85.670023,,0.281053,0.057572,0
7380,85.681633,366.064453,3.361851,0.061206,1
7381,85.693243,366.064453,4.860767,0.062580,1
7382,85.704853,366.064453,7.807532,0.066635,1
7383,85.716463,366.064453,12.325485,0.070790,1
7384,85.728073,172.265625,7.982489,0.070378,1
7385,85.739683,366.064453,12.068707,0.069851,1
7386,85.751293,366.064453,13.685508,0.069157,1
7387,85.762902,366.064453,13.146106,0.067259,1
7388,85.774512,366.064453,10.778439,0.065033,1
7389,85.786122,366.064453,11.186692,0.061442,1
7390,85.797732,366.064453,5.562505,0.060090,1
7391,85.809342,193.798828,6.652592,0.058102,1
7392,85.820952,366.064453,5.598916,0.055745,1
7393,85.832562,,0.451355,0.057065,0
7394,85.844172,,0.716364,0.058251,0
7395,85.855782,,0.437163,0.062867,0
7396,85.867392,193.798828,6.477953,0.066223,1
7397,85.879002,193.798828,5.636133,0.067527,1
7398,85.890612,366.064453,9.417474,0.068616,1
7399,85.902222,366.064453,10.111352,0.064712,1
7400,85.913832,193.798828,9.290196,0.062004,1
7401,85.925442,366.064453,10.196161,0.061509,1
7402,85.937052,366.064453,9.124814,0.059622,1
7403,85.948662,732.128906,9.565357,0.057679,1
7404,85.960272,,0.533854,0.058615,0
7405,85.971882,,0.687435,0.061861,0
7406,85.983492,129.199219,4.719565,0.066275,1
7407,85.995102,,1.108991,0.070444,0
7408,86.006712,,2.905103,0.072171,0
7409,86.018322,172.265625,4.191709,0.068992,1
7410,86.029932,,1.462573,0.064929,0
7411,86.041542,387.597656,3.225721,0.061491,1
7412,86.053152,,1.120697,0.059575,0
7413,86.064762,193.798828,7.327748,0.058649,1
7414,86.076372,193.798828,5.940703,0.058724,1
7415,86.087982,193.798828,4.851671,0.061107,1
7416,86.099592,193.798828,4.614864,0.063249,1
7417,86.111202,193.798828,3.602488,0.065192,1
7418,86.122812,193.798828,3.729325,0.064718,1
7419,86.134422,193.798828,4.251320,0.060151,1
7420,86.146032,193.798828,3.582086,0.056220,1
7421,86.157642,366.064453,4.807637,0.060086,1
7422,86.169252,366.064453,4.054677,0.065566,1
7423,86.180862,193.798828,4.699047,0.065825,1
7424,86.192472,193.798828,4.749131,0.067337,1
7425,86.204082,193.798828,4.776838,0.068231,1
7426,86.215692,,2.763631,0.064225,0
7427,86.227302,,0.395407,0.065433,0
7428,86.238912,193.798828,5.072358,0.062703,1
7429,86.250522,,1.245047,0.054396,0
7430,86.262132,,2.837888,0.048945,0
7431,86.273741,,2.042398,0.045809,0
7432,86.285351,,2.235300,0.045500,0
7433,86.296961,236.865234,5.410394,0.043001,1
7434,86.308571,236.865234,5.307021,0.043412,1
7435,86.320181,,0.984910,0.045378,0
7436,86.331791,236.865234,4.286484,0.046127,1
7437,86.343401,236.865234,5.390964,0.051781,1
7438,86.355011,,1.136082,0.054132,0
7439,86.366621,,1.000000,0.054332,0
7440,86.378231,366.064453,3.251633,0.056424,1
7441,86.389841,,1.000000,0.052184,0
7442,86.401451,,2.915617,0.051108,0
7443,86.413061,366.064453,3.787331,0.049378,1
7444,86.424671,366.064453,3.104295,0.047509,1
7445,86.436281,,2.998385,0.047427,0
7446,86.447891,,2.982280,0.046098,0
7447,86.459501,,0.552761,0.051623,0
7448,86.471111,,1.512255,0.064611,0
7449,86.482721,,1.145643,0.079474,0
7450,86.494331,,1.135378,0.100143,0
7451,86.505941,172.265625,5.432029,0.105710,1
7452,86.517551,129.199219,7.405630,0.107175,1
7453,86.529161,129.199219,7.801561,0.104049,1
7454,86.540771,129.199219,7.254559,0.086297,1
7455,86.552381,107.666016,4.072332,0.080477,1
7456,86.563991,107.666016,4.642086,0.075008,1
7457,86.575601,732.128906,12.300042,0.068966,1
7458,86.587211,732.128906,11.125111,0.069159,1
7459,86.598821,129.199219,3.186260,0.062866,1
7460,86.610431,129.199219,3.378775,0.051767,1
7461,86.622041,,2.123403,0.044690,0
7462,86.633651,,2.417456,0.040587,0
7463,86.645261,,0.736772,0.040482,0
7464,86.656871,,1.445327,0.042608,0
7465,86.668481,,2.942754,0.041718,0
7466,86.680091,,2.255226,0.040103,0
7467,86.691701,,2.760635,0.040284,0
7468,86.703311,129.199219,4.585591,0.041937,1
7469,86.714921,,2.721587,0.049695,0
7470,86.726531,,2.101742,0.049193,0
7471,86.738141,,2.901921,0.049738,0
7472,86.749751,107.666016,4.566443,0.048881,1
7473,86.761361,107.666016,4.690468,0.044242,1
7474,86.772971,107.666016,3.935552,0.046529,1
7475,86.784580,129.199219,3.268161,0.048008,1
7476,86.796190,150.732422,4.108330,0.048301,1
7477,86.807800,150.732422,3.507336,0.050221,1
7478,86.819410,107.666016,4.026857,0.053502,1
7479,86.831020,129.199219,6.730533,0.055408,1
7480,86.842630,129.199219,5.115327,0.055647,1
7481,86.854240,,2.355139,0.058331,0
7482,86.865850,,2.044697,0.056484,0
7483,86.877460,,1.739461,0.053186,0
7484,86.889070,,0.998635,0.051349,0
7485,86.900680,,0.724793,0.043811,0
7486,86.912290,,0.355569,0.044846,0
7487,86.923900,215.332031,3.491699,0.046181,1
7488,86.935510,215.332031,4.888995,0.050243,1
7489,86.947120,129.199219,4.408008,0.060181,1
7490,86.958730,,1.951931,0.086207,0
7491,86.970340,882.861328,5.774221,0.095642,1
7492,86.981950,882.861328,8.345133,0.097969,1
7493,86.993560,,2.803449,0.094240,0
7494,87.005170,,2.542701,0.074141,0
7495,87.016780,236.865234,4.225861,0.069500,1
7496,87.028390,172.265625,9.048973,0.071296,1
7497,87.040000,172.265625,5.373759,0.071910,1
7498,87.051610,,2.046682,0.074321,0
7499,87.063220,,1.628605,0.068983,0
7500,87.074830,,0.712517,0.062931,0
7501,87.086440,172.265625,8.454748,0.067992,1
7502,87.098050,172.265625,8.104553,0.063739,1
7503,87.109660,,0.614529,0.061905,0
7504,87.121270,,1.000000,0.062635,0
7505,87.132880,,0.387218,0.061124,0
7506,87.144490,,0.435073,0.059158,0
7507,87.156100,,0.506844,0.058688,0
7508,87.167710,,0.519020,0.057771,0
7509,87.179320,,1.000000,0.052078,0
7510,87.190930,,1.369307,0.053020,0
7511,87.202540,,1.669405,0.056196,0
7512,87.214150,,2.168821,0.057312,0
7513,87.225760,86.132812,3.104928,0.055454,1
7514,87.237370,193.798828,4.367484,0.058974,1
7515,87.248980,172.265625,3.199708,0.060659,1
7516,87.260590,193.798828,3.411321,0.068557,1
7517,87.272200,,2.348205,0.079455,0
7518,87.283810,,2.313531,0.078317,0
7519,87.295420,107.666016,7.042384,0.084358,1
7520,87.307029,193.798828,4.280541,0.082565,1
7521,87.318639,193.798828,5.279977,0.083477,1
7522,87.330249,129.199219,4.642112,0.085862,1
7523,87.341859,193.798828,4.551394,0.086106,1
7524,87.353469,193.798828,3.326403,0.092415,1
7525,87.365079,,2.906103,0.089196,0
7526,87.376689,,2.363115,0.093657,0
7527,87.388299,193.798828,3.253595,0.093398,1
7528,87.399909,193.798828,4.218632,0.089560,1
7529,87.411519,193.798828,3.619323,0.086598,1
7530,87.423129,193.798828,3.286048,0.082442,1
7531,87.434739,129.199219,5.388252,0.076731,1
7532,87.446349,,2.457283,0.074514,0
7533,87.457959,129.199219,6.602883,0.074437,1
7534,87.469569,236.865234,8.485117,0.077576,1
7535,87.481179,,0.570840,0.083719,0
7536,87.492789,,0.350344,0.086530,0
7537,87.504399,129.199219,3.876898,0.090927,1
7538,87.516009,,2.758576,0.094506,0
7539,87.527619,129.199219,3.140221,0.108503,1
7540,87.539229,129.199219,3.657759,0.109485,1
7541,87.550839,,0.614258,0.116399,0
7542,87.562449,,0.804934,0.111572,0
7543,87.574059,,0.594073,0.093789,0
7544,87.585669,,2.610472,0.090170,0
7545,87.597279,,0.319973,0.079839,0
7546,87.608889,,1.859251,0.076316,0
7547,87.620499,236.865234,3.606523,0.075216,1
7548,87.632109,366.064453,8.223637,0.072044,1
7549,87.643719,129.199219,3.540955,0.071277,1
7550,87.655329,,2.792286,0.075500,0
7551,87.666939,,2.445299,0.080703,0
7552,87.678549,129.199219,7.823276,0.084061,1
7553,87.690159,129.199219,7.992376,0.086717,1
7554,87.701769,129.199219,6.662241,0.087837,1
7555,87.713379,366.064453,16.980356,0.083558,1
7556,87.724989,,0.449123,0.081057,0
7557,87.736599,129.199219,5.635676,0.076546,1
7558,87.748209,129.199219,3.935169,0.077610,1
7559,87.759819,,1.351695,0.082639,0
7560,87.771429,,1.750560,0.081906,0
7561,87.783039,,1.950685,0.080261,0
7562,87.794649,129.199219,4.585028,0.083580,1
7563,87.806259,,0.938398,0.076542,0
7564,87.817868,107.666016,4.068102,0.080250,1
7565,87.829478,193.798828,4.096918,0.082875,1
7566,87.841088,193.798828,4.516626,0.077147,1
7567,87.852698,193.798828,5.906118,0.078828,1
7568,87.864308,193.798828,5.366163,0.075191,1
7569,87.875918,193.798828,4.172830,0.075977,1
7570,87.887528,193.798828,4.715847,0.075035,1
7571,87.899138,193.798828,8.563673,0.076977,1
7572,87.910748,193.798828,6.501968,0.079197,1
7573,87.922358,193.798828,6.130889,0.080838,1
7574,87.933968,193.798828,6.495316,0.081839,1
7575,87.945578,193.798828,4.581387,0.082824,1
7576,87.957188,193.798828,4.655938,0.080238,1
7577,87.968798,,0.432998,0.076928,0
7578,87.980408,,0.368969,0.074987,0
7579,87.992018,,0.383197,0.076396,0
7580,88.003628,193.798828,4.932535,0.085382,1
7581,88.015238,193.798828,7.078621,0.086361,1
7582,88.026848,193.798828,8.007123,0.089192,1
7583,88.038458,,0.248529,0.088178,0
7584,88.050068,,1.853881,0.081587,0
7585,88.061678,,1.395529,0.087288,0
7586,88.073288,,2.026691,0.084449,0
7587,88.084898,86.132812,5.180071,0.083721,1
7588,88.096508,86.132812,3.946241,0.085065,1
7589,88.108118,193.798828,4.879224,0.077421,1
7590,88.119728,86.132812,4.221165,0.079152,1
7591,88.131338,,2.138627,0.079817,0
7592,88.142948,,1.922738,0.075844,0
7593,88.154558,366.064453,3.713807,0.072005,1
7594,88.166168,366.064453,3.529544,0.068280,1
7595,88.177778,366.064453,4.068540,0.064224,1
7596,88.189388,,2.426357,0.065260,0
7597,88.200998,,2.479938,0.068820,0
7598,88.212608,,0.213526,0.068376,0
7599,88.224218,,0.320681,0.065673,0
7600,88.235828,,1.440050,0.065833,0
7601,88.247438,,0.483046,0.065450,0
7602,88.259048,,0.838004,0.068071,0
7603,88.270658,193.798828,3.044397,0.075616,1
7604,88.282268,,1.638409,0.078013,0
7605,88.293878,,0.740295,0.082808,0
7606,88.305488,,0.541272,0.091565,0
7607,88.317098,,0.274829,0.088517,0
7608,88.328707,,2.633265,0.083267,0
7609,88.340317,,1.077599,0.077120,0
7610,88.351927,,2.333212,0.061754,0
7611,88.363537,,2.356844,0.055838,0
7612,88.375147,107.666016,3.103750,0.052948,1
7613,88.386757,,1.567988,0.047947,0
7614,88.398367,,1.429320,0.045672,0
7615,88.409977,,1.589639,0.044073,0
7616,88.421587,,2.323034,0.047792,0
7617,88.433197,,1.508624,0.048487,0
7618,88.444807,,0.826784,0.048127,0
7619,88.456417,,1.294597,0.048637,0
7620,88.468027,,2.605523,0.048019,0
7621,88.479637,,2.128672,0.050088,0
7622,88.491247,,2.162060,0.051884,0
7623,88.502857,,2.494944,0.052965,0
7624,88.514467,,2.061299,0.056113,0
7625,88.526077,,2.995321,0.059465,0
7626,88.537687,,2.583629,0.060552,0
7627,88.549297,,0.309457,0.069476,0
7628,88.560907,,0.580325,0.086536,0
7629,88.572517,,2.335651,0.098224,0
7630,88.584127,,2.286142,0.107147,0
7631,88.595737,,2.954148,0.109433,0
7632,88.607347,,1.772066,0.102648,0
7633,88.618957,129.199219,4.161299,0.097021,1
7634,88.630567,,0.669229,0.088392,0
7635,88.642177,129.199219,4.667331,0.082186,1
7636,88.653787,129.199219,4.659419,0.075153,1
7637,88.665397,107.666016,4.252478,0.068408,1
7638,88.677007,129.199219,5.072418,0.068486,1
7639,88.688617,,2.131163,0.066243,0
7640,88.700227,172.265625,3.197458,0.068267,1
7641,88.711837,172.265625,3.596217,0.069342,1
7642,88.723447,172.265625,3.926058,0.071505,1
7643,88.735057,,1.005502,0.070627,0
7644,88.746667,,2.448504,0.070282,0
7645,88.758277,,2.512838,0.069018,0
7646,88.769887,,2.007803,0.066140,0
7647,88.781497,,1.515689,0.072712,0
7648,88.793107,,0.664388,0.073777,0
7649,88.804717,,0.575064,0.077340,0
7650,88.816327,,1.288838,0.080011,0
7651,88.827937,,1.426543,0.073803,0
7652,88.839546,,1.454454,0.075199,0
7653,88.851156,,2.139388,0.075915,0
7654,88.862766,,2.792505,0.076932,0
7655,88.874376,,1.273475,0.076933,0
7656,88.885986,,1.576068,0.069456,0
7657,88.897596,,2.112424,0.065689,0
7658,88.909206,,1.093480,0.056511,0
7659,88.920816,,0.524495,0.056015,0
7660,88.932426,,1.005309,0.057138,0
7661,88.944036,,1.415041,0.051073,0
7662,88.955646,,0.995846,0.051481,0
7663,88.967256,193.798828,3.740037,0.048005,1
7664,88.978866,193.798828,3.611348,0.047759,1
7665,88.990476,,2.088974,0.045980,0
7666,89.002086,,1.000000,0.044699,0
7667,89.013696,,1.190431,0.045418,0
7668,89.025306,193.798828,3.227416,0.051748,1
7669,89.036916,,0.977076,0.064062,0
7670,89.048526,,2.432116,0.081321,0
7671,89.060136,,0.422214,0.090762,0
7672,89.071746,,1.460677,0.094885,0
7673,89.083356,,2.829555,0.100076,0
7674,89.094966,236.865234,3.374580,0.096901,1
7675,89.106576,,2.868019,0.101455,0
7676,89.118186,107.666016,4.458890,0.101105,1
7677,89.129796,,2.846593,0.099357,0
7678,89.141406,,1.789283,0.096782,0
7679,89.153016,215.332031,4.452873,0.089080,1
7680,89.164626,193.798828,4.692715,0.092891,1
7681,89.176236,,2.392939,0.091442,0
7682,89.187846,172.265625,5.809380,0.089501,1
7683,89.199456,193.798828,3.604546,0.089275,1
7684,89.211066,,2.895207,0.082274,0
7685,89.222676,,1.079987,0.077941,0
7686,89.234286,172.265625,4.077318,0.075125,1
7687,89.245896,,2.348930,0.074036,0
7688,89.257506,193.798828,5.520674,0.072912,1
7689,89.269116,193.798828,5.580569,0.073768,1
7690,89.280726,,0.789574,0.080085,0
7691,89.292336,,0.933969,0.082585,0
7692,89.303946,,0.793975,0.085835,0
7693,89.315556,,0.821161,0.088848,0
7694,89.327166,,1.000000,0.092529,0
7695,89.338776,,0.764281,0.092855,0
7696,89.350385,,2.338143,0.092354,0
7697,89.361995,193.798828,6.887013,0.089169,1
7698,89.373605,193.798828,9.046650,0.081902,1
7699,89.385215,193.798828,9.341699,0.080075,1
7700,89.396825,193.798828,10.605526,0.076227,1
7701,89.408435,193.798828,8.113781,0.074485,1
7702,89.420045,193.798828,9.556658,0.073479,1
7703,89.431655,,0.521432,0.074278,0
7704,89.443265,193.798828,6.833382,0.077962,1
7705,89.454875,193.798828,6.635804,0.079368,1
7706,89.466485,193.798828,8.302793,0.084443,1
7707,89.478095,753.662109,11.871390,0.086446,1
7708,89.489705,732.128906,16.498295,0.084051,1
7709,89.501315,732.128906,14.672154,0.079490,1
7710,89.512925,193.798828,7.844585,0.071495,1
7711,89.524535,193.798828,6.877119,0.063083,1
7712,89.536145,193.798828,5.395898,0.055800,1
7713,89.547755,193.798828,6.057719,0.052391,1
7714,89.559365,,0.253639,0.049181,0
7715,89.570975,,0.476863,0.045780,0
7716,89.582585,,2.741655,0.045144,0
7717,89.594195,,0.710919,0.052665,0
7718,89.605805,,0.908693,0.065545,0
7719,89.617415,,0.946200,0.084883,0
7720,89.629025,,2.008538,0.097883,0
7721,89.640635,,0.583016,0.098549,0
7722,89.652245,129.199219,10.312525,0.096899,1
7723,89.663855,107.666016,5.126610,0.089494,1
7724,89.675465,129.199219,11.960750,0.079662,1
7725,89.687075,129.199219,6.519845,0.077650,1
7726,89.698685,129.199219,4.337237,0.071330,1
7727,89.710295,129.199219,3.697414,0.060570,1
7728,89.721905,,2.685301,0.055136,0
7729,89.733515,,0.468869,0.054493,0
7730,89.745125,129.199219,3.027964,0.055557,1
7731,89.756735,279.931641,5.945301,0.056349,1
7732,89.768345,279.931641,7.121649,0.060978,1
7733,89.779955,,0.661961,0.060649,0
7734,89.791565,279.931641,7.053370,0.059726,1
7735,89.803175,,0.904822,0.059790,0
7736,89.814785,,1.325461,0.057443,0
7737,89.826395,,1.333094,0.054747,0
7738,89.838005,279.931641,6.120918,0.051583,1
7739,89.849615,,1.478929,0.050466,0
7740,89.861224,732.128906,4.898188,0.047213,1
7741,89.872834,129.199219,3.359218,0.047686,1
7742,89.884444,,2.370221,0.046500,0
7743,89.896054,,2.200659,0.046267,0
7744,89.907664,,1.069473,0.047385,0
7745,89.919274,279.931641,6.691208,0.047420,1
7746,89.930884,279.931641,7.231030,0.050336,1
7747,89.942494,279.931641,8.151320,0.049191,1
7748,89.954104,,1.404799,0.048548,0
7749,89.965714,,2.117046,0.047470,0
7750,89.977324,,1.103058,0.046843,0
7751,89.988934,279.931641,8.710668,0.047780,1
7752,90.000544,,1.386919,0.048755,0
7753,90.012154,,1.793285,0.048888,0
7754,90.023764,,1.898516,0.048960,0
7755,90.035374,,1.583767,0.048475,0
7756,90.046984,129.199219,3.133675,0.048017,1
7757,90.058594,,1.000000,0.048251,0
7758,90.070204,,2.020588,0.047403,0
7759,90.081814,,1.495695,0.047439,0
7760,90.093424,,1.369072,0.047077,0
7761,90.105034,,1.201172,0.048503,0
7762,90.116644,,1.458612,0.050603,0
7763,90.128254,,1.373744,0.056572,0
7764,90.139864,,1.485247,0.068157,0
7765,90.151474,,1.452663,0.077908,0
7766,90.163084,,1.748982,0.084547,0
7767,90.174694,129.199219,3.504454,0.091186,1
7768,90.186304,,2.295217,0.090746,0
7769,90.197914,,0.447057,0.090925,0
7770,90.209524,,0.502262,0.096425,0
7771,90.221134,,0.253460,0.103583,0
7772,90.232744,,0.423796,0.111322,0
7773,90.244354,904.394531,21.754302,0.119635,1
7774,90.255964,882.861328,25.116872,0.123489,1
7775,90.267574,882.861328,33.287995,0.117466,1
7776,90.279184,,1.000000,0.110200,0
7777,90.290794,861.328125,16.371283,0.095947,1
7778,90.302404,,0.787058,0.086360,0
7779,90.314014,,0.675736,0.086055,0
7780,90.325624,,1.268395,0.085974,0
7781,90.337234,,0.768193,0.084251,0
7782,90.348844,,1.006736,0.073714,0
7783,90.360454,,0.944355,0.063352,0
7784,90.372063,,1.067385,0.059003,0
7785,90.383673,,0.988038,0.067441,0
7786,90.395283,,0.712213,0.079473,0
7787,90.406893,,1.000000,0.087028,0
7788,90.418503,,1.712470,0.089669,0
7789,90.430113,,0.353061,0.088592,0
7790,90.441723,193.798828,3.014758,0.085075,1
7791,90.453333,,1.000000,0.080474,0
7792,90.464943,,1.712679,0.077000,0
7793,90.476553,,1.175382,0.076333,0
7794,90.488163,,1.016923,0.079167,0
7795,90.499773,,1.108259,0.082007,0
7796,90.511383,,1.827800,0.083748,0
7797,90.522993,,0.683327,0.091855,0
7798,90.534603,,0.543319,0.097887,0
7799,90.546213,732.128906,23.321298,0.101827,1
7800,90.557823,732.128906,20.056536,0.099296,1
7801,90.569433,366.064453,5.995427,0.089550,1
7802,90.581043,,1.000000,0.075124,0
7803,90.592653,,0.861184,0.061158,0
7804,90.604263,,1.117164,0.057464,0
7805,90.615873,,2.283087,0.050432,0
7806,90.627483,,1.712567,0.045556,0
7807,90.639093,904.394531,4.943381,0.043134,1
7808,90.650703,,2.159831,0.044913,0
7809,90.662313,,1.688005,0.064490,0
7810,90.673923,,0.949956,0.078581,0
7811,90.685533,,1.000000,0.089210,0
7812,90.697143,107.666016,4.316545,0.093184,1
7813,90.708753,107.666016,4.445411,0.091525,1
7814,90.720363,129.199219,10.862734,0.083983,1
7815,90.731973,107.666016,7.330199,0.080773,1
7816,90.743583,107.666016,6.344939,0.077301,1
7817,90.755193,129.199219,3.122907,0.068464,1
7818,90.766803,,0.914057,0.072095,0
7819,90.778413,107.666016,3.831796,0.069508,1
7820,90.790023,107.666016,5.641765,0.075999,1
7821,90.801633,107.666016,4.653880,0.077381,1
7822,90.813243,107.666016,5.989521,0.079070,1
7823,90.824853,107.666016,4.455233,0.077294,1
7824,90.836463,107.666016,4.377381,0.070703,1
7825,90.848073,107.666016,5.127801,0.070997,1
7826,90.859683,107.666016,5.622619,0.062072,1
7827,90.871293,,2.821255,0.062525,0
7828,90.882902,107.666016,3.101389,0.061765,1
7829,90.894512,107.666016,4.551948,0.053328,1
7830,90.906122,86.132812,3.108261,0.052407,1
7831,90.917732,,1.980573,0.048074,0
7832,90.929342,,1.380249,0.059323,0
7833,90.940952,,1.631752,0.066443,0
7834,90.952562,,1.095259,0.068962,0
7835,90.964172,,1.521703,0.069764,0
7836,90.975782,,2.541751,0.059727,0
7837,90.987392,,1.360130,0.061867,0
7838,90.999002,344.531250,3.945463,0.066931,1
7839,91.010612,,2.483924,0.072331,0
7840,91.022222,,2.292629,0.078093,0
7841,91.033832,,2.952666,0.076924,0
7842,91.045442,,2.717277,0.073084,0
7843,91.057052,,0.492457,0.070396,0
7844,91.068662,,2.168175,0.069210,0
7845,91.080272,,0.702846,0.067655,0
7846,91.091882,,0.677931,0.066416,0
7847,91.103492,,2.668947,0.063360,0
7848,91.115102,107.666016,3.701505,0.059655,1
7849,91.126712,107.666016,3.414657,0.060459,1
7850,91.138322,107.666016,3.731206,0.061601,1
7851,91.149932,107.666016,3.458063,0.064061,1
7852,91.161542,107.666016,3.189932,0.063909,1
7853,91.173152,107.666016,4.281620,0.062404,1
7854,91.184762,107.666016,3.176011,0.064088,1
7855,91.196372,,1.869083,0.060320,0
7856,91.207982,,1.784947,0.058768,0
7857,91.219592,107.666016,4.090091,0.058719,1
7858,91.231202,215.332031,6.021423,0.054093,1
7859,91.242812,215.332031,5.549326,0.053310,1
7860,91.254422,,0.856694,0.050711,0
7861,91.266032,,2.858903,0.049635,0
7862,91.277642,,1.409546,0.053137,0
7863,91.289252,,2.378521,0.057809,0
7864,91.300862,,1.798927,0.063444,0
7865,91.312472,,1.793347,0.067371,0
7866,91.324082,,1.595110,0.071861,0
7867,91.335692,,1.856557,0.073113,0
7868,91.347302,,2.134061,0.071138,0
7869,91.358912,,1.954118,0.066478,0
7870,91.370522,,2.769691,0.059463,0
7871,91.382132,,2.784555,0.056003,0
7872,91.393741,107.666016,4.009977,0.056016,1
7873,91.405351,,1.237673,0.057376,0
7874,91.416961,107.666016,3.506357,0.058220,1
7875,91.428571,107.666016,4.634321,0.059074,1
7876,91.440181,107.666016,5.696180,0.058487,1
7877,91.451791,107.666016,5.233290,0.057614,1
7878,91.463401,107.666016,4.761120,0.057679,1
7879,91.475011,107.666016,5.794890,0.056670,1
7880,91.486621,107.666016,5.609953,0.057747,1
7881,91.498231,107.666016,4.558371,0.058265,1
7882,91.509841,107.666016,3.985948,0.061020,1
7883,91.521451,107.666016,3.767269,0.062717,1
7884,91.533061,107.666016,3.768327,0.060174,1
7885,91.544671,107.666016,3.825426,0.062150,1
7886,91.556281,107.666016,3.838686,0.060593,1
7887,91.567891,107.666016,4.530552,0.058793,1
7888,91.579501,107.666016,5.079888,0.064681,1
7889,91.591111,107.666016,4.587080,0.064768,1
7890,91.602721,107.666016,4.430892,0.065521,1
7891,91.614331,107.666016,4.384182,0.068383,1
7892,91.625941,107.666016,3.813390,0.063550,1
7893,91.637551,107.666016,5.167267,0.062861,1
7894,91.649161,107.666016,3.577069,0.063158,1
7895,91.660771,107.666016,3.706046,0.063183,1
7896,91.672381,,2.742179,0.091958,0
7897,91.683991,,2.787237,0.119328,0
7898,91.695601,,1.124745,0.136714,0
7899,91.707211,882.861328,11.263532,0.143377,1
7900,91.718821,172.265625,5.282655,0.134308,1
7901,91.730431,107.666016,4.254599,0.112060,1
7902,91.742041,107.666016,4.152096,0.090395,1
7903,91.753651,129.199219,7.879935,0.082578,1
7904,91.765261,,1.160897,0.071551,0
7905,91.776871,,2.325239,0.070316,0
7906,91.788481,839.794922,3.715213,0.072099,1
7907,91.800091,,2.858762,0.066137,0
7908,91.811701,,2.147515,0.069919,0
7909,91.823311,107.666016,4.793676,0.070838,1
7910,91.834921,107.666016,3.200381,0.068012,1
7911,91.846531,,1.357098,0.065362,0
7912,91.858141,,1.363989,0.057058,0
7913,91.869751,,2.501181,0.049515,0
7914,91.881361,107.666016,4.553007,0.044596,1
7915,91.892971,107.666016,3.527440,0.044348,1
7916,91.904580,,2.889669,0.049294,0
7917,91.916190,107.666016,3.669117,0.051012,1
7918,91.927800,107.666016,5.599930,0.053787,1
7919,91.939410,107.666016,4.823083,0.056899,1
7920,91.951020,,1.143966,0.058371,0
7921,91.962630,,1.359501,0.057650,0
7922,91.974240,215.332031,6.577295,0.054669,1
7923,91.985850,,1.109283,0.050855,0
7924,91.997460,387.597656,3.661773,0.044926,1
7925,92.009070,,2.053591,0.045912,0
7926,92.020680,,2.835319,0.046929,0
7927,92.032290,,2.948550,0.046197,0
7928,92.043900,,2.606775,0.050113,0
7929,92.055510,,2.662649,0.050446,0
7930,92.067120,,2.858715,0.051223,0
7931,92.078730,,2.665496,0.057928,0
7932,92.090340,,2.536431,0.057429,0
7933,92.101950,,2.829927,0.056474,0
7934,92.113560,344.531250,9.308573,0.056512,1
7935,92.125170,344.531250,5.486418,0.053660,1
7936,92.136780,344.531250,8.016965,0.052283,1
7937,92.148390,344.531250,7.948250,0.054359,1
7938,92.160000,344.531250,9.469867,0.056619,1
7939,92.171610,344.531250,5.166875,0.054380,1
7940,92.183220,,2.884850,0.053881,0
7941,92.194830,107.666016,5.780558,0.059876,1
7942,92.206440,107.666016,3.997591,0.078320,1
7943,92.218050,107.666016,3.833198,0.098424,1
7944,92.229660,,1.706934,0.110088,0
7945,92.241270,,2.644624,0.109984,0
7946,92.252880,,2.347936,0.104764,0
7947,92.264490,215.332031,5.066073,0.093408,1
7948,92.276100,,2.384221,0.079350,0
7949,92.287710,215.332031,3.039102,0.075252,1
7950,92.299320,215.332031,4.988388,0.062233,1
7951,92.310930,,0.859037,0.054270,0
7952,92.322540,,1.149017,0.054296,0
7953,92.334150,,0.768388,0.055387,0
7954,92.345760,,0.966564,0.057009,0
7955,92.357370,,1.141067,0.053153,0
7956,92.368980,,1.607024,0.053606,0
7957,92.380590,,1.748982,0.050195,0
7958,92.392200,,1.649908,0.050546,0
7959,92.403810,,1.287994,0.051380,0
7960,92.415420,,1.658713,0.050068,0
7961,92.427029,,2.159390,0.049030,0
7962,92.438639,,2.534933,0.052705,0
7963,92.450249,,2.154363,0.058637,0
7964,92.461859,,2.347668,0.068755,0
7965,92.473469,,0.267540,0.072029,0
7966,92.485079,,0.556351,0.068832,0
7967,92.496689,,1.402117,0.067800,0
7968,92.508299,,2.425066,0.063267,0
7969,92.519909,,1.297810,0.063233,0
7970,92.531519,,1.000000,0.069673,0
7971,92.543129,,0.598142,0.071431,0
7972,92.554739,,0.965161,0.069172,0
7973,92.566349,,2.548652,0.071158,0
7974,92.577959,,1.319840,0.071399,0
7975,92.589569,129.199219,3.976487,0.074319,1
7976,92.601179,,2.429195,0.082322,0
7977,92.612789,,0.353301,0.083704,0
7978,92.624399,,0.321791,0.080040,0
7979,92.636009,,0.366816,0.080748,0
7980,92.647619,,0.777617,0.081226,0
7981,92.659229,,1.641369,0.081498,0
7982,92.670839,,0.314516,0.084080,0
7983,92.682449,,0.233305,0.082321,0
7984,92.694059,,0.536519,0.077282,0
7985,92.705669,,0.242716,0.081702,0
7986,92.717279,,0.451115,0.086175,0
7987,92.728889,,0.731940,0.105146,0
7988,92.740499,,0.464521,0.109032,0
7989,92.752109,,1.318917,0.116398,0
7990,92.763719,,0.419261,0.115583,0
7991,92.775329,,0.271276,0.101198,0
7992,92.786939,,0.400323,0.095601,0
7993,92.798549,,0.651255,0.082460,0
7994,92.810159,107.666016,3.133223,0.078174,1
7995,92.821769,129.199219,5.311256,0.073182,1
7996,92.833379,129.199219,5.136574,0.076222,1
7997,92.844989,,0.308004,0.075578,0
7998,92.856599,,0.435855,0.074532,0
7999,92.868209,,0.650356,0.071605,0
8000,92.879819,,0.350482,0.065144,0
8001,92.891429,,2.364105,0.061756,0
8002,92.903039,129.199219,3.159178,0.060311,1
8003,92.914649,,2.191730,0.065712,0
8004,92.926259,,2.148277,0.074837,0
8005,92.937868,,0.948142,0.079228,0
8006,92.949478,,0.722828,0.085139,0
8007,92.961088,,0.880848,0.082742,0
8008,92.972698,,1.805376,0.077243,0
8009,92.984308,,1.275819,0.073022,0
8010,92.995918,,0.985199,0.065934,0
8011,93.007528,193.798828,3.053708,0.064499,1
8012,93.019138,,2.331395,0.065866,0
8013,93.030748,,2.213113,0.068777,0
8014,93.042358,,1.078263,0.072639,0
8015,93.053968,,2.256737,0.077572,0
8016,93.065578,,1.387480,0.076834,0
8017,93.077188,193.798828,3.224130,0.078002,1
8018,93.088798,193.798828,5.604019,0.078015,1
8019,93.100408,,1.855327,0.075609,0
8020,93.112018,,1.154499,0.078379,0
8021,93.123628,,1.514031,0.079210,0
8022,93.135238,,1.934393,0.079710,0
8023,93.146848,,1.168666,0.085216,0
8024,93.158458,,0.545424,0.085668,0
8025,93.170068,,0.752007,0.085501,0
8026,93.181678,,1.257033,0.083235,0
8027,93.193288,,0.511802,0.076630,0
8028,93.204898,,1.844355,0.068518,0
8029,93.216508,,1.673991,0.062820,0
8030,93.228118,,2.164990,0.060171,0
8031,93.239728,,1.553895,0.071025,0
8032,93.251338,,0.302941,0.081085,0
8033,93.262948,,0.449857,0.083706,0
8034,93.274558,,2.084853,0.091109,0
8035,93.286168,861.328125,5.981193,0.095399,1
8036,93.297778,861.328125,8.797321,0.094379,1
8037,93.309388,,1.953217,0.103534,0
8038,93.320998,,2.000023,0.099362,0
8039,93.332608,861.328125,11.525120,0.087294,1
8040,93.344218,861.328125,5.679703,0.081301,1
8041,93.355828,861.328125,5.436873,0.069454,1
8042,93.367438,279.931641,9.043104,0.071896,1
8043,93.379048,882.861328,5.467177,0.075932,1
8044,93.390658,904.394531,9.817008,0.079114,1
8045,93.402268,882.861328,8.011948,0.078962,1
8046,93.413878,279.931641,10.320251,0.076299,1
8047,93.425488,279.931641,11.631704,0.072086,1
8048,93.437098,279.931641,8.508828,0.073519,1
8049,93.448707,279.931641,9.607534,0.075857,1
8050,93.460317,882.861328,10.451802,0.077089,1
8051,93.471927,882.861328,14.748099,0.085246,1
8052,93.483537,882.861328,15.013695,0.092470,1
8053,93.495147,904.394531,15.474261,0.090143,1
8054,93.506757,882.861328,13.849512,0.092944,1
8055,93.518367,882.861328,9.941618,0.086680,1
8056,93.529977,882.861328,9.260229,0.073762,1
8057,93.541587,861.328125,8.676370,0.070594,1
8058,93.553197,279.931641,6.793261,0.060777,1
8059,93.564807,172.265625,10.032011,0.055615,1
8060,93.576417,172.265625,7.136343,0.055954,1
8061,93.588027,861.328125,7.603228,0.055242,1
8062,93.599637,861.328125,8.655488,0.062977,1
8063,93.611247,,0.788246,0.068802,0
8064,93.622857,882.861328,16.340524,0.070320,1
8065,93.634467,882.861328,14.610395,0.071313,1
8066,93.646077,882.861328,10.273439,0.066884,1
8067,93.657687,882.861328,12.151623,0.073328,1
8068,93.669297,882.861328,19.433531,0.079156,1
8069,93.680907,882.861328,23.064109,0.085961,1
8070,93.692517,882.861328,23.211588,0.085416,1
8071,93.704127,882.861328,11.080504,0.072284,1
8072,93.715737,,0.782523,0.062735,0
8073,93.727347,,1.067137,0.054012,0
8074,93.738957,430.664062,4.596069,0.069924,1
8075,93.750567,430.664062,6.806899,0.078841,1
8076,93.762177,,1.777733,0.090773,0
8077,93.773787,,1.123475,0.109789,0
8078,93.785397,861.328125,5.155051,0.113555,1
8079,93.797007,,1.962772,0.121359,0
8080,93.808617,,2.726714,0.119825,0
8081,93.820227,279.931641,3.361951,0.113589,1
